CRIM,ZN,INDUS,NOX,RM,AGE,DIS,TAX,PTRATIO,B,LSTAT,MEDV,CHAS,RAD
1.6986812,0.013257918,27.723164,0.6616349,3.9644496,99.64046,1.1332763,619.49896,19.108078,7.230299,12.198203,5.8263736,0,24
2.5252879,0.36939758,2.8221684,0.8705773,5.8314805,99.64543,12.044047,710.997,21.990091,0.98367995,37.746628,5.3170967,0,24
2.23077,26.71642,1.1515447,0.40242398,4.904,77.94489,4.6781855,201.93423,17.054008,390.79428,3.08937,28.192137,0,5
0.5986333,0.45827785,3.191315,0.5339895,4.2804165,95.27594,4.5867934,673.0426,21.576838,229.24971,8.49451,6.7287836,0,24
0.5694589,1.9669255,3.285277,0.66608095,4.8679924,94.19114,11.216088,706.029,21.887497,191.50891,6.120024,14.069933,0,24
0.6013917,0.30290905,0.6939743,0.8504011,6.45774,99.67797,11.9779415,710.8675,21.973038,14.701861,35.027428,5.1554036,0,24
51.810905,36.240253,13.297548,0.42394873,6.2038417,43.785957,1.2180634,188.31686,12.702077,373.11584,4.0395765,29.785223,1,8
12.422345,8.691607,27.27299,0.3906744,4.6235127,18.817322,1.1505708,190.82939,13.195641,364.17633,2.3560667,19.990665,1,8
88.97488,99.99925,27.712444,0.38599423,8.686083,2.9030612,1.4017905,187.00352,12.600805,373.7437,4.293492,49.985435,1,1
0.25195414,0.06177124,15.550307,0.8309822,3.9461048,99.79155,2.6442854,709.61456,21.914057,3.4967263,22.750103,5.2598376,0,24
32.329556,84.41317,9.695011,0.39208513,7.322606,14.10685,2.0433784,189.81783,13.3878565,392.4599,3.3052807,45.037792,1,5
0.7507989,0.97259355,0.5363978,0.53088194,4.3166056,92.30989,7.542514,645.8392,21.480232,296.6727,8.894601,5.860181,0,24
1.4832493,0.29850447,1.6720368,0.87014246,4.074309,99.86092,11.790234,710.97943,21.991463,3.056019,37.04593,5.262929,0,24
8.63261,63.161285,21.785305,0.3912738,5.3352237,11.787378,4.672116,207.77708,14.566665,387.86554,3.1807184,47.120872,0,4
88.97102,99.99653,27.045715,0.385862,8.595461,2.9044015,1.2534422,187.00276,12.600424,380.79047,4.394874,49.82238,1,1
0.80058724,0.31195074,2.287414,0.8512814,4.055067,99.28482,7.7551355,702.589,21.78899,24.53905,33.81046,5.4585047,0,24
0.48421565,0.34330264,5.1271157,0.8024644,3.738808,99.24887,7.897918,692.8714,21.478212,127.31723,12.117238,11.719241,0,24
88.97619,99.999985,27.722155,0.38544106,8.740497,2.9002614,1.3683225,187.00005,12.600008,385.86118,5.5309772,49.9982,1,1
42.855846,93.34105,22.007427,0.39345953,5.4452786,3.83689,2.81256,188.34569,12.773384,390.4614,2.400307,45.78832,1,5
0.54914105,0.53364635,2.2831814,0.8250978,4.698771,99.42175,11.621295,710.88025,21.98183,23.984386,34.99591,5.8699894,0,24
3.502003,0.6429282,0.6963644,0.8709633,5.9929233,99.9729,12.1117325,710.9987,21.997599,0.6830652,37.947357,5.176515,0,24
88.67021,99.5626,27.109146,0.38948604,7.8648844,3.0709305,1.3902943,187.10315,12.60723,359.87775,4.3626213,48.68215,1,7
0.34052476,7.6374545,8.737835,0.4166854,4.7366934,78.834564,7.005158,458.3585,20.300028,376.47015,2.2393565,39.09248,0,4
0.1903828,1.2392466,11.142542,0.46531123,3.8971078,93.09228,3.7296245,390.94373,20.916508,345.92044,2.729532,11.290894,0,24
1.339579,0.280894,26.773394,0.4681768,3.7494419,91.5923,1.3888388,543.0525,18.633417,183.44667,3.7077513,16.709553,0,24
0.078218736,0.1481438,25.290182,0.4775029,3.9690754,98.54233,1.6517233,531.14453,21.635466,289.31296,3.724869,7.169731,0,24
6.5433803,23.162119,25.99292,0.39356196,4.752428,13.662331,1.2301481,189.43713,13.488452,387.42496,3.2014897,29.871998,0,5
29.870514,46.5912,17.04367,0.39052305,6.016553,13.374396,1.1643747,187.31569,12.769122,379.36276,2.8806071,31.865526,1,5
4.5782957,0.47600064,0.8473527,0.87089205,5.0606585,99.93974,12.0567,710.99506,21.995123,1.3037182,37.88838,5.234193,0,24
7.629245,0.72792923,0.5407482,0.8709416,7.299948,99.9087,12.11495,710.99976,21.999489,0.44874033,37.96798,5.0863214,0,24
88.97573,99.9971,27.688038,0.38687858,8.163672,2.9042614,1.1978229,187.00087,12.600336,358.72275,5.021497,49.93175,1,2
21.244823,90.674614,6.2042546,0.3958464,5.873951,10.531302,2.3022192,187.961,12.839051,393.4125,2.913254,41.880028,1,5
0.821778,0.30398896,1.6823524,0.8681558,4.0217505,99.56654,10.263683,710.84344,21.931984,3.680988,35.7569,5.5215964,0,24
88.9762,100.0,27.74,0.38509595,8.779956,2.9,1.934479,187.0,12.6,299.04956,15.28887,50.0,1,1
74.255486,96.38413,12.475717,0.39199448,6.9972887,3.520301,2.4803452,187.62714,12.755267,390.31223,3.6189668,47.82159,1,5
85.34996,99.55536,25.636131,0.3871928,7.47538,3.0183647,1.3447334,187.08353,12.6258955,391.13644,3.527966,48.491417,1,5
51.769707,86.85783,9.685309,0.39056566,6.109212,4.6079006,1.6152239,187.23523,12.661237,392.91406,3.4484334,38.788998,1,5
0.45731443,1.7305496,1.7276005,0.64625657,5.0957494,97.22673,11.964019,708.74915,21.924004,199.2192,21.24777,8.645192,0,24
3.318688,0.31828845,0.6075084,0.87095386,6.219507,99.94266,12.112363,710.9995,21.998655,0.581195,37.929714,5.107019,0,24
0.7127024,1.995339,0.6168048,0.729781,4.3922496,99.19792,10.023083,594.5559,21.556759,301.75046,12.911219,6.8107576,0,24
0.21794075,0.35184446,1.4233227,0.749742,3.936142,99.47373,6.8698378,676.4396,21.742737,171.84956,26.097944,5.8844075,0,24
3.998502,18.063725,0.9621613,0.3957908,6.1672935,35.878124,2.1036224,190.06079,13.8776455,394.15854,4.2479544,12.3268585,0,5
46.912354,97.56344,14.24672,0.3877858,7.015031,6.0273848,1.8658248,187.2629,13.029314,395.02216,2.2426214,49.560062,1,5
1.5649943,0.04073422,17.427189,0.87068236,3.913919,99.92766,6.18566,710.95917,21.961111,0.4593868,37.37589,5.270618,0,24
88.965775,99.99852,27.122183,0.3859888,8.524593,2.91288,1.323185,187.0012,12.60102,394.85513,4.4093885,49.951824,1,5
88.97575,99.99985,27.686499,0.3861328,8.648887,2.9016883,1.6123838,187.0002,12.600075,383.68073,7.2044673,49.992973,1,7
84.96668,99.8565,23.931145,0.38904962,7.7705455,3.1682975,2.00259,187.02306,12.624788,391.82605,3.920807,49.742546,1,5
83.0529,98.84653,27.104816,0.39133412,6.312006,4.699803,1.3661829,187.12944,12.667874,391.15115,3.32939,49.028717,1,5
0.4934399,0.9974135,1.0928607,0.8655742,3.7233841,99.27195,11.034815,699.5038,21.666924,77.749,20.48374,9.076377,0,24
1.1477723,0.3506215,26.180832,0.46860367,4.2572126,89.03604,1.3203868,623.12665,19.869453,67.03291,5.3364897,8.526499,0,24
0.29599348,0.27717996,4.4369326,0.6249768,5.087481,96.25051,7.468847,703.5919,21.528614,67.63032,25.501663,5.483507,0,24
0.21863648,0.61724627,16.449335,0.40148,3.8175805,70.35878,1.5048007,330.71677,18.899723,373.47015,2.4286785,13.593333,0,24
2.4116478,1.4824927,1.8533214,0.86971796,6.992407,99.79515,12.112575,710.9924,21.994621,3.9938142,36.910866,7.8952856,0,24
1.6299099,3.7367458,5.7053156,0.4881865,4.4444814,75.76953,2.1460104,232.74548,14.410725,339.26233,3.1870909,26.738438,0,5
8.418418,31.8622,14.922984,0.40239668,4.735236,26.016554,1.7359185,192.0719,13.951124,381.61404,4.673305,34.963726,0,4
0.94879746,0.25850096,3.6597369,0.8498565,4.2870593,99.80834,10.534729,710.96893,21.992573,3.9302037,35.738884,5.554013,0,24
0.34877187,0.580248,6.554999,0.39574826,3.8592157,87.54731,1.4993807,219.328,17.494213,376.17026,3.923032,8.922474,0,24
3.0746493,2.1019983,1.127163,0.87066156,7.7072854,99.73692,12.120784,710.9996,21.996944,1.4932458,37.871506,5.5725026,0,24
2.940406,23.227943,12.818262,0.40481672,4.291575,13.173027,2.3537471,191.22083,13.576635,388.43988,2.1787727,42.876328,0,5
88.975624,99.99993,27.720406,0.38594773,8.638115,2.9007635,1.6691179,187.00026,12.600143,388.19757,6.1238556,49.990856,1,7
0.42695913,0.35175282,2.3033924,0.6751493,4.0399666,98.80505,8.44677,696.68384,21.782528,89.52294,21.915781,5.9706206,0,24
88.92479,99.99495,23.755793,0.388212,8.52326,2.9617848,2.4717333,187.00424,12.6047125,393.9843,5.1547008,49.927505,1,5
0.84349394,0.14936756,5.3320513,0.86696607,6.3084593,99.8395,11.8308115,710.9901,21.983536,3.039813,37.370327,5.1657596,0,24
81.09215,68.78819,19.238472,0.39073262,5.757953,18.574406,1.2115314,188.4749,12.655935,360.86746,3.4891868,33.230045,1,8
0.5824028,0.51639134,17.435184,0.41182184,3.9523587,96.85886,1.6585294,620.2887,20.73985,311.21518,4.260308,7.289932,0,24
88.9762,100.0,27.736195,0.38651767,8.76694,2.9000304,2.4858377,187.00009,12.60001,374.13507,4.3214397,49.999813,1,1
19.19083,62.597095,13.967651,0.38880557,6.74731,13.875037,1.4205368,189.01344,13.498241,386.91537,3.1342962,38.722065,1,5
17.062683,0.19210249,1.218023,0.871,7.7912545,99.997406,12.125468,711.0,21.999914,0.3202957,37.96996,5.0335455,0,24
1.1200174,9.831505,1.7281388,0.50191456,4.7145348,49.72287,5.3751965,296.83643,16.319214,356.48807,3.3337188,15.31292,0,5
0.72996664,0.43177637,2.9332268,0.8353279,4.649804,98.42848,10.733738,708.7528,21.803833,27.222528,32.028084,5.8870697,0,24
8.058832,1.1457245,0.6806199,0.87099826,6.446448,99.98502,12.123795,710.9999,21.999418,0.47370872,37.962082,5.1927342,0,24
0.09818084,0.024662312,27.357689,0.74683195,3.7317307,99.784325,1.6054912,707.33386,21.83208,19.932058,21.177427,5.8872633,0,24
0.71933764,6.639633,8.417809,0.39917067,4.5491405,79.65396,4.0948844,237.02809,17.617073,392.0133,2.133364,26.625359,0,4
0.6761585,7.188127,3.4161177,0.4449145,4.8574963,62.17131,5.0481315,318.73984,19.885807,380.73468,3.5079198,13.713163,0,5
0.8126196,3.1573598,0.71677,0.8454889,5.4247203,99.42595,11.945674,708.58575,21.975655,193.78542,29.127405,9.684445,0,24
0.6830453,0.9650764,0.9020643,0.8481941,4.394155,99.54194,11.978812,709.5352,21.947401,136.11371,20.172747,5.9001727,0,24
88.976135,99.99977,27.738441,0.386153,8.7103,2.9011922,1.1658608,187.00122,12.60013,361.29553,4.1779065,49.995796,1,2
0.11415833,0.84564507,4.766682,0.44213563,4.2604485,92.70119,7.583446,574.7441,21.413889,359.83545,3.7080917,6.656495,0,24
0.43079573,0.77964437,1.6787388,0.73623013,4.56736,99.16534,11.552733,706.8402,21.925735,119.49065,13.730636,5.8710523,0,24
0.25547716,0.14821352,5.6937566,0.7110622,4.3256783,99.315315,6.472146,708.79724,21.885977,42.28312,14.139484,5.525764,0,24
0.46134612,0.20424847,25.003897,0.44131106,4.0464253,87.91153,1.4086853,492.41293,19.798803,221.2582,3.081971,11.9297905,0,24
0.6076753,1.3566577,0.82242846,0.7504785,4.5175467,98.14801,11.446917,690.6749,21.891464,293.2511,19.738401,7.440511,0,24
88.83305,99.9982,26.856575,0.38971546,8.183953,2.9375732,2.6147325,187.00627,12.605228,393.6868,3.1368315,49.976025,1,5
0.68764204,1.9496775,0.5970811,0.87018704,4.337934,99.440765,11.91467,707.44135,21.876791,126.91299,29.327677,5.9831214,0,24
0.817414,4.9784703,0.5375539,0.86651725,5.6206717,99.197,12.122997,710.86865,21.99254,227.66716,27.09099,10.365021,0,24
6.569037,3.5465994,0.46473697,0.87094307,8.530776,99.92728,12.126274,710.99945,21.999735,4.001509,37.963722,5.146564,0,24
0.22375955,2.069007,6.064134,0.41218075,4.7402797,89.61979,9.888306,593.44916,21.696264,356.7993,3.991491,14.694641,0,24
1.1500866,2.7861998,9.073212,0.40585235,4.1228704,76.24193,2.86833,298.86813,18.2534,385.0952,2.402458,19.077358,0,5
0.22802228,0.33360207,16.232838,0.3933583,3.7582083,96.70797,1.2634076,348.40973,19.699112,311.5434,2.9309292,7.227967,0,24
4.5885057,15.002974,18.50287,0.39200395,4.685503,27.628685,1.4184207,208.8856,14.913151,377.74207,2.8944802,38.737206,1,5
0.8801167,0.14444792,1.8323908,0.8600513,4.9810467,99.66193,10.069549,710.94324,21.975157,7.210234,37.68459,5.1395016,0,24
25.895609,0.7121702,0.58419985,0.87099993,7.730764,99.99711,12.126239,711.0,21.99995,0.3224337,37.969944,5.040671,0,24
88.9762,100.0,27.73497,0.38531503,8.774265,2.900019,1.1383735,187.0,12.6,363.7658,8.432104,49.998535,1,1
0.19221547,0.58863485,1.1567256,0.42117482,4.789277,91.80341,3.8735456,613.84,21.045557,189.77164,4.87133,6.303635,0,24
0.51620364,16.455082,6.029912,0.6058834,4.062224,70.72951,11.047951,489.3688,20.865292,381.76785,2.9147475,34.631607,0,4
0.37926707,10.634108,13.452033,0.5838431,4.2199035,96.031364,11.974547,679.1235,21.839836,352.2481,2.5783088,44.759266,0,24
0.62129086,11.030975,1.9419401,0.41493574,4.3242626,60.34134,3.269417,201.26834,16.251175,389.7254,2.7759562,20.406687,0,5
0.8076689,3.5773358,0.68529326,0.7847312,4.670252,97.453,11.76709,701.16174,21.90774,300.95364,14.289408,8.332284,0,24
88.97197,99.99133,27.726917,0.3875013,8.6314,2.9435291,1.1494303,187.00046,12.600346,384.07434,5.1867847,49.95899,1,8
1.137675,3.826291,1.0736777,0.8359033,4.664277,96.189705,11.957097,706.9846,21.73857,128.04474,21.249846,7.2704825,0,24
0.79151,0.08479664,17.85735,0.84190434,4.5313673,99.86458,6.6367755,710.97864,21.970364,1.401816,32.98627,5.5937033,0,24
1.668035,8.342945,2.0799544,0.40752468,4.3222523,40.27871,4.885455,231.6213,17.418741,390.38956,3.1858802,26.88622,0,5
0.920861,0.09304012,13.818348,0.8673793,3.9280639,99.89369,9.6577,710.821,21.959522,2.2136137,36.402473,5.558963,0,24
1.7192403,0.06690826,5.1885433,0.87092227,4.6037526,99.94982,11.707505,710.9997,21.993969,0.33909494,37.914925,5.1348214,0,24
1.8423615,6.302019,6.751214,0.42216066,4.295612,42.9873,4.209046,236.54237,14.964683,357.61578,2.0936127,35.0049,0,5
0.68387944,0.07484437,20.20582,0.8277745,4.544806,99.82664,6.232419,710.96014,21.932753,1.4973679,35.99632,6.2403994,0,24
2.5190163,0.45133564,0.62213796,0.8705256,6.7714114,99.98275,12.115297,710.99854,21.999327,2.925784,37.94826,5.0804253,0,24
34.420795,0.025093162,1.7231263,0.871,8.386899,99.99978,12.122309,711.0,21.999983,0.32000118,37.97,5.00372,0,24
0.44184023,1.8027432,6.1398506,0.42279446,4.7879605,78.652756,4.703238,579.1514,21.25411,357.0136,4.6323576,10.841776,0,24
12.068641,89.57824,11.139866,0.40879944,4.9842644,12.278162,6.877547,208.61172,15.1030035,389.51544,2.297324,47.27569,0,5
0.47671545,0.9182377,19.281357,0.540682,3.9218135,95.634224,5.3701887,687.5509,21.565575,158.3468,3.5461183,28.331715,0,24
0.907833,0.5194452,14.694544,0.43171024,4.7784834,98.67865,1.341491,407.16876,19.21134,161.16591,4.707013,8.470188,0,24
0.6237331,0.74093235,13.796255,0.7821726,3.8337762,94.16067,4.6571283,691.6457,21.02089,135.67279,5.88131,9.985548,0,24
0.60970086,1.0288419,1.04386,0.83862317,3.9090598,99.00666,10.740565,709.2734,21.953777,92.10941,14.903311,6.8690634,0,24
14.24754,0.5544874,0.5013606,0.87099975,8.267588,99.996956,12.126258,711.0,21.99992,0.32464463,37.96998,5.017332,0,24
88.9762,100.0,27.72981,0.386397,8.757236,2.9001324,3.313367,187.00003,12.600008,389.36154,5.0615544,49.999905,1,1
0.32089436,1.3746691,2.6401813,0.4338313,3.9915106,86.53147,7.5940285,617.3629,21.08114,337.02933,2.5876842,16.008242,0,24
0.7040988,0.3759023,1.1188883,0.85934114,4.166979,99.37526,11.213889,710.1923,21.947788,13.559529,27.073816,5.923931,0,24
0.24350372,0.10487001,22.973965,0.4435879,4.044308,99.28835,1.262795,409.91428,20.12254,204.04605,2.4060743,7.391255,0,24
6.079286,0.059339676,5.6557817,0.87099993,6.1160965,99.991745,12.098915,711.0,21.999092,0.3207764,37.96986,5.0667076,0,24
0.26299247,1.3602217,0.8849031,0.61693394,5.4362764,94.880455,10.80494,680.0985,21.791777,256.61176,7.591313,7.7207475,0,24
1.4144706,0.3850397,3.735617,0.86860573,4.595805,99.775696,11.660735,710.95355,21.978273,4.136902,36.964214,5.3021684,0,24
8.910623,0.71854323,0.53146404,0.870999,6.6239786,99.98563,12.123851,710.99994,21.999615,0.37069178,37.968838,5.119748,0,24
0.29169887,0.21507876,24.34312,0.68788683,4.0098777,99.716774,5.0070596,709.63336,21.93158,47.66129,20.728405,19.984457,0,24
0.115388915,0.18973273,12.31991,0.44650277,3.8807385,97.52849,2.1834505,662.008,21.622086,207.97179,3.2516372,6.0690813,0,24
1.9456942,1.4821571,2.09189,0.86941624,5.1936193,99.71295,12.071637,710.8889,21.96946,8.268685,35.9857,7.108868,0,24
0.2185768,0.9604417,2.7002685,0.62688136,4.110965,95.18477,10.779043,702.8855,21.79288,304.44608,5.5002546,10.236919,0,24
2.1812034,0.020567335,10.745561,0.87082905,4.445099,99.945114,5.980925,710.99854,21.970966,0.33870712,37.93139,5.0379715,0,24
0.22323002,1.539311,9.699996,0.4446104,4.179603,89.47076,5.8453155,403.79697,19.155113,375.37173,4.049238,15.258947,0,24
0.742011,8.397337,9.259837,0.42625925,4.3020215,37.812977,2.8351824,292.60953,18.542465,375.72144,2.2094016,36.789173,0,5
0.20816049,0.023447426,25.505852,0.83148336,3.7393641,99.65135,1.298363,707.4334,21.367989,6.349486,16.020016,5.8475347,0,24
5.5047708,70.22707,13.341549,0.39973387,4.516189,17.14317,4.596093,206.65051,13.699753,391.26575,2.5176718,45.348804,0,5
0.6468539,0.50158215,1.4617252,0.8414373,3.830999,99.70917,11.024706,709.6658,21.967573,88.08885,27.897842,5.634645,0,24
0.91202885,0.02631234,9.72337,0.8699498,3.6753416,99.98237,3.7788308,710.9668,21.933792,0.6085085,37.36302,5.2194514,0,24
2.565817,6.8617516,1.9779189,0.39277586,5.3563704,80.51273,3.145874,209.41553,17.340754,384.02765,3.133576,8.222045,0,5
0.8277529,1.3584124,0.9112057,0.8674324,5.0192986,99.46156,12.08869,710.82935,21.96997,48.130795,33.18182,7.383464,0,24
88.97533,99.999985,27.610577,0.38712633,8.669894,2.9006248,4.4112425,187.00407,12.600238,387.21298,3.5703042,49.999416,1,5
49.68813,21.520046,25.22422,0.39027414,5.2440677,17.802103,1.1907064,188.18459,12.8078985,345.3965,2.9195342,37.669052,1,8
0.18644327,0.27816018,2.5123453,0.40238076,4.599711,65.26623,1.2160357,235.24907,17.054644,367.75565,6.388274,6.21254,0,24
66.31556,94.376686,25.10304,0.39161,6.098382,4.8919625,3.2171242,187.78546,12.6738205,387.41885,3.0035918,48.712063,1,2
0.5836391,0.05739327,27.678097,0.53995836,3.7377474,99.68819,1.1997406,692.2442,20.213623,14.028239,6.327017,9.417579,0,24
0.92978185,0.14764997,26.957006,0.39342245,4.1246533,92.961494,1.1514424,243.54218,16.377039,231.09593,3.0382955,9.119052,0,24
0.47238436,0.45827088,15.944105,0.58162534,3.926058,93.04247,3.8055127,675.85626,21.460022,137.02817,5.252033,7.3225756,0,24
2.3109818,5.5407114,13.849644,0.39059702,4.4930043,74.56319,1.4600427,194.34679,15.993335,387.743,2.9351797,13.80696,0,5
1.1159146,11.163108,0.6674298,0.85028243,6.5370145,99.29842,12.124864,710.9227,21.994566,223.25108,21.160112,18.139008,0,24
1.2877226,1.1672485,8.690754,0.4251012,4.3839574,80.73346,1.5937161,275.45737,17.93506,330.21567,3.1587737,27.80681,0,5
0.827074,0.7725838,4.739934,0.865798,4.2482862,99.89839,11.855597,710.859,21.968714,31.179169,27.516054,6.8417215,0,24
6.449386,10.886883,15.030113,0.39925295,4.8102536,31.995584,1.3312576,192.58963,13.20678,370.69928,3.217089,19.346334,0,5
87.852425,99.923195,25.073387,0.39165193,8.138568,2.9203453,4.1857543,187.39226,12.622556,380.69107,3.584215,49.890694,1,5
5.1984463,9.354689,0.47005507,0.87092626,8.489349,99.901665,12.126491,710.9998,21.99989,6.1621714,37.956635,6.22885,0,24
88.97596,99.99895,27.734913,0.3857588,8.726308,2.9015265,1.1936334,187.0008,12.600203,354.78043,4.7514973,49.961967,1,2
0.8300316,0.13901493,21.528528,0.86605185,4.459487,99.65921,9.292535,710.98926,21.964277,0.80335414,37.59507,5.629775,0,24
0.15059075,1.8648865,2.0409274,0.40107185,4.162009,88.074005,7.5231123,492.66107,21.543064,377.69806,2.5564723,10.061017,0,24
70.490875,98.99771,10.440922,0.38970485,6.65716,3.393714,2.2331855,187.12779,12.659584,393.02716,3.6039093,48.40217,1,5
4.1191874,0.6780102,0.5692633,0.8709775,6.449677,99.96139,12.121541,710.997,21.997742,1.0743452,37.96422,5.5440326,0,24
0.84195507,4.8801622,0.5685993,0.7855468,5.3924146,98.81849,12.109819,707.34326,21.913555,357.67657,14.117529,8.039394,0,24
20.235453,40.319775,6.086678,0.39694887,5.3112373,24.942709,1.622677,188.49197,14.910221,390.6146,3.245876,39.637398,0,5
0.66332877,0.07676208,4.95952,0.863514,5.1915407,99.47559,10.624096,710.92505,21.962744,2.963571,35.509735,5.168509,0,24
0.46308845,0.17680192,8.927754,0.8405903,4.0337057,99.703125,5.474318,708.3051,21.821815,10.335865,23.119164,5.4446425,0,24
20.774555,94.5548,14.930454,0.39163718,5.154962,11.152368,4.981873,187.92044,12.902177,395.0881,2.4134698,48.924698,1,5
0.7212782,0.16961989,24.757277,0.47090524,4.1571407,98.803116,1.4271691,672.7673,21.50082,22.242414,23.388153,6.9367385,0,24
2.3868804,0.1872078,6.8973775,0.87098485,6.3393087,99.978546,12.107329,710.99994,21.998888,0.34962198,37.965843,5.140022,0,24
4.517037,1.7901402,0.5192266,0.8709233,7.7524004,99.91793,12.123261,710.9989,21.999386,1.9817966,37.96079,5.53549,0,24
1.5055897,0.8662598,0.65259314,0.86948776,5.8007026,99.80483,12.089836,710.9938,21.994736,4.1636515,37.26157,5.2041564,0,24
1.3394018,0.32271147,2.689848,0.8582879,5.8710155,99.523026,11.291333,710.9548,21.981585,4.2008204,36.56514,5.3725395,0,24
0.70812017,21.317198,1.065381,0.40586692,5.2690954,55.044228,6.4426217,206.10803,17.693792,394.88406,2.2193558,23.154966,0,5
0.9205732,1.0699253,2.0466948,0.49336597,4.2069225,82.38988,3.3722706,566.2784,20.667017,354.4318,3.628576,12.443687,0,24
1.3372103,27.62416,2.9773114,0.40061772,4.4497237,54.179264,4.197349,202.3123,15.13214,392.41177,2.2093246,32.909435,0,5
80.812546,25.313068,27.280085,0.38691324,7.1418943,19.016085,1.1319577,187.28322,12.69752,343.1317,3.0237849,39.829704,1,8
0.6283437,0.65971076,20.437708,0.407382,4.0314927,85.324394,1.2885877,276.08136,16.96289,278.42474,5.3010025,8.659697,0,24
0.23439313,0.24054778,14.269873,0.49036783,3.8668275,98.80531,3.6114175,672.38336,21.827864,272.6346,4.02602,9.860816,0,24
0.4061514,5.124875,1.2248073,0.49806622,4.2948604,78.48775,10.6974,377.21857,21.055044,386.10425,3.3951375,21.358713,0,24
1.0537337,0.116814196,0.7440078,0.8707015,4.9278646,99.9798,11.083038,710.9771,21.986408,0.8873335,37.935226,5.073353,0,24
0.18963929,0.17127,18.738228,0.658933,3.7843566,95.32496,1.7825854,620.51245,18.99153,90.52276,4.1945124,8.770474,0,24
0.53969747,0.3718227,14.257909,0.544862,4.3813443,98.438354,4.439043,707.6617,21.785982,81.056595,12.778845,7.2454977,0,24
0.7162764,0.6880883,0.56830895,0.8703532,5.5189853,99.79966,12.071037,710.93243,21.98583,9.666969,37.327072,5.132954,0,24
88.9762,100.0,27.73973,0.38529453,8.774998,2.900004,1.2419407,187.0,12.600001,350.01468,5.289258,49.999905,1,1
49.57498,90.6069,24.171137,0.38727713,6.7388716,4.4069705,1.4174587,187.3401,12.861235,389.29465,2.8435485,46.724743,1,5
88.97461,99.99845,27.125061,0.38596213,8.709649,2.9014847,1.2036622,187.0026,12.600398,365.96634,5.4872093,49.95772,1,1
4.605313,5.6167574,23.749702,0.38882527,4.5424767,34.51927,1.2335066,196.54845,14.336769,375.10837,3.2203627,18.42479,0,4
0.5209112,1.0187125,3.2736895,0.51083106,4.4940524,94.995674,9.26501,693.3251,21.86873,316.7592,10.574717,6.787352,0,24
0.39548385,0.6904096,0.6422103,0.75748223,6.482302,99.89385,12.029153,710.74066,21.99384,69.71413,34.681377,5.2408996,0,24
88.86721,99.99616,15.591719,0.39481577,8.206313,2.9074905,3.410366,187.01277,12.6058445,392.13693,4.6575675,49.904995,1,5
0.82269734,0.32662287,7.2436757,0.8521212,4.3847103,99.62363,10.476793,710.82135,21.972593,7.0509906,32.1952,6.1761546,0,24
0.72423047,0.33639178,17.36607,0.8069826,3.9617677,99.4689,2.363033,707.0822,21.809328,14.10001,8.880587,6.7451577,0,24
0.33088616,0.32220003,19.00962,0.6454273,3.7230012,94.40692,4.5385933,703.8382,21.640312,92.8831,6.4472203,7.6710396,0,24
8.200421,0.7750512,0.7223963,0.8709932,7.5416474,99.96149,12.1204195,710.9997,21.998867,0.402871,37.968002,5.103948,0,24
3.114588,0.41220087,0.66599137,0.8709768,6.2904644,99.978004,12.116355,710.9993,21.998253,0.5873577,37.96023,5.240448,0,24
65.14079,86.17027,27.555534,0.39528918,6.545322,7.4450636,1.3389028,189.19147,12.754359,301.38623,3.1056876,48.66763,1,8
0.25405982,2.074672,1.7645352,0.50312096,3.7416337,94.16618,3.9199693,300.79028,21.142271,364.08765,3.153851,13.9500475,0,24
11.081245,1.1336696,0.48203924,0.87099487,8.109385,99.96328,12.126104,711.0,21.999826,0.39308307,37.96966,5.0726604,0,24
0.4938358,0.086915866,25.285633,0.72739947,3.6918046,98.61035,1.2728654,666.16174,21.20082,20.071634,7.329531,7.8856487,0,24
1.4610584,0.13440472,4.6485453,0.87074304,4.277153,99.83025,8.722136,710.97217,21.951452,0.5058034,36.13631,5.3339615,0,24
1.0470011,1.029512,2.1495717,0.7916697,4.299209,96.49397,9.441922,704.5716,21.791422,187.92839,19.671505,7.1498914,0,24
2.438345,18.86752,1.4774173,0.4019612,5.233873,42.450607,4.5534782,223.00943,16.595915,389.10464,6.4089127,21.065111,0,5
84.83707,95.18007,26.810263,0.38837352,7.2151446,3.750637,1.2811903,187.21292,12.664885,370.67728,4.44373,45.952415,1,8
0.42076084,0.07840258,27.353266,0.8518222,3.6887608,99.7982,1.4794638,700.9175,21.418127,6.7819414,17.959732,7.3922043,0,24
0.42101154,0.25234264,26.815006,0.41485423,3.6970882,94.2997,1.3570039,506.39667,19.201996,170.96532,2.6443264,15.567284,0,24
88.9762,100.0,27.721327,0.38526827,8.773792,2.9000003,1.2103732,187.0,12.600001,377.6282,9.230663,49.99938,1,1
0.7765823,0.1411395,24.09836,0.5741908,3.7384431,96.39875,1.3343543,376.17694,18.621904,106.642944,6.4918957,7.019487,0,24
88.65641,99.92728,27.511242,0.3885072,8.282604,3.0259092,1.5892256,187.00807,12.606027,393.57962,2.9325926,49.853237,1,5
1.1750365,27.167372,0.94448644,0.4743252,4.8085365,61.748516,11.696125,458.31937,20.64539,384.85352,2.6004226,41.13954,0,5
1.7070361,9.469171,0.49706203,0.8708675,7.508445,99.9031,12.126315,710.99744,21.999687,5.649816,37.95717,6.6433287,0,24
52.29893,87.98877,17.218437,0.39652053,6.311229,3.992028,2.2495942,187.88872,12.749763,390.7164,2.9406471,44.58554,1,5
1.0651387,0.3979336,2.410697,0.85994124,4.4584937,99.15966,10.792792,710.49054,21.921291,22.334394,32.502968,5.7928762,0,24
49.66711,78.78354,17.850756,0.38880762,5.994431,14.643892,1.2754872,187.26631,12.836159,389.70233,2.8512735,47.29016,1,5
2.5009942,0.120363906,6.553901,0.8709201,4.472666,99.88273,11.661061,710.99725,21.990541,0.42268413,37.89987,5.153301,0,24
0.5852561,0.15245055,12.892126,0.8480462,3.9352849,99.10861,2.5886974,700.95245,21.678226,12.790334,21.010925,6.196779,0,24
0.36039433,0.23416625,10.638388,0.73101604,4.0902944,98.287415,4.3877134,691.18915,20.54911,66.45902,12.536909,7.55768,0,24
1.3392241,0.029469348,6.1267066,0.87093353,5.589108,99.99054,11.148098,710.995,21.97986,0.35877857,37.92747,5.124153,0,24
1.2228171,3.503226,0.58336717,0.8351863,5.0290003,98.8482,11.991511,704.53394,21.917427,267.29233,12.771137,6.669139,0,24
0.49132347,0.089947686,11.682174,0.6607622,3.8435142,97.532005,1.5780798,537.0229,19.162256,97.98585,8.601529,6.586819,0,24
1.6465163,0.9804654,25.140825,0.40893182,4.3094454,84.89683,1.1713055,268.43723,15.320287,204.73946,3.3966439,13.396389,0,8
6.818693,0.08674779,27.625546,0.4054617,4.0995355,98.70883,1.134996,574.0555,16.780306,27.716867,7.4048915,8.180383,1,24
88.60516,99.99951,25.542461,0.3888849,7.776249,2.9054267,9.866676,187.01897,12.609235,394.3959,4.022028,49.990726,1,5
0.32572386,0.09282969,5.3382454,0.43724036,4.050989,98.36811,3.1636438,641.94946,20.78077,123.18048,5.4287705,5.435614,0,24
0.32884663,1.5277992,8.587526,0.8157262,3.7208786,91.430916,3.6283154,469.0866,20.183949,180.34038,6.4788604,10.9966955,0,24
0.54509205,0.4766354,5.9761934,0.78757644,3.8982043,99.207535,10.72928,710.4345,21.874575,36.424637,25.273087,6.9121313,0,24
88.72519,99.9864,23.300274,0.3873389,7.7004814,2.9353032,1.9184871,187.00366,12.602619,394.40842,3.1181781,49.81567,1,5
83.77346,98.289734,17.217752,0.38828453,7.3280654,3.3293993,1.416971,187.07933,12.650812,391.17264,4.5985737,42.54969,1,5
8.970099,1.3715848,0.48122382,0.8709849,7.8193254,99.98376,12.125105,710.99963,21.99965,0.7253776,37.96698,5.075164,0,24
0.700143,0.038130645,26.866117,0.8586149,4.3461614,99.89166,1.8634697,710.9138,21.90737,0.51655686,28.922691,6.068077,0,24
88.97619,100.0,27.693325,0.38530016,8.734794,2.9000518,1.2654974,187.0001,12.600026,381.55008,4.948998,49.997646,1,1
0.3699506,0.8137511,4.4930935,0.3944616,3.7752194,88.085915,1.6559469,259.84967,18.790367,386.0497,2.12734,13.987928,0,24
2.62411,0.17875452,26.228077,0.49710372,3.8015041,94.43273,1.175695,404.64456,18.753872,75.98197,14.468822,6.9021997,0,24
88.72972,98.99934,27.624454,0.38570523,8.236359,3.9879665,1.1379497,187.01744,12.604525,376.98242,4.8003573,49.19235,1,8
0.4830084,0.5178556,1.1278443,0.53869134,4.685566,99.70937,8.355626,696.7565,21.933115,159.91544,20.908533,6.8923306,0,24
1.6323023,4.1619596,0.5103539,0.86058176,5.842413,98.79064,12.112406,710.7128,21.988295,53.47816,36.119637,6.5424604,0,24
0.71128434,1.4908073,0.6508093,0.82214254,5.839938,99.088455,12.04623,710.61084,21.98112,101.66208,36.14914,5.328508,0,24
41.969936,84.533295,23.538157,0.3984056,5.984817,13.819058,1.42649,187.60962,12.847666,381.7653,2.8207934,48.927807,1,5
5.209567,3.7877564,26.006662,0.38882595,4.2351847,35.419937,1.2741148,231.27141,15.706982,358.30325,2.8704314,18.638378,0,4
60.000816,98.73883,27.584421,0.3911014,6.968879,4.3181877,3.3427174,187.55008,12.669891,391.55234,2.375148,49.563686,1,5
35.190517,90.65817,16.65016,0.40065217,6.250614,4.6461706,7.226047,200.83711,13.527063,368.92328,2.504154,48.56061,1,5
0.42348123,0.76312244,8.386792,0.42462283,4.127639,97.86683,5.7274957,622.8741,20.504028,329.44934,4.326164,9.985041,0,24
1.1195109,1.3055373,0.8211435,0.8624643,6.0198836,99.02004,12.066733,710.9608,21.991732,39.164314,32.346924,6.060067,0,24
88.974014,99.99937,27.693926,0.38663957,8.538712,2.907486,2.0884538,187.0036,12.600323,375.76978,3.7809713,49.984474,1,1
1.774644,6.5864735,0.84158397,0.68337137,5.1416845,92.99501,11.44014,672.2724,21.547277,274.81653,11.680004,19.422165,0,24
88.132,99.98124,21.878439,0.3902152,7.3195744,2.9183812,2.869899,187.04076,12.611145,390.3388,3.7272792,49.6245,1,5
0.5455555,3.75712,0.67853236,0.63009477,4.8065906,93.143,11.314287,662.2719,21.70468,315.65555,5.9154124,12.676871,0,24
0.5494424,11.50362,5.9105644,0.42689514,4.731467,74.465675,10.625933,375.14246,19.949228,392.09174,2.489859,28.234907,0,4
0.81177694,8.448163,0.4994735,0.7940242,7.85806,98.81535,12.124129,710.6405,21.996387,304.14233,36.034,5.5907383,0,24
0.2180078,0.292177,5.475333,0.439946,3.7596056,91.119705,1.951495,298.63077,18.862703,354.27972,2.976197,7.814417,0,24
2.3622875,0.10846717,18.95784,0.8521232,4.0964622,99.530205,2.3656125,708.705,21.415226,2.0370433,33.155777,6.2973747,0,24
0.32882747,0.3700505,8.157471,0.63704103,4.0108027,97.54486,7.647439,705.7966,21.842196,191.57178,5.489867,8.599461,0,24
88.976,99.99544,27.73934,0.38580966,8.625162,2.9058638,1.1531672,187.00703,12.600336,222.35052,6.170924,49.971367,1,8
11.298615,42.055412,22.18221,0.3920443,4.3888807,6.797145,1.9666847,201.64818,13.410261,375.33774,2.769746,39.451622,1,5
2.4379091,5.2575126,8.712288,0.4160956,4.0074325,53.905567,1.5869751,230.30602,15.741947,314.03607,2.7535584,13.553533,0,5
1.6436089,2.7978432,0.4959429,0.870311,7.2392144,99.32001,12.125133,710.9228,21.991901,73.03038,36.535297,6.538539,0,24
4.1968784,0.68400025,0.7207124,0.8709624,6.2544174,99.94611,12.111608,710.99963,21.998407,0.5360884,37.937294,5.2252116,0,24
88.9757,100.0,27.650904,0.3862467,8.730541,2.900025,8.967854,187.00015,12.600061,393.97653,4.569064,49.99993,1,5
0.37141514,2.2005413,0.81793076,0.64423144,4.1563907,98.717445,9.467116,601.3866,21.513483,278.6024,4.3562717,7.5887923,0,24
1.1466069,17.70453,1.2795919,0.40222594,5.0067124,56.57625,5.061365,199.49486,17.496798,394.82846,3.2041657,21.569958,0,5
0.794832,2.3121064,0.905337,0.8516596,4.7733116,98.7256,12.055201,709.7123,21.966755,159.95848,16.616829,8.283515,0,24
0.23005833,5.085212,1.849843,0.530325,4.3318954,88.111404,10.789475,528.1015,20.816341,385.49237,2.4256072,15.739514,0,24
0.60305774,0.42745173,8.021955,0.7326159,4.0978208,99.51714,7.7620015,709.6093,21.948738,40.80191,14.399588,9.653726,0,24
0.5004058,0.10650545,19.590418,0.8701758,3.8855796,99.74552,9.102164,710.93506,21.931,2.559986,26.413996,8.177802,0,24
1.4866073,0.12640733,14.511533,0.87074935,3.9890363,99.9102,11.273181,710.9854,21.98715,1.154532,36.687244,5.4039574,0,24
2.2980726,0.15725738,7.6192656,0.8708373,4.585159,99.92951,11.042056,710.99927,21.99495,0.4670283,37.899418,5.122096,0,24
0.54073673,0.67904395,7.4620056,0.63159007,3.985051,98.9058,8.491158,701.9131,21.6626,168.29422,6.016617,7.75874,0,24
0.7313506,0.888241,0.8669317,0.80644643,4.845346,98.59562,11.332507,709.9343,21.953285,74.40993,25.328276,5.5558558,0,24
6.0743356,0.032374095,17.905113,0.8709996,5.743594,99.99565,11.842206,711.0,21.99628,0.3202971,37.969826,5.049954,0,24
88.9762,100.0,27.739489,0.3854446,8.745799,2.9000156,2.0197566,187.00006,12.600008,384.3069,9.2034645,49.999935,1,1
3.0166833,1.2891011,0.7532774,0.87095773,6.822706,99.95872,12.117673,710.9953,21.996405,1.1257939,37.945858,5.1889334,0,24
88.975075,99.99224,27.51649,0.38559482,8.563084,2.9033191,1.1425029,187.00313,12.600702,386.3797,5.0904484,49.767944,1,1
42.462074,34.614452,26.66702,0.38781857,5.304362,18.928198,1.16036,187.28674,12.742826,373.97726,3.4524667,39.43367,1,8
1.1697949,0.15526533,2.5593276,0.8705398,4.1404905,99.969086,11.230713,710.99194,21.993095,0.9875876,37.630116,5.143483,0,24
88.95038,99.99369,27.643122,0.38641796,8.664089,2.933667,1.2590083,187.00911,12.6026325,377.8301,3.0661304,49.908566,1,1
29.949387,54.602505,7.9744496,0.39670232,5.398425,12.5376625,1.3535074,188.66885,12.929134,365.55655,3.3026507,42.07391,1,8
1.0794342,0.10465911,2.69244,0.8686539,5.233688,99.84945,9.874117,710.9575,21.975548,1.4219251,37.639565,5.0705123,0,24
13.407721,0.9806307,0.73623466,0.8709992,7.1018853,99.9865,12.125159,711.0,21.99965,0.34405944,37.969215,5.188232,0,24
88.97615,99.999985,27.663141,0.3865322,8.714029,2.900235,1.8478183,187.00102,12.600059,370.9553,3.2927458,49.998604,1,1
0.83944726,5.0152984,1.4644039,0.47323576,4.66891,81.81412,9.316347,608.30457,20.897102,340.54535,3.955655,23.788866,0,24
1.6437457,0.7202508,27.669767,0.4654199,3.8613694,70.17235,1.2467583,373.4614,17.248096,216.51738,3.7989733,26.98734,0,24
0.97936046,0.2502969,2.0984187,0.8683163,4.5873303,99.79311,9.971454,710.7756,21.96631,2.622088,36.981426,5.198952,0,24
0.18612103,2.0670602,1.1605283,0.39839032,4.656257,91.91088,6.7368474,303.2119,21.21601,393.53488,2.8861735,8.7399025,0,5
0.3844838,0.51419866,8.190648,0.8089769,4.2158523,99.54807,9.048187,710.6417,21.972605,32.146572,18.935543,6.421448,0,24
0.23653474,3.5191364,0.8512616,0.46710044,3.8781826,96.822205,10.429325,366.0262,21.737598,387.07758,3.1223233,9.738377,0,24
0.23637988,0.51983464,0.94344276,0.82180554,4.804351,97.78142,10.285429,685.38995,21.864283,155.94502,26.57949,5.5042586,0,24
0.7791476,0.35701,3.0167742,0.77417815,3.9456275,94.869705,1.3958781,385.09116,15.390299,172.30215,14.474835,6.1720605,0,24
84.95108,99.65191,26.671291,0.3884231,7.1549273,3.0692048,2.9541593,187.26027,12.625158,382.3276,3.5649104,49.72542,1,5
0.6185038,30.625883,0.6230407,0.61443347,5.8395042,79.51872,12.111484,648.5973,21.66479,385.53406,2.908194,23.776793,0,5
1.3299173,91.62075,1.3087428,0.42160946,5.5409827,16.267294,12.092167,216.35014,18.861261,396.2645,2.2010198,49.109177,0,5
60.276894,84.847626,26.042007,0.38967946,6.628254,4.8804235,1.2637918,187.4801,12.65451,382.987,2.4361956,43.582764,1,5
73.33792,37.581295,27.137724,0.39041474,6.08935,27.386292,1.148106,187.279,12.727838,337.0832,4.630427,29.120682,1,8
2.3632536,0.77578497,0.71699494,0.86871284,6.4634113,99.72123,12.091827,710.9515,21.986366,11.255091,37.853256,5.0797234,0,24
0.97168225,0.7791175,0.4792588,0.8704563,5.7868314,99.8331,12.112557,710.9553,21.995132,15.063182,37.637383,5.220484,0,24
1.1344285,0.42058194,2.6133208,0.87023675,5.4584045,99.77836,11.987203,710.9848,21.992315,5.466336,36.62232,5.408099,0,24
2.4749887,1.8004162,2.0499938,0.8709542,5.2586355,99.827835,12.084795,710.9877,21.989489,3.3147938,37.781044,6.9458733,0,24
88.9762,100.0,27.73649,0.38546675,8.761194,2.9000115,1.6771734,187.00003,12.600002,374.07828,6.694434,49.99979,1,1
0.84354144,4.8660808,0.6439619,0.8629132,4.003351,98.697235,12.05005,703.2326,21.941223,202.90479,20.515602,13.365426,0,24
1.5435361,5.181683,2.0701854,0.39186138,4.805635,59.631363,3.539886,293.6314,19.033089,380.55255,5.077333,7.86002,0,5
0.58272934,2.4442213,17.190586,0.42031473,4.1630425,83.77581,1.5434237,239.37613,17.087858,357.99188,2.2820268,27.205332,0,5
6.7162995,0.5513811,0.79681236,0.8709946,6.9152412,99.94865,12.123163,710.99976,21.99944,0.54695386,37.965595,5.274154,0,24
88.97244,99.9869,27.702326,0.38619518,8.531739,2.9070077,1.1905402,187.00133,12.600397,383.81363,5.537818,49.815395,1,1
42.873466,29.210344,27.101143,0.4335579,6.0828404,67.58551,1.3273699,197.90515,13.368266,267.18347,3.6259334,27.27087,1,8
46.181698,99.02047,16.773415,0.38969806,6.419881,3.5469913,3.984149,187.52333,12.77393,393.5964,2.9095044,46.90965,1,5
0.43690377,0.6006351,1.4520792,0.8654805,4.4120517,98.75635,11.63987,710.74896,21.958092,25.098204,32.999065,5.223994,0,24
1.1812195,0.5653284,2.2764616,0.8709069,5.6893616,99.92215,12.11274,710.9869,21.988977,1.1380136,37.82576,6.533341,0,24
88.9762,100.0,27.739986,0.38526827,8.777535,2.9,1.4054786,187.0,12.6,328.93634,15.119479,49.999996,1,1
1.0281038,0.094338596,4.8036184,0.74815464,4.144419,94.40066,1.7477293,703.01654,20.881323,35.354492,19.281883,6.585483,0,24
88.9762,100.0,27.678211,0.38733286,8.768948,2.9000068,5.5739365,187.00002,12.600001,386.7331,10.35612,49.99997,1,1
3.054073,0.11271106,25.832201,0.81526846,4.2806554,98.20264,1.287596,695.2145,18.16561,1.9674232,28.6292,7.4294853,0,24
4.701657,1.5934653,0.59915125,0.870937,6.178175,99.9089,12.123598,710.9986,21.997822,1.5021808,37.880955,6.2563944,0,24
0.39256492,1.3902457,0.65625983,0.73336065,4.618978,98.480736,11.65183,695.07794,21.872095,253.99435,7.481604,7.9603868,0,24
88.9762,100.0,27.7397,0.38529566,8.771852,2.9000127,1.2039903,187.00002,12.600006,361.84723,6.522964,49.999535,1,1
1.3566691,0.03893718,21.713842,0.8709782,4.0095224,99.94457,3.1888556,710.9976,21.984066,0.34035385,37.903614,5.095699,0,24
88.974655,99.99703,27.702194,0.3871244,8.58866,2.9188237,1.2001319,187.00635,12.600972,360.9974,5.380254,49.95012,1,2
0.8660724,0.27132446,1.0244851,0.727525,4.110443,98.484505,7.402448,701.45245,21.511492,72.284996,25.20235,5.2980947,0,24
3.803438,16.69863,14.602876,0.42364773,4.432968,10.255211,1.7705917,216.05098,14.765581,370.22296,2.6920304,33.22255,0,5
3.6425889,11.665049,8.977596,0.39372164,4.9240956,49.24028,1.9121277,195.58208,16.260645,393.19513,3.572538,15.14187,0,4
17.591345,81.539925,11.894959,0.40999088,4.7130704,11.488782,2.6027207,188.87627,12.951888,385.86743,2.407346,49.359394,1,5
0.7730186,1.745173,0.73964655,0.8451767,4.8995237,99.34059,12.107729,710.9298,21.992867,66.502914,29.549181,6.244339,0,24
0.98643315,0.028405502,27.689352,0.43734634,4.136717,98.374084,1.1371528,649.17413,20.361864,10.422046,7.160267,10.901661,0,24
86.2095,96.615585,22.767849,0.38724986,7.9344916,3.7335513,1.1634864,187.02887,12.622053,390.06024,5.6485367,40.190353,1,1
0.8043839,2.1565397,8.859862,0.48234704,4.8359385,83.47195,2.4175644,261.74747,18.536371,264.28134,4.4281154,12.2927,0,24
0.3108021,1.1032736,15.981018,0.42870483,4.2368307,87.82343,2.1317775,526.24603,21.180048,292.645,3.8933496,7.699762,0,24
88.97373,99.999596,27.554054,0.38745123,8.4756155,2.9055839,2.2597425,187.00298,12.600216,360.0487,6.4014473,49.98769,1,1
0.40809184,2.5804055,0.9503152,0.8230261,4.746424,98.25977,11.964748,701.12244,21.904884,324.8501,8.195457,8.47951,0,24
1.9060268,24.805828,5.724038,0.39402056,4.694937,32.272842,3.546704,191.23586,15.30421,393.95566,2.2607472,28.86934,0,5
88.976166,100.0,27.731966,0.38640368,8.703177,2.9002614,2.3156297,187.00026,12.60002,373.942,4.7464776,49.999435,1,1
1.7442029,6.428856,9.047904,0.39330772,4.6979346,63.791092,2.0033658,209.54932,16.454279,366.31866,2.8195581,28.072605,0,5
0.4022974,0.7759953,1.2500154,0.86476403,4.9598947,99.635124,11.891939,710.7475,21.958824,36.99142,31.554619,6.055383,0,24
77.2207,91.64206,25.465328,0.39235997,6.0806117,9.058402,1.2177451,187.25444,12.746474,383.48837,2.36894,48.349876,1,5
2.3518786,37.161713,12.163779,0.5051008,4.719883,45.872967,4.7505627,197.38573,14.268089,387.97424,2.6422157,37.98065,0,5
0.34365803,0.5509567,3.0457537,0.47487977,4.1140094,97.78805,6.3119636,702.9027,21.789547,209.79678,7.563887,6.292823,0,24
1.0334963,0.09327044,23.331068,0.87055933,3.9745953,99.77159,6.7083907,710.9219,21.756893,0.9871221,35.393562,6.715739,0,24
0.19215171,0.17427638,2.0100856,0.63309485,3.8330936,98.75204,3.0414727,473.87595,20.813347,210.51712,5.0155554,5.7392187,0,24
0.52923787,1.7881225,1.2642366,0.53768325,3.8197474,92.01125,6.963933,606.6455,21.447569,281.46158,8.6923485,9.111585,0,24
88.9762,100.0,27.74,0.3851307,8.779919,2.9,3.820544,187.0,12.6,335.72983,18.99919,50.0,1,1
1.4954511,0.6730706,8.729527,0.84395796,4.6834416,97.762825,11.611225,710.8826,21.943884,7.110192,28.678865,6.41644,0,24
0.95755696,0.56416625,17.801432,0.40524825,4.575846,81.03936,2.0295198,610.99146,20.119884,288.63275,3.1759748,11.402049,0,24
0.7747131,0.97543544,2.2199378,0.7375233,4.387634,97.89875,10.937009,701.623,21.94614,136.42291,21.377039,7.7058606,0,24
0.68747824,5.4417353,6.3130894,0.41353115,3.92656,88.79214,3.682582,209.2745,18.568941,372.61343,2.919818,17.722492,0,4
1.6582379,19.847397,2.5154676,0.39133695,5.861053,65.75736,8.063786,252.13971,19.103083,390.85397,2.6482322,25.08217,0,5
83.04035,99.39831,14.503915,0.39903817,6.810443,3.6269455,3.0062058,187.69547,12.637845,382.75793,4.5041127,49.45835,1,5
0.6738919,0.6268043,2.326897,0.42370337,4.137816,91.90011,1.651212,313.89987,19.685051,316.3461,4.818781,6.560446,0,24
3.149757,1.1528254,0.64353955,0.87091666,6.0264297,99.40801,12.056949,710.9864,21.985035,2.0096602,37.869102,5.342968,0,24
13.863605,64.684044,4.834048,0.39941084,6.021861,11.39643,2.290904,223.58176,14.788444,336.00452,4.1769595,33.433968,0,5
4.3621464,1.6657797,0.52192533,0.87099063,7.996733,99.946495,12.125849,710.9998,21.999424,1.4344622,37.96498,5.2451715,0,24
84.91617,94.255844,27.572138,0.40439895,6.032748,4.279501,1.4550542,189.08363,12.661513,308.8825,4.086631,48.95916,1,8
3.978944,0.34629923,2.3829532,0.8709975,4.779647,99.9656,12.094426,710.99945,21.996399,0.42923754,37.96256,5.4112234,0,24
0.5374662,0.8539549,3.2355835,0.8194379,3.9846113,98.17134,6.8564854,661.40826,21.260529,125.13793,18.41947,9.402778,0,24
0.67557573,0.35340604,9.969074,0.8438512,4.3302917,99.30563,7.251569,710.8106,21.842882,12.12403,22.383205,6.678792,0,24
0.3838383,13.746129,2.3410914,0.42491388,5.5732355,68.5295,7.492589,234.34715,19.644985,391.2772,2.4609447,14.594949,0,5
88.883415,99.915764,27.512817,0.388092,8.159865,3.216389,1.2068669,187.02463,12.60761,371.01624,3.3197238,49.67171,1,6
1.3121632,0.07330061,21.261358,0.8436204,4.9300294,99.68883,7.230345,710.99475,21.95419,0.8570902,37.145027,5.4672494,0,24
0.92880595,7.479167,3.5814545,0.4183354,4.3993983,47.57201,2.6171563,218.78096,18.594467,390.55206,2.7884765,24.459444,0,5
88.97616,100.0,27.71014,0.38692492,8.729522,2.9000154,6.310146,187.00009,12.60002,393.50742,6.4346285,49.99979,1,1
9.410355,31.82915,10.846006,0.40723747,5.318536,6.952115,2.5001717,202.54668,13.520106,385.7617,2.6563265,24.116394,0,5
88.93555,99.91196,27.701744,0.3928296,7.5280147,2.9580736,1.2303317,187.17531,12.604877,290.26678,2.9839244,49.90774,1,8
2.547174,1.9519694,0.4769712,0.87053657,7.1143117,99.5405,12.121948,710.9775,21.99398,15.044704,37.636837,5.7168837,0,24
0.6986471,1.2637879,12.258854,0.8126935,4.0278773,98.00461,9.959858,705.5291,21.762407,130.05894,5.397975,11.761073,0,24
88.9762,100.0,27.739534,0.38531694,8.778529,2.9000006,1.4284688,187.0,12.6,379.71085,9.920756,50.0,1,1
0.971516,0.085431874,5.1647997,0.87053454,4.321828,99.985054,11.373742,710.99524,21.972654,0.74637926,37.05896,5.231295,0,24
2.7992513,1.553563,5.075575,0.49606445,4.049676,84.55702,1.8127376,323.44022,17.484676,325.4692,3.5788522,13.384961,0,8
7.635292,2.7331629,0.470847,0.8709919,8.430457,99.96781,12.126056,710.9997,21.999746,2.1215727,37.96836,5.058103,0,24
3.2294273,0.15460287,4.904599,0.8709798,4.3526607,99.96968,12.021196,710.9984,21.996822,0.46286196,37.88622,5.459103,0,24
88.9762,100.0,27.73987,0.38530248,8.777038,2.9000003,1.3298792,187.0,12.6,328.6163,8.871759,49.999985,1,1
88.10364,99.85513,26.857973,0.3885386,7.911128,2.9739954,1.5967541,187.03198,12.603387,389.59457,3.2867298,49.491337,1,5
88.936676,99.98491,26.687735,0.38760886,8.537843,3.0063279,1.3093085,187.00641,12.601209,377.51254,4.4081206,49.455273,1,1
88.976,100.0,27.66549,0.3890453,8.68767,2.9000485,11.415426,187.00015,12.600056,395.1228,3.4808166,49.99999,1,5
0.32940644,0.3283465,3.6967,0.82313395,4.478726,99.06219,9.646507,710.48645,21.955376,19.252417,16.05353,5.580605,0,24
2.9273612,0.7555239,0.98953384,0.87087023,5.3427186,99.88517,12.092681,710.9933,21.995256,1.7429385,37.779736,5.4643335,0,24
0.16131373,0.19284345,23.986372,0.43501788,3.9333606,99.19883,1.5796779,558.4612,20.984852,199.03813,3.8449764,6.9086018,0,24
0.37514636,0.80471224,1.7539623,0.66468525,4.668003,96.991516,11.155706,705.53326,21.876453,150.15808,14.285611,6.5624075,0,24
0.61411035,14.741349,22.014313,0.39909172,4.248698,41.881588,3.5797346,256.15424,18.91605,377.23447,2.0625803,37.869724,0,4
3.1359353,0.94731003,0.7950017,0.8709275,7.029549,99.909195,12.118558,710.9964,21.998266,0.8196019,37.96449,5.5806046,0,24
15.397514,0.7852523,3.696525,0.8709999,6.0354548,99.99198,12.125606,711.0,21.999773,0.33366814,37.96952,5.297164,0,24
0.92232317,0.6272651,1.6002222,0.7772175,4.115991,95.95553,3.3360054,560.2816,20.085722,89.951096,15.922056,6.147021,0,24
64.41178,87.9298,21.364836,0.39073125,6.666089,5.5937138,1.4325423,187.52673,12.778749,386.1327,3.5920491,47.955276,1,5
38.15312,75.82555,20.290854,0.39032745,5.3802013,12.129136,3.2102509,190.78256,13.098676,380.44992,3.5659719,43.837334,1,4
5.6543293,8.633792,10.899637,0.39496037,4.56651,21.39413,1.225415,192.0033,13.410357,374.1336,3.436251,14.623172,1,5
0.18960622,3.1381118,1.3818873,0.41926965,4.32504,93.70561,5.280802,257.44278,19.369757,388.69946,3.0240607,21.572836,0,5
0.28883967,18.389435,0.70808154,0.57531846,4.9044423,94.77935,12.1187,606.7821,21.872103,393.15973,3.3427808,28.932007,0,24
88.80078,99.99491,27.057804,0.38815996,8.347315,2.9252393,3.7805748,187.01646,12.6040325,384.19843,3.4581673,49.975117,1,5
1.7165939,0.29898196,1.39643,0.8696709,5.6083345,99.881485,11.981867,710.9917,21.986237,2.529959,37.86718,5.3369474,0,24
88.97575,99.99903,27.64655,0.38618547,8.466753,2.90181,1.2310755,187.00049,12.600131,385.88547,4.496717,49.981865,1,1
86.066696,97.79852,27.490206,0.38951582,7.5990114,4.8658233,1.216074,187.23967,12.616926,328.14246,3.0127773,49.562283,1,8
88.90206,99.99871,27.49756,0.3886836,8.2863655,2.9013042,9.6147995,187.03065,12.601882,392.49817,3.5593734,49.976025,1,5
77.55228,98.81593,23.449644,0.38770005,7.267418,3.5464118,1.3863378,187.06184,12.740612,394.42007,2.86821,48.928474,1,5
0.73707265,0.85693794,3.148037,0.42608258,4.0313535,79.42837,1.9241959,224.81622,17.76243,362.85406,3.3401618,16.289959,0,5
30.263575,6.744568,10.463233,0.39757124,5.2844787,40.42363,1.1983122,195.02156,12.8996525,325.2606,4.303048,16.322525,1,8
0.38329592,0.56875813,7.869922,0.7144352,4.3684564,98.92596,9.231398,708.95245,21.907606,175.9962,8.591928,8.137007,0,24
1.4756954,0.8723573,1.8147444,0.8702856,4.818689,98.36017,11.700103,710.74567,21.956133,5.709128,34.387894,10.012664,0,24
88.9762,100.0,27.715586,0.38570777,8.77698,2.9,11.180179,187.0,12.6,393.043,4.6399283,50.0,1,1
1.637709,8.231863,9.491536,0.40872315,4.114974,40.517937,1.7618759,199.10413,14.316697,386.34308,3.2151556,22.998297,0,5
88.65655,99.95523,27.227526,0.388063,7.948158,2.941984,1.3726959,187.02675,12.605399,387.1494,4.2547045,49.55438,1,7
88.97618,99.999985,27.734814,0.38552278,8.711121,2.900119,1.449107,187.00047,12.600019,346.41733,5.3624496,49.996914,1,1
0.8890699,4.866226,1.075939,0.41693813,5.6571994,89.2483,5.3209066,280.6779,17.887674,388.55096,2.6942344,17.269104,0,5
0.28350738,0.06117804,5.2098045,0.82804585,4.0170193,99.66338,7.2551937,710.76337,21.950571,15.579668,27.111227,5.30091,0,24
1.2158942,6.334631,23.604923,0.41099322,4.5065737,54.23617,1.9013312,247.27861,18.255547,377.98904,2.1782782,19.207024,0,4
88.97619,99.999985,27.710562,0.3859237,8.743423,2.900096,1.4883968,187.00015,12.600011,370.08984,5.3428125,49.998283,1,1
0.12644231,1.2130308,3.1504507,0.7481018,3.917766,93.06851,11.644782,693.5606,21.774637,325.15677,4.92048,8.960342,0,24
0.92656624,8.831925,2.5560706,0.6252807,4.6376224,94.10649,11.802012,663.5716,21.571064,364.63467,4.448355,23.386066,0,24
2.4041572,43.133537,2.2269223,0.40493938,4.7347603,29.14853,4.9140024,197.70851,15.493663,391.56384,2.87206,33.27666,0,5
0.37120697,0.034965985,27.455107,0.6875978,3.8486176,99.879974,2.0106874,709.57654,21.805046,26.276335,21.868036,5.645403,0,24
88.18674,99.23793,26.243195,0.38728565,7.5915337,2.9894872,1.2659372,187.03786,12.619837,382.99857,3.304649,47.232822,1,1
2.5208242,1.5512944,0.50888187,0.87035567,5.582115,99.92974,12.112658,710.97906,21.996033,9.969793,37.832592,5.660415,0,24
88.976135,99.999985,27.735409,0.38611215,8.663633,2.900272,1.3312274,187.00018,12.600046,371.52438,4.947958,49.998756,1,7
77.19542,99.70679,6.849987,0.38791484,7.7769747,2.963438,2.3411915,187.07404,12.654133,394.0142,3.8111649,46.66917,1,5
2.5045865,10.305773,13.962451,0.40187982,5.002519,60.425545,2.1333215,203.0691,16.749985,374.61563,4.337663,32.424767,0,4
0.6376747,6.8249574,4.4008846,0.4027399,5.752617,35.54899,8.892322,292.0083,18.230532,392.65192,2.014508,30.378716,0,5
0.74815035,0.21140541,0.7634858,0.8703588,4.1603208,99.789116,11.1039505,710.9674,21.977118,1.7520423,36.74586,5.190119,0,24
20.721678,82.381615,22.358162,0.39787358,5.8643837,5.665785,1.6195918,188.3462,12.930376,385.7805,2.5949497,47.841858,1,5
1.1463751,4.940223,1.0348436,0.4302031,4.398787,94.77858,2.8901148,254.54065,19.868223,381.1795,3.2217913,15.656848,0,5
40.733414,0.09024337,0.6225609,0.871,8.654988,99.99893,12.126188,711.0,21.999987,0.32001236,37.97,5.00524,0,24
88.83184,99.94094,27.387321,0.38669088,7.578332,2.9630287,1.4797447,187.02185,12.606913,387.00247,3.9137304,49.36558,1,1
1.6277736,0.03742645,7.990367,0.86672527,3.81007,99.91636,4.0869164,710.91595,21.952785,0.53739464,36.50493,5.279139,0,24
0.76724917,0.17708988,22.7549,0.8657046,4.267841,99.90144,9.976773,710.9479,21.984692,2.211549,34.123405,6.737487,0,24
82.43916,89.61553,14.244403,0.3880161,7.2959447,8.249833,1.2495002,187.12848,12.638707,376.23065,4.4995027,33.385387,1,1
39.696957,0.50754356,0.4678957,0.871,8.618776,99.99875,12.126454,711.0,21.999987,0.32027677,37.97,5.0066814,0,24
5.266407,49.061443,14.669562,0.4189507,4.686386,31.587536,4.1576,200.75291,13.9533615,387.05637,2.4403954,44.525406,0,5
0.7840917,0.11947306,18.567034,0.8696071,4.11443,99.84017,8.389817,710.9951,21.980747,0.6236881,36.90151,5.649911,0,24
1.2454827,3.7339396,0.47802037,0.869644,6.4896855,99.73106,12.124406,710.95844,21.995699,100.98717,37.127625,5.9087563,0,24
88.05541,99.87908,23.177479,0.38777626,7.58082,2.9351752,1.2834067,187.01782,12.603293,392.94983,4.7842474,49.057953,1,5
88.97599,99.99993,27.69847,0.38575584,8.706902,2.9003599,1.475375,187.0017,12.600075,368.95752,4.2057223,49.996143,1,1
0.62476546,1.431952,0.728248,0.7680196,5.602422,98.62668,11.86782,709.79767,21.979027,115.486595,27.674343,7.264791,0,24
1.5115186,58.817608,1.2504368,0.42041826,4.8115067,35.012222,11.724373,312.71875,17.868004,393.84302,2.8726542,42.84834,0,5
1.1883891,5.1512494,12.960065,0.39868537,4.1935425,36.448467,1.3007399,197.92065,14.507971,378.46506,3.1516087,20.781485,0,5
88.9762,100.0,27.736738,0.38543832,8.738128,2.9000657,1.2325648,187.00002,12.600006,365.67676,7.993109,49.99967,1,1
0.63927376,20.623571,0.57080966,0.6866101,5.29257,92.62708,12.042835,613.5737,21.785631,385.65283,5.531991,19.924698,0,24
0.54688835,0.42016894,7.9181385,0.4413228,4.1751204,96.66053,1.3385112,418.12558,20.385315,302.7262,3.0404258,9.466373,0,24
88.97113,99.99988,27.542238,0.3879101,8.509487,2.9009976,3.099701,187.01067,12.601219,385.12204,4.7250943,49.994682,1,5
6.01221,77.54319,2.335008,0.4035976,5.0184383,22.67629,11.235366,205.20122,14.429117,391.781,3.2994494,39.68835,0,5
1.7673998,1.3257678,1.0822642,0.87054086,5.3824625,99.867455,12.05096,710.93744,21.987041,6.883754,37.30252,6.2342095,0,24
1.1902202,38.98655,0.71750385,0.4119965,6.4000907,77.79769,11.58314,355.28613,19.377144,385.84213,3.7992501,29.014812,0,5
88.00731,99.092545,25.538773,0.38882416,7.3478556,3.6212783,1.3042353,187.03732,12.608294,386.54312,3.0741644,45.65682,1,1
0.35153574,3.875361,0.57687086,0.82905877,5.314961,98.326706,12.09488,709.8138,21.98305,165.81146,21.319002,9.173627,0,24
0.2323099,4.467288,1.9490839,0.41448843,4.2958894,89.47251,6.8846507,315.96057,20.858833,388.90253,2.6184785,15.770345,0,4
88.9762,100.0,27.73993,0.38602906,8.727171,2.900126,1.1758155,187.00003,12.600002,318.22153,10.108235,49.99958,1,1
0.41284513,0.13849892,19.426989,0.6569956,4.0179863,99.145386,2.9018612,708.52545,21.884497,25.160507,8.353605,7.1107044,0,24
0.7315886,2.5899405,2.2731233,0.39776298,4.4158096,70.34359,1.8571974,205.2213,15.778203,387.58377,2.8969867,6.8005657,0,5
88.97618,99.99993,27.713083,0.38596487,8.712049,2.902019,1.1552364,187.00006,12.600034,369.27478,5.1977634,49.98737,1,1
3.2986047,0.054719158,24.097874,0.8709753,4.0514016,99.95081,5.796512,710.99115,21.942034,0.36153218,37.765247,5.5711894,0,24
71.65866,99.958954,14.587022,0.40276033,7.501288,2.996172,9.5948515,187.14052,12.656541,393.15787,2.7263966,49.922485,1,5
0.72692585,0.6727283,0.898909,0.8488307,5.7389097,99.705345,11.723003,710.8631,21.985155,16.266253,34.385548,5.627419,0,24
0.45188075,0.11094507,17.912544,0.7484532,3.8665876,99.396324,1.6653677,699.9287,20.804852,24.361332,11.910434,7.1968436,0,24
0.73341167,1.9220505,6.803314,0.5842945,3.791188,95.332245,5.5966115,635.1885,21.42604,287.0423,3.1525054,16.404226,0,24
1.4022717,0.034758843,14.681339,0.87092495,4.145142,99.99277,10.29041,710.9983,21.981693,0.35749406,37.91743,5.1296644,0,24
0.20145984,1.1647724,10.189402,0.42298713,4.0604815,83.768684,4.1938605,548.92944,21.26217,363.6836,2.4835212,14.836425,0,24
88.9762,100.0,27.74,0.38523313,8.779866,2.9,3.2495108,187.0,12.6,320.35873,18.566153,50.0,1,1
0.5085335,0.766409,3.594713,0.4330031,4.165578,86.28264,1.9609897,408.82324,19.278767,344.86612,3.522323,9.458225,0,24
0.20693336,0.0325877,27.022312,0.5273601,3.789508,97.01335,1.2530215,606.1879,20.30581,78.218254,3.452725,6.7457433,0,24
1.9470806,0.5780474,0.7175137,0.8696686,5.951721,99.89043,12.080053,710.9881,21.99131,4.401885,37.4419,5.5259023,0,24
1.8315223,4.4986844,0.62813216,0.8675826,5.5460258,99.47295,12.114229,710.92035,21.991697,50.026848,35.694733,6.0183964,0,24
35.84978,0.94214946,25.485527,0.39043394,4.608959,64.541405,1.1401155,189.90332,12.9454155,170.33978,4.4594884,10.77475,1,8
3.2967052,5.486225,15.987823,0.39565086,4.596404,72.83257,1.5857573,220.33571,16.664122,368.0923,4.362336,15.094441,0,5
1.6630975,1.9286447,1.7836499,0.52352995,4.5850754,97.38268,7.1304297,669.0195,20.85921,285.222,10.812774,7.2790666,0,24
88.9762,100.0,27.739727,0.3853481,8.776018,2.9000003,1.8176907,187.0,12.6,364.01117,5.247644,49.999977,1,1
1.4529371,1.7216043,0.613129,0.86487097,6.023602,99.70738,12.114052,710.9422,21.99282,68.6043,37.337357,5.224121,0,24
0.49292022,20.174364,0.6809288,0.68440044,7.1258483,94.445496,12.109243,704.0351,21.945284,378.01877,7.220056,23.13363,0,24
30.983553,74.3112,21.308537,0.38960862,5.8199086,24.102516,1.6576165,188.18797,12.791833,389.7301,2.4029691,46.548477,1,5
0.78155845,0.12311027,24.339724,0.4637135,4.423766,98.02652,2.162211,689.90845,20.892351,51.125618,4.5855756,6.2642612,0,24
0.48972112,4.210936,1.6735157,0.39001992,4.937976,83.420784,2.2493834,223.35535,18.35347,393.70526,3.411773,12.36983,0,5
2.6591868,20.32031,9.31637,0.39855146,5.1935735,60.157745,4.0448627,247.13156,15.030277,381.829,2.227607,41.09681,0,5
1.1879737,13.210482,7.6035414,0.39267537,4.8602867,16.13064,2.222752,204.22162,16.462969,394.9096,2.5923293,22.216406,0,5
87.4016,99.87232,24.35132,0.39290527,6.9719014,3.1950274,2.219477,187.06331,12.636493,392.97833,3.1323864,49.854237,1,5
0.33218372,0.036622908,19.312355,0.72486246,3.6328068,99.54602,1.618038,703.79913,21.304398,11.73848,16.479395,5.552203,0,24
88.96877,99.99971,27.62084,0.38697812,8.541149,2.9099185,2.093254,187.0011,12.600569,389.58228,4.9763255,49.984814,1,2
87.436,97.89641,27.34033,0.38862765,6.729139,4.337299,1.231353,187.04033,12.612466,372.83356,4.1072817,49.204456,1,6
0.28732824,4.1064453,0.9040635,0.56032914,4.8494983,86.88462,11.175655,541.78516,21.233656,348.16522,3.6972716,9.334569,0,24
6.8843365,1.4602038,0.46637332,0.8709793,7.8103223,99.970634,12.125258,710.998,21.99897,0.8393221,37.968784,5.1780324,0,24
1.4803199,0.20202172,27.090229,0.8651976,3.7068853,99.68942,2.7638695,708.9908,21.619194,3.6970088,25.942802,9.567639,0,24
0.24563836,1.2339755,0.83796775,0.5471929,4.494705,98.787186,11.305081,634.6419,21.771503,351.22385,3.6533196,7.2465634,0,24
88.76639,99.604805,27.601305,0.3865382,7.8821306,3.20153,1.2724389,187.02602,12.604528,377.174,4.198841,49.64864,1,7
0.7164087,2.0689716,0.5954461,0.8607577,4.5013356,99.584656,12.0862255,710.63806,21.981386,71.07127,26.440935,5.7806396,0,24
1.5252264,1.1215705,0.6649698,0.8705159,5.817167,99.87199,12.093118,710.9696,21.99362,10.423235,37.596546,5.632645,0,24
9.20293,0.39256364,1.7331524,0.8709978,6.8534517,99.98634,12.12107,711.0,21.999575,0.33013734,37.968517,5.2390203,0,24
3.5990195,0.04268875,6.9680176,0.87099063,5.289137,99.98726,11.454777,710.99994,21.997284,0.32349133,37.9624,5.0642576,0,24
88.974236,99.99262,27.733917,0.38625315,8.040782,2.9072459,1.224753,187.00154,12.600396,331.06424,5.560902,49.975117,1,6
1.6770751,0.06456859,12.056457,0.8704329,6.2130775,99.938995,11.5377865,710.99927,21.99458,0.39287895,37.851833,5.157505,0,24
0.4361032,1.0497092,1.7265043,0.6376835,4.1931934,93.98919,6.6523843,541.7761,20.504793,259.86432,5.0150123,16.144928,0,24
88.91234,99.86972,27.605795,0.38564825,7.7186913,2.9132051,1.1718966,187.00752,12.602681,381.73892,4.522794,49.604866,1,1
37.13696,99.18285,20.998167,0.39231074,6.8522654,3.3542042,7.222443,187.9145,12.848309,394.4433,3.0864382,49.28171,1,5
0.16750172,0.047255054,13.147977,0.4146139,3.9820864,99.05666,1.2803756,666.2562,21.291351,144.22482,6.6195436,5.2935257,0,24
0.3810441,2.5709522,1.7977594,0.69429487,5.2572355,95.32868,11.686111,673.47107,21.810509,295.9425,22.396994,6.736049,0,24
0.5189129,0.34960368,1.9742343,0.86008304,4.0417585,99.3217,10.623491,709.55634,21.925304,21.901377,24.37828,6.7802505,0,24
88.9762,99.999985,27.738287,0.38535652,8.75436,2.9003227,1.2010146,187.00018,12.600016,334.6314,8.237529,49.990906,1,1
1.1697829,0.45005074,2.0450103,0.87012756,4.7012563,99.69463,11.878682,710.97156,21.97981,2.8001812,37.548054,5.25408,0,24
80.43735,99.82005,9.521405,0.38974136,8.086356,3.1255107,4.373548,187.04463,12.635376,394.18567,3.0109215,49.157455,1,5
0.7544197,0.1568413,1.9598869,0.8504743,4.141512,99.36888,8.709633,704.0323,21.748337,28.34488,29.959484,5.608881,0,24
0.61461085,23.42492,0.880451,0.45692545,5.0048523,74.58247,11.21256,318.00433,20.807995,393.08185,2.6089227,36.547997,0,5
0.61832464,0.3666559,7.7976294,0.85200506,4.7064123,99.64457,11.687574,710.9765,21.969595,8.169907,31.976036,5.8294272,0,24
1.8765683,33.72303,9.4037075,0.398213,5.330216,44.021828,2.3614488,193.48338,17.500645,395.32114,2.3529587,43.643093,0,5
74.75029,99.53791,22.287598,0.39310345,6.6975346,3.5866487,3.39056,187.09766,12.631611,394.20587,2.697718,49.86011,1,5
0.7076483,0.13761348,17.361994,0.8569232,4.3372445,99.539696,8.476926,710.9442,21.962458,3.0907924,34.311405,5.7040696,0,24
88.97608,99.999954,27.689295,0.38568854,8.675954,2.900052,1.6139784,187.00139,12.600185,379.03418,6.363767,49.99375,1,6
3.0506954,2.5377407,7.3322835,0.4102583,4.8365407,67.170555,1.3848413,206.385,15.530949,364.70612,3.9780636,10.821208,0,5
0.45491588,4.887821,3.2052815,0.3973294,4.381562,61.928246,2.129651,200.09193,17.588516,393.69977,2.245856,15.694252,0,5
0.45159948,2.7021983,12.761637,0.4312224,4.2773967,61.69634,3.916744,273.9961,18.23424,386.08096,2.5573063,23.322966,0,24
0.16596815,5.238347,1.5630169,0.43160936,5.1668177,92.581116,11.410527,446.21725,21.47444,387.11755,2.8552747,16.842718,0,24
88.9762,100.0,27.730253,0.38565412,8.760966,2.900004,1.3620808,187.00002,12.600001,386.94376,15.230009,49.999855,1,1
0.5842958,1.1379784,16.460222,0.5335972,3.836608,96.28728,5.5236573,681.4518,21.344913,178.37766,3.1262834,14.897472,0,24
11.548,0.63379246,0.6623272,0.8709999,7.6724796,99.992386,12.125737,711.0,21.999838,0.325083,37.969906,5.0925965,0,24
0.5699637,0.58586353,6.1993036,0.6208756,4.2036843,96.82215,8.759045,709.26794,21.87208,72.38041,6.31292,6.4959273,0,24
88.9762,100.0,27.739687,0.38571453,8.760205,2.9000192,1.31108,187.00008,12.600006,270.01843,6.6188636,49.9998,1,1
0.65256435,8.215078,0.5514293,0.8317294,5.6646214,99.41641,12.120584,710.301,21.989752,283.54337,26.472599,6.8732853,0,24
1.6590623,0.49326015,1.3236941,0.8685565,5.1532536,99.957664,11.94631,710.9575,21.990341,11.218417,37.370335,5.183943,0,24
0.6035922,4.0231957,1.4128078,0.4520178,4.745772,90.24428,8.52568,655.1918,21.798975,337.69714,5.116284,7.950474,0,24
0.36247215,0.5669309,2.6897764,0.49435428,4.209033,92.643524,3.7573843,649.6682,20.818233,243.24556,7.4231305,5.756387,0,24
1.1994783,0.3787947,11.038811,0.43740302,4.3272285,84.60548,1.193874,395.26855,19.398863,125.15652,9.819271,7.3239613,0,24
0.37093642,0.048289113,25.335474,0.8502883,3.8883927,99.705246,2.9922683,710.7128,21.850317,1.6126465,26.213837,6.1172013,0,24
2.6068285,50.661858,0.63492286,0.52512807,5.1027484,37.02683,11.386763,231.87152,20.180773,392.30405,3.5147903,36.427963,0,5
3.1808708,0.081031404,8.60298,0.8709585,4.06344,99.97474,11.550987,710.99976,21.998384,0.3527194,37.941105,5.122769,0,24
88.976135,99.99998,27.703707,0.3874689,8.719155,2.901035,1.5167166,187.00096,12.600106,373.76794,4.5159736,49.9962,1,7
0.23994938,0.28555453,4.09176,0.8115351,4.010111,99.63112,7.454026,677.0715,21.834255,85.26517,16.75778,7.3151155,0,24
