season,yr,mnth,hr,holiday,weekday,workingday,weathersit,temp,atemp,hum,windspeed,casual,registered,cnt
1,1,3,4,0,2,1,2,0.45,0.4242,0.58,0.1343,12,120,132.0
4,1,6,12,0,3,1,2,0.72,0.697,0.58,0.1343,89,420,509.0
4,1,9,14,0,3,1,1,0.65,0.6061,0.55,0.194,123,458,581.0
1,0,2,5,0,3,1,2,0.3,0.2879,0.55,0.2537,10,36,46.0
3,0,10,11,0,4,1,2,0.65,0.6212,0.55,0.194,85,355,440.0
4,0,10,6,0,4,1,2,0.44,0.4394,0.8,0.3582,14,180,194.0
4,1,7,12,0,1,1,2,0.65,0.6212,0.52,0.194,82,318,400.0
1,0,2,5,0,3,1,2,0.3,0.2879,0.6,0.1343,12,55,67.0
4,0,6,12,0,3,1,1,0.72,0.697,0.54,0.1343,90,423,513.0
4,1,12,20,0,3,1,2,0.42,0.4242,0.58,0.2537,12,189,201.0
2,1,4,13,0,2,1,1,0.62,0.6061,0.52,0.1343,50,186,236.0
2,0,6,18,0,1,1,1,0.72,0.6818,0.45,0.1343,62,320,382.0
4,1,9,5,0,2,1,1,0.65,0.6212,0.51,0.1343,30,202,232.0
2,1,8,13,0,4,1,1,0.7,0.6515,0.55,0.1045,72,309,381.0
4,0,11,10,0,0,0,1,0.34,0.303,0.66,0.2985,79,250,329.0
2,0,6,13,0,4,1,1,0.68,0.6364,0.55,0.1642,78,318,396.0
4,0,12,23,0,6,0,2,0.32,0.303,0.8,0.2537,9,51,60.0
1,0,11,15,0,3,1,1,0.42,0.4242,0.54,0.2836,89,318,407.0
4,0,10,7,0,1,1,1,0.62,0.5909,0.52,0.1343,48,215,263.0
4,0,11,7,0,0,1,1,0.52,0.5,0.72,0.2239,10,200,210.0
3,0,7,12,0,6,0,1,0.62,0.6061,0.65,0.1343,30,186,216.0
1,1,2,4,0,3,1,2,0.32,0.303,0.65,0.1343,12,62,74.0
3,1,7,12,0,4,1,1,0.62,0.6061,0.56,0.1343,50,278,328.0
3,1,7,12,0,6,0,1,0.68,0.6364,0.55,0.1343,55,238,293.0
3,0,4,10,0,6,0,1,0.62,0.5909,0.65,0.1343,62,78,140.0
4,0,11,9,0,6,0,1,0.3,0.2879,0.65,0.1045,25,87,112.0
1,1,3,7,0,3,1,1,0.52,0.5,0.72,0.1343,22,191,213.0
1,1,7,12,0,5,1,1,0.68,0.6364,0.57,0.1343,69,242,311.0
3,0,8,14,0,6,0,2,0.68,0.6515,0.55,0.2537,25,155,180.0
1,1,3,7,0,6,0,1,0.62,0.6061,0.58,0.1343,25,188,213.0
3,0,7,12,0,2,1,2,0.7,0.6818,0.68,0.1642,50,220,270.0
3,0,7,12,0,4,1,1,0.72,0.697,0.55,0.1642,72,540,612.0
3,0,7,12,0,2,1,2,0.56,0.5303,0.58,0.1642,47,134,181.0
3,1,10,8,0,3,1,1,0.52,0.5,0.68,0.2537,34,214,248.0
1,0,12,12,1,5,0,2,0.3,0.2879,0.81,0.2985,3,22,25.0
3,0,7,12,0,4,1,2,0.5,0.4848,0.55,0.1343,45,112,157.0
4,0,11,18,1,6,0,3,0.28,0.2727,0.94,0.2537,1,3,4.0
3,0,7,12,0,2,1,2,0.56,0.5303,0.55,0.1045,36,468,504.0
3,0,7,14,0,3,1,1,0.54,0.5152,0.47,0.1343,85,480,565.0
3,0,8,10,0,3,1,1,0.62,0.5909,0.53,0.1343,35,270,305.0
2,0,6,14,0,2,1,1,0.7,0.6515,0.67,0.1045,99,110,209.0
2,0,6,14,0,4,1,1,0.62,0.6061,0.65,0.1642,130,334,464.0
2,0,6,10,0,2,1,1,0.62,0.6061,0.55,0.1343,30,194,224.0
2,0,6,7,0,3,1,1,0.6,0.5758,0.68,0.1343,35,276,311.0
2,1,6,12,0,3,1,1,0.72,0.697,0.52,0.1045,128,539,667.0
2,1,6,8,0,3,1,1,0.7,0.6667,0.55,0.1343,32,206,238.0
2,1,6,9,0,3,1,2,0.65,0.6212,0.52,0.194,55,390,445.0
1,1,3,10,0,4,1,1,0.5,0.4848,0.55,0.1343,30,678,708.0
2,0,8,12,0,4,1,1,0.62,0.6061,0.55,0.1343,38,235,273.0
2,0,6,10,0,3,1,1,0.56,0.5303,0.6,0.1343,54,432,486.0
2,0,8,12,0,5,1,1,0.68,0.6364,0.55,0.2537,78,287,365.0
2,0,7,12,0,6,0,1,0.62,0.5909,0.75,0.1045,25,205,230.0
2,0,7,8,0,6,0,1,0.56,0.5455,0.68,0.2537,25,75,100.0
3,1,7,12,0,3,1,1,0.65,0.6212,0.68,0.1343,78,235,313.0
3,1,7,12,0,3,1,1,0.65,0.6061,0.58,0.2537,120,310,430.0
2,0,6,12,0,5,1,1,0.68,0.6364,0.63,0.1343,68,311,379.0
2,0,9,8,0,5,1,1,0.65,0.6212,0.62,0.1343,22,157,179.0
2,0,4,12,0,3,1,1,0.65,0.6212,0.52,0.194,45,280,325.0
2,1,7,12,0,2,1,2,0.62,0.6061,0.72,0.1343,45,189,234.0
4,1,8,12,0,2,1,1,0.62,0.5909,0.67,0.1343,87,312,399.0
2,0,8,10,0,3,1,1,0.56,0.5455,0.55,0.1343,75,322,397.0
2,0,7,8,0,1,1,1,0.56,0.5606,0.52,0.1343,78,222,300.0
2,0,4,12,0,2,1,1,0.56,0.5455,0.62,0.1045,72,231,303.0
2,0,3,7,0,3,1,2,0.42,0.4091,0.85,0.1343,10,106,116.0
2,0,9,7,0,3,1,1,0.58,0.5606,0.65,0.1343,25,156,181.0
1,0,3,7,0,4,1,2,0.38,0.3939,0.76,0.194,21,203,224.0
4,0,11,8,0,5,1,1,0.56,0.5303,0.78,0.1045,29,205,234.0
3,0,6,14,0,6,0,1,0.72,0.697,0.56,0.2836,55,157,212.0
2,0,7,18,0,2,1,1,0.68,0.6364,0.52,0.1343,105,218,323.0
2,1,7,12,0,3,1,1,0.6,0.6061,0.55,0.1343,88,456,544.0
3,1,8,16,0,4,1,1,0.72,0.697,0.45,0.1343,182,390,572.0
2,1,6,15,0,4,1,1,0.78,0.7424,0.62,0.1642,220,350,570.0
2,1,6,15,0,2,1,1,0.7,0.6667,0.65,0.1642,90,210,300.0
1,0,8,18,0,2,1,1,0.62,0.5909,0.45,0.1343,158,207,365.0
1,1,4,14,0,2,1,1,0.7,0.6667,0.55,0.2985,73,212,285.0
4,1,8,15,0,2,1,1,0.72,0.697,0.55,0.194,98,310,408.0
4,0,5,15,0,6,0,1,0.72,0.697,0.57,0.1642,90,180,270.0
1,0,4,5,0,3,1,1,0.42,0.4091,0.7,0.2537,10,20,30.0
4,1,12,14,0,6,0,1,0.62,0.6061,0.55,0.2537,85,263,348.0
2,1,6,14,0,3,1,1,0.72,0.697,0.55,0.1343,80,250,330.0
3,1,8,12,0,1,1,2,0.68,0.6364,0.55,0.194,78,620,698.0
3,0,10,12,0,2,1,1,0.56,0.5455,0.65,0.2239,70,550,620.0
4,0,12,8,0,5,1,1,0.3,0.303,0.59,0.194,35,190,225.0
3,1,8,14,0,5,1,1,0.72,0.697,0.65,0.1642,92,682,774.0
4,0,12,7,0,1,1,1,0.36,0.3485,0.55,0.2537,8,45,53.0
3,1,8,12,0,2,1,2,0.68,0.6515,0.65,0.194,115,511,626.0
4,1,11,13,0,3,1,1,0.62,0.6061,0.55,0.1045,102,637,739.0
4,0,8,12,0,6,0,1,0.68,0.6364,0.45,0.194,101,191,292.0
3,0,10,12,0,1,1,1,0.68,0.6364,0.55,0.1343,47,348,395.0
3,0,8,12,0,2,1,1,0.72,0.697,0.55,0.1343,60,500,560.0
3,0,8,12,0,6,0,1,0.7,0.6515,0.69,0.1343,22,127,149.0
3,0,8,12,0,3,1,1,0.78,0.7424,0.55,0.1642,85,185,270.0
3,0,6,8,0,4,1,1,0.75,0.7121,0.63,0.1343,63,238,301.0
3,0,8,12,0,5,1,2,0.7,0.6515,0.61,0.194,29,131,160.0
4,0,10,20,0,6,0,1,0.65,0.6212,0.75,0.1343,59,242,301.0
3,0,9,14,0,4,1,1,0.72,0.697,0.55,0.2836,156,356,512.0
3,0,7,12,0,1,1,1,0.7,0.6667,0.55,0.2537,103,313,416.0
2,0,7,12,0,1,1,1,0.65,0.6212,0.55,0.194,52,200,252.0
1,0,3,8,0,3,1,1,0.42,0.4242,0.5,0.2537,5,65,70.0
1,0,1,0,1,6,0,1,0.2,0.2121,0.75,0.1343,1,0,1.0
4,0,12,9,1,5,0,2,0.3,0.303,0.75,0.2239,10,32,42.0
4,0,11,15,0,6,0,1,0.48,0.4697,0.48,0.2537,12,92,104.0
3,0,8,12,0,2,1,1,0.62,0.6061,0.48,0.1045,58,409,467.0
4,0,6,15,0,2,1,1,0.78,0.7121,0.49,0.1343,72,610,682.0
4,0,10,8,0,5,1,1,0.62,0.5606,0.88,0.1045,28,781,809.0
4,1,11,12,0,2,1,2,0.56,0.5303,0.55,0.194,72,540,612.0
4,0,8,12,0,2,1,2,0.65,0.6212,0.62,0.2537,30,275,305.0
4,1,5,15,0,2,1,1,0.72,0.6818,0.49,0.1343,95,617,712.0
4,0,12,6,0,2,1,1,0.3,0.2879,0.59,0.1045,15,89,104.0
3,0,6,10,0,3,1,1,0.74,0.697,0.55,0.2537,70,550,620.0
2,0,6,10,0,2,1,1,0.7,0.6667,0.56,0.1343,62,212,274.0
1,0,6,17,0,3,1,1,0.7,0.6667,0.52,0.1343,89,506,595.0
2,0,5,7,0,4,1,2,0.46,0.4545,0.72,0.2985,13,376,389.0
2,0,6,9,0,4,1,1,0.7,0.6515,0.57,0.1642,70,303,373.0
4,0,12,8,1,4,0,2,0.3,0.2879,0.8,0.194,5,54,59.0
2,0,8,13,0,6,1,1,0.62,0.6212,0.67,0.194,57,301,358.0
4,0,10,16,0,3,1,1,0.62,0.6061,0.54,0.2537,70,313,383.0
2,0,6,14,0,1,1,1,0.74,0.7121,0.58,0.1947,65,318,383.0
4,0,10,17,0,6,0,1,0.72,0.697,0.63,0.1343,55,320,375.0
1,0,4,9,0,6,0,2,0.35,0.3485,0.75,0.2537,5,54,59.0
4,0,8,14,0,4,1,2,0.55,0.5455,0.67,0.2537,105,300,405.0
4,1,7,9,0,6,0,1,0.65,0.6212,0.52,0.194,98,350,448.0
4,1,7,16,0,4,1,1,0.8,0.7879,0.63,0.2537,96,351,447.0
3,1,8,14,0,5,1,1,0.66,0.6212,0.55,0.1343,93,276,369.0
4,0,9,3,0,4,0,1,0.38,0.3939,0.78,0.1045,3,19,22.0
3,0,8,12,0,6,0,2,0.55,0.5303,0.65,0.194,90,146,236.0
3,0,7,7,0,2,1,1,0.66,0.6364,0.61,0.1343,102,267,369.0
3,0,6,12,0,4,1,1,0.65,0.6212,0.58,0.1642,105,253,358.0
4,1,11,10,0,4,1,1,0.7,0.6818,0.55,0.1343,85,549,634.0
4,0,9,22,0,6,0,1,0.76,0.7273,0.57,0.1045,55,110,165.0
4,0,12,8,0,0,1,1,0.3,0.2879,0.55,0.1343,4,62,66.0
4,0,11,8,0,5,1,1,0.42,0.4091,0.6,0.1343,27,183,210.0
4,0,11,7,0,1,1,1,0.42,0.4091,0.73,0.2537,2,17,19.0
4,1,11,14,0,3,1,2,0.46,0.4545,1.0,0.1343,12,49,61.0
4,0,12,10,0,1,1,1,0.36,0.3333,0.55,0.1045,11,315,326.0
2,1,10,15,0,4,1,2,0.62,0.6061,0.77,0.1343,65,478,543.0
4,1,12,8,0,3,1,2,0.34,0.3485,0.67,0.2537,9,80,89.0
4,1,11,19,0,5,1,1,0.62,0.5606,0.5,0.194,126,554,680.0
4,1,9,18,0,5,1,1,0.62,0.5606,0.47,0.1343,112,479,591.0
4,1,11,16,0,5,1,1,0.56,0.5303,0.32,0.2537,130,456,586.0
1,0,1,0,0,6,0,2,0.2,0.2121,0.75,0.2537,1,17,18.0
1,1,4,13,0,1,1,2,0.56,0.5303,0.6,0.1642,67,168,235.0
4,1,12,14,0,2,1,2,0.38,0.3939,0.5,0.2239,19,185,204.0
2,1,11,16,0,6,0,1,0.62,0.5909,0.65,0.1045,65,198,263.0
2,1,5,10,0,3,1,1,0.62,0.6061,0.55,0.1343,65,347,412.0
2,0,11,15,0,2,1,1,0.52,0.5,0.55,0.1343,55,311,366.0
2,0,4,12,0,5,1,1,0.52,0.5,0.68,0.1343,25,189,214.0
2,1,4,8,0,2,1,1,0.34,0.3636,0.57,0.0,27,577,604.0
3,1,8,12,0,2,1,1,0.68,0.6364,0.55,0.1343,134,312,446.0
2,1,6,12,0,4,1,2,0.7,0.6667,0.55,0.194,85,456,541.0
4,0,9,18,0,2,1,1,0.55,0.5303,0.45,0.1343,45,314,359.0
4,0,9,12,0,2,1,1,0.48,0.4697,0.55,0.1343,67,195,262.0
3,0,9,12,0,4,1,1,0.58,0.5455,0.55,0.1343,50,288,338.0
3,0,9,12,0,4,1,1,0.66,0.6212,0.52,0.1642,120,308,428.0
3,0,9,12,0,5,1,1,0.55,0.5303,0.58,0.1343,100,287,387.0
3,0,6,15,0,2,1,1,0.72,0.697,0.45,0.1343,74,312,386.0
3,0,9,12,0,4,1,2,0.56,0.5455,0.55,0.1343,35,194,229.0
3,0,9,12,0,2,1,1,0.5,0.4848,0.55,0.1343,72,325,397.0
3,0,5,12,0,6,1,2,0.5,0.4848,0.55,0.194,90,200,290.0
3,0,7,12,0,4,1,1,0.68,0.6364,0.55,0.1343,120,298,418.0
4,1,9,13,0,3,1,1,0.52,0.5,0.47,0.3284,77,230,307.0
2,0,4,10,0,5,1,1,0.56,0.5455,0.55,0.2537,70,120,190.0
1,0,3,10,0,3,1,1,0.42,0.4242,0.37,0.2985,52,124,176.0
2,0,5,10,0,4,1,2,0.54,0.5152,0.65,0.2239,112,354,466.0
2,1,7,10,0,1,1,1,0.56,0.5455,0.51,0.1343,120,341,461.0
3,1,7,13,0,3,1,2,0.56,0.5758,0.6,0.2836,77,270,347.0
4,1,10,13,0,1,1,1,0.56,0.5455,0.48,0.1343,67,564,631.0
3,1,7,10,0,3,1,1,0.56,0.5303,0.47,0.2537,90,256,346.0
2,1,8,12,0,3,1,1,0.65,0.6212,0.55,0.2537,140,450,590.0
2,0,8,10,0,6,0,1,0.56,0.5455,0.45,0.194,88,267,355.0
2,0,9,13,0,6,0,2,0.55,0.5303,0.7,0.2537,25,216,241.0
3,0,9,16,0,6,1,2,0.6,0.5758,0.63,0.1045,78,410,488.0
4,0,11,12,0,6,0,1,0.5,0.4848,0.55,0.1343,32,555,587.0
4,0,11,12,0,6,0,2,0.44,0.4394,0.75,0.2239,7,59,66.0
2,1,9,13,0,6,0,2,0.56,0.5303,0.72,0.194,72,232,304.0
4,0,12,20,0,1,1,1,0.5,0.4848,0.55,0.1343,32,170,202.0
4,1,10,15,0,3,1,1,0.7,0.6364,0.39,0.1045,63,245,308.0
3,0,11,15,0,6,0,2,0.45,0.4545,0.76,0.1343,12,91,103.0
4,0,11,12,0,5,1,2,0.46,0.4545,0.72,0.3582,35,134,169.0
1,0,1,0,0,6,0,1,0.2,0.2121,0.5,0.194,10,20,30.0
2,0,7,12,0,6,0,1,0.7,0.6667,0.61,0.194,30,102,132.0
4,0,12,8,0,1,1,1,0.38,0.3939,0.64,0.2537,27,141,168.0
4,0,8,12,1,2,0,2,0.5,0.4848,0.75,0.2836,9,35,44.0
3,0,10,13,0,5,1,1,0.56,0.5303,0.45,0.194,75,245,320.0
4,1,8,15,0,6,0,2,0.68,0.6364,0.65,0.194,75,222,297.0
4,0,11,20,0,6,0,1,0.56,0.5303,0.54,0.1343,30,150,180.0
4,0,2,7,1,0,0,2,0.4,0.3939,0.75,0.1642,5,211,216.0
4,0,11,13,0,2,1,1,0.48,0.4697,0.62,0.1045,155,361,516.0
4,0,8,9,0,3,1,1,0.65,0.6212,0.55,0.194,72,356,428.0
2,0,7,14,0,4,1,1,0.65,0.6212,0.55,0.2537,68,222,290.0
3,0,7,16,0,6,0,1,0.7,0.6667,0.45,0.1343,105,364,469.0
2,1,6,17,0,3,1,1,0.72,0.697,0.55,0.1343,128,520,648.0
3,1,8,16,0,5,1,2,0.63,0.6061,0.55,0.1343,89,448,537.0
2,0,11,14,0,6,0,2,0.56,0.5303,0.68,0.2537,33,193,226.0
3,0,5,10,0,6,0,1,0.62,0.6212,0.65,0.1343,58,354,412.0
3,0,7,12,0,6,0,1,0.7,0.6364,0.55,0.1045,28,267,295.0
3,0,7,10,0,2,1,1,0.7,0.6364,0.55,0.1343,84,453,537.0
3,0,9,15,0,3,1,1,0.76,0.7273,0.42,0.1343,185,378,563.0
3,0,8,16,0,1,1,1,0.78,0.7273,0.41,0.194,59,444,503.0
3,0,7,9,0,1,1,1,0.7,0.6364,0.55,0.1045,61,409,470.0
2,0,6,13,0,3,1,2,0.62,0.6212,0.74,0.1343,36,154,190.0
3,0,9,12,0,6,0,1,0.62,0.5758,0.53,0.194,75,301,376.0
3,1,10,12,0,3,1,1,0.62,0.5909,0.57,0.194,135,486,621.0
2,0,6,12,0,3,1,1,0.7,0.6667,0.65,0.1343,45,214,259.0
4,0,10,12,0,3,1,2,0.58,0.5455,0.52,0.194,37,264,301.0
2,0,10,12,0,3,1,1,0.62,0.6061,0.45,0.194,87,192,279.0
4,0,11,12,0,3,1,1,0.42,0.4091,0.55,0.194,12,423,435.0
2,0,6,12,0,4,1,2,0.64,0.6061,0.65,0.1642,60,550,610.0
1,1,2,7,0,3,1,1,0.42,0.4091,0.56,0.1642,13,312,325.0
4,0,11,7,1,1,0,1,0.3,0.2879,0.6,0.1343,4,76,80.0
3,0,11,8,1,4,0,2,0.3,0.2879,0.83,0.3582,5,85,90.0
3,1,9,21,0,2,1,1,0.7,0.6515,0.55,0.1642,98,789,887.0
3,0,10,4,0,6,0,2,0.48,0.4545,0.75,0.2537,8,54,62.0
3,0,8,15,0,6,0,1,0.62,0.5909,0.7,0.194,32,186,218.0
3,0,7,8,0,2,1,2,0.56,0.5303,0.65,0.2239,32,180,212.0
3,0,8,12,0,6,0,1,0.68,0.6515,0.62,0.2239,33,88,121.0
3,0,8,7,0,2,1,1,0.58,0.5455,0.67,0.194,35,210,245.0
3,1,10,20,0,3,1,2,0.62,0.5909,0.78,0.2537,56,223,279.0
3,1,8,20,0,2,1,1,0.72,0.6818,0.55,0.2537,180,685,865.0
3,1,10,13,0,4,1,1,0.7,0.6667,0.43,0.2537,78,488,566.0
2,0,8,14,0,2,1,1,0.75,0.697,0.47,0.194,98,451,549.0
2,0,4,12,0,6,0,1,0.42,0.4091,0.48,0.2537,27,176,203.0
2,0,11,14,0,6,0,2,0.48,0.4697,0.72,0.194,38,102,140.0
2,0,3,8,0,6,0,1,0.45,0.4242,0.62,0.1343,30,88,118.0
2,0,4,6,0,2,1,1,0.42,0.4091,0.58,0.1642,25,190,215.0
2,0,11,13,0,3,1,2,0.44,0.4394,0.72,0.1343,33,116,149.0
2,0,8,14,0,3,1,1,0.62,0.5909,0.55,0.194,97,512,609.0
1,0,2,10,0,3,1,1,0.45,0.4545,0.72,0.194,25,100,125.0
2,0,8,14,0,2,1,1,0.65,0.6212,0.55,0.194,95,369,464.0
2,0,8,14,0,2,1,1,0.68,0.6364,0.57,0.1343,70,284,354.0
4,1,10,16,0,1,1,1,0.72,0.6818,0.55,0.1343,85,555,640.0
4,1,10,15,0,6,0,1,0.62,0.6061,0.68,0.1045,69,191,260.0
3,1,10,15,0,6,0,1,0.76,0.697,0.55,0.194,120,320,440.0
2,0,10,16,0,1,1,1,0.72,0.697,0.55,0.1343,52,587,639.0
4,1,10,16,0,2,1,1,0.62,0.5758,0.65,0.1045,75,654,729.0
4,1,10,15,0,6,0,2,0.55,0.5303,0.68,0.2836,32,176,208.0
4,1,10,16,0,6,0,2,0.55,0.5303,0.67,0.1343,33,239,272.0
4,1,12,6,0,2,1,1,0.36,0.3485,0.58,0.194,21,312,333.0
4,1,11,14,0,6,0,1,0.62,0.5818,0.55,0.1343,22,310,332.0
3,1,7,14,0,6,1,1,0.72,0.6818,0.52,0.1642,63,387,450.0
3,1,10,8,0,4,1,1,0.68,0.6364,0.52,0.1343,126,409,535.0
3,1,7,8,0,2,1,1,0.72,0.697,0.55,0.194,62,379,441.0
4,0,8,12,0,6,0,1,0.62,0.6061,0.48,0.1343,45,72,117.0
3,1,10,9,0,2,1,1,0.68,0.6364,0.59,0.1642,125,244,369.0
3,1,7,8,0,6,0,2,0.56,0.5455,0.59,0.194,56,268,324.0
3,1,7,9,0,4,1,1,0.72,0.697,0.61,0.194,78,365,443.0
3,1,8,10,0,2,1,1,0.72,0.697,0.62,0.194,102,523,625.0
3,1,8,10,0,2,1,1,0.72,0.697,0.55,0.1343,63,401,464.0
4,1,12,10,0,2,1,2,0.72,0.697,0.59,0.2537,55,670,725.0
3,1,9,21,0,5,1,1,0.67,0.6515,0.63,0.1343,49,288,337.0
4,0,11,7,0,4,1,1,0.3,0.303,0.48,0.2537,5,52,57.0
4,0,12,8,1,1,0,3,0.3,0.303,0.75,0.194,3,11,14.0
4,0,11,8,0,4,1,1,0.34,0.3333,0.58,0.1045,4,102,106.0
4,0,12,8,1,5,0,3,0.3,0.303,0.8,0.2537,1,9,10.0
4,0,12,12,0,6,0,1,0.34,0.3333,0.48,0.194,20,110,130.0
4,0,12,9,1,4,0,3,0.22,0.2121,0.95,0.2537,0,2,2.0
4,0,12,23,0,6,0,1,0.35,0.3182,0.7,0.1343,5,20,25.0
4,0,12,5,1,2,0,3,0.22,0.1818,0.91,0.2836,1,1,2.0
4,0,12,15,0,1,1,1,0.42,0.4091,0.55,0.194,51,109,160.0
4,0,12,8,1,2,0,2,0.34,0.3333,0.93,0.2985,1,5,6.0
4,1,11,7,0,6,0,2,0.3,0.303,0.6,0.2537,5,37,42.0
3,1,8,12,0,5,1,1,0.75,0.697,0.51,0.194,175,678,853.0
1,1,12,10,0,2,1,2,0.3,0.2879,0.75,0.0896,20,182,202.0
2,1,4,11,0,6,0,1,0.66,0.6364,0.58,0.1343,200,310,510.0
1,1,2,5,0,3,1,1,0.42,0.4242,0.69,0.194,31,108,139.0
2,1,5,14,0,3,1,1,0.6,0.5758,0.48,0.2537,124,387,511.0
4,0,9,14,0,6,0,1,0.64,0.6061,0.52,0.1343,58,227,285.0
4,1,12,7,0,3,1,2,0.26,0.2727,0.65,0.2537,10,77,87.0
2,0,6,13,0,3,1,1,0.68,0.6364,0.55,0.1343,98,390,488.0
2,0,5,14,0,3,1,1,0.62,0.6061,0.55,0.2537,120,399,519.0
1,1,9,13,0,6,0,2,0.56,0.553,0.77,0.194,38,168,206.0
3,0,9,4,0,4,1,1,0.62,0.6061,0.67,0.1343,7,95,102.0
4,0,11,9,1,6,0,3,0.32,0.2879,0.77,0.1343,2,4,6.0
4,0,11,3,0,0,0,3,0.22,0.2424,0.88,0.1343,1,23,24.0
4,0,10,6,0,0,0,1,0.38,0.3939,0.8,0.2537,5,52,57.0
4,0,11,4,0,3,0,1,0.36,0.3333,0.68,0.1343,2,7,9.0
3,0,11,13,0,4,1,1,0.58,0.5455,0.69,0.1343,42,311,353.0
2,0,9,11,0,4,1,2,0.64,0.6061,0.55,0.194,93,267,360.0
4,0,9,3,0,3,0,2,0.35,0.3333,0.78,0.1642,2,15,17.0
3,0,7,21,0,2,1,1,0.81,0.7576,0.44,0.194,67,312,379.0
4,0,9,5,0,3,0,2,0.42,0.4091,0.7,0.1642,5,13,18.0
2,0,8,12,0,4,1,1,0.7,0.6515,0.62,0.2239,88,447,535.0
3,0,5,7,0,1,1,1,0.65,0.6364,0.69,0.2239,45,210,255.0
4,1,11,3,0,3,1,1,0.68,0.6364,0.56,0.1045,20,112,132.0
4,1,11,7,0,4,1,1,0.58,0.5455,0.6,0.1045,78,228,306.0
2,1,6,9,0,2,1,1,0.72,0.697,0.55,0.1343,63,345,408.0
2,0,11,8,0,5,1,1,0.48,0.4697,0.65,0.1343,49,150,199.0
2,0,4,8,0,5,1,1,0.56,0.5455,0.65,0.2239,32,158,190.0
2,1,10,6,0,4,1,1,0.52,0.5,0.67,0.1642,23,163,186.0
4,0,10,12,0,3,1,1,0.65,0.6212,0.55,0.1343,77,281,358.0
4,1,7,12,0,3,1,2,0.72,0.697,0.58,0.194,89,479,568.0
3,0,12,17,1,6,0,3,0.2,0.2121,0.91,0.2537,3,23,26.0
4,0,12,5,0,2,0,2,0.32,0.303,0.6,0.1343,10,15,25.0
4,0,12,4,1,2,0,3,0.2,0.1818,0.9,0.2537,4,21,25.0
3,0,9,3,0,5,0,1,0.48,0.4697,0.67,0.1343,2,73,75.0
4,0,12,5,0,3,1,1,0.3,0.303,0.6,0.1343,2,91,93.0
1,0,5,14,0,1,1,2,0.62,0.6212,0.5,0.3582,59,180,239.0
2,0,7,12,0,6,0,1,0.75,0.7121,0.45,0.2836,58,267,325.0
1,0,2,9,0,0,1,1,0.3,0.2879,0.51,0.1642,6,54,60.0
2,0,3,5,0,6,0,1,0.34,0.3182,0.61,0.1343,5,58,63.0
3,1,8,12,0,6,0,2,0.62,0.6061,0.56,0.194,25,172,197.0
3,0,7,12,0,4,1,1,0.62,0.6061,0.55,0.1343,90,315,405.0
3,1,8,12,0,1,1,1,0.78,0.7424,0.51,0.2537,125,698,823.0
3,1,7,12,0,4,1,1,0.72,0.697,0.55,0.194,180,657,837.0
3,1,7,13,0,5,1,1,0.68,0.6515,0.56,0.194,163,674,837.0
3,1,8,12,0,4,1,1,0.62,0.6061,0.48,0.194,125,465,590.0
3,0,7,12,0,1,1,1,0.65,0.6212,0.42,0.1642,50,480,530.0
3,0,5,8,0,4,1,1,0.62,0.6061,0.56,0.194,45,555,600.0
3,1,7,12,0,4,1,1,0.62,0.6061,0.52,0.1642,123,654,777.0
3,1,8,12,0,6,0,2,0.68,0.6364,0.52,0.2537,77,207,284.0
2,0,8,10,0,4,1,1,0.68,0.6515,0.55,0.1343,82,389,471.0
2,1,8,12,0,2,1,1,0.7,0.6667,0.55,0.1343,89,467,556.0
4,0,5,9,0,2,1,1,0.68,0.6515,0.49,0.194,48,158,206.0
3,1,9,13,0,1,1,2,0.68,0.6515,0.55,0.2836,78,215,293.0
2,0,8,7,0,5,1,1,0.56,0.5455,0.47,0.1343,55,289,344.0
4,1,11,10,0,3,1,1,0.48,0.4545,0.55,0.2239,67,300,367.0
1,0,2,5,0,6,0,1,0.3,0.2879,0.61,0.2836,14,51,65.0
2,0,8,13,0,5,1,2,0.56,0.5455,0.47,0.1642,78,234,312.0
3,0,8,13,0,1,1,1,0.68,0.6364,0.55,0.194,78,388,466.0
4,0,10,13,0,2,1,1,0.68,0.6515,0.47,0.2537,84,385,469.0
2,0,11,13,0,5,1,1,0.42,0.4242,0.61,0.194,56,387,443.0
3,0,7,12,0,2,1,2,0.7,0.6515,0.6,0.194,56,222,278.0
4,0,10,20,0,1,1,2,0.62,0.6061,0.78,0.1642,29,268,297.0
2,0,7,12,0,6,0,1,0.55,0.5303,0.45,0.194,32,132,164.0
1,0,8,10,0,3,1,1,0.62,0.6061,0.69,0.1045,35,99,134.0
2,1,7,10,0,6,0,1,0.7,0.6515,0.68,0.1045,50,189,239.0
4,0,6,12,0,2,1,1,0.75,0.697,0.72,0.2239,87,211,298.0
2,1,7,14,0,6,0,1,0.72,0.697,0.55,0.1343,77,292,369.0
2,0,7,12,0,4,1,1,0.75,0.7121,0.42,0.1642,92,658,750.0
2,0,7,13,0,6,0,1,0.73,0.697,0.55,0.1343,122,318,440.0
4,0,12,3,0,1,1,1,0.3,0.303,0.8,0.2537,5,20,25.0
4,0,11,9,0,2,1,1,0.56,0.5606,0.45,0.3582,62,382,444.0
4,0,8,9,0,6,0,1,0.56,0.5303,0.48,0.3582,92,325,417.0
2,0,6,9,0,2,1,1,0.56,0.5758,0.55,0.2239,60,200,260.0
4,0,10,15,0,3,1,1,0.72,0.697,0.56,0.2836,79,222,301.0
4,0,12,21,1,6,0,3,0.28,0.303,0.92,0.2537,4,26,30.0
4,0,11,12,0,1,1,1,0.64,0.6364,0.48,0.2537,35,132,167.0
4,1,12,10,0,4,1,1,0.32,0.3333,0.66,0.0,23,138,161.0
4,0,11,9,0,2,1,2,0.48,0.4848,0.45,0.2537,30,98,128.0
4,0,9,20,0,3,1,2,0.72,0.697,0.55,0.1642,62,430,492.0
3,1,7,13,0,6,0,2,0.55,0.5303,0.63,0.2836,75,220,295.0
3,1,7,14,0,4,1,1,0.56,0.5303,0.45,0.194,77,534,611.0
3,1,10,13,0,1,1,2,0.55,0.5303,0.68,0.2537,108,315,423.0
2,1,9,8,0,3,1,1,0.68,0.6364,0.55,0.1343,45,501,546.0
3,0,11,15,0,2,1,1,0.55,0.5303,0.67,0.1343,60,465,525.0
1,1,5,13,0,1,1,1,0.65,0.6212,0.55,0.1343,105,530,635.0
3,1,7,13,0,5,1,1,0.68,0.6364,0.55,0.1343,70,540,610.0
2,0,10,14,0,5,1,1,0.64,0.6212,0.46,0.1343,98,563,661.0
2,1,7,13,0,5,1,1,0.68,0.6364,0.55,0.1343,120,450,570.0
2,1,10,13,0,6,0,2,0.55,0.5303,0.63,0.1343,40,163,203.0
1,0,1,1,0,1,1,1,0.2,0.2273,0.45,0.1343,5,25,30.0
1,1,4,8,0,6,1,2,0.42,0.4091,0.56,0.194,30,320,350.0
3,1,8,12,0,2,1,1,0.72,0.697,0.55,0.194,78,520,598.0
4,1,8,17,0,3,1,1,0.76,0.7121,0.45,0.194,120,580,700.0
2,0,8,15,0,4,1,2,0.56,0.5303,0.68,0.194,25,205,230.0
1,0,1,0,0,6,0,1,0.24,0.2879,0.81,0.0,3,13,16.0
4,1,10,14,0,6,1,1,0.62,0.5909,0.78,0.1343,72,310,382.0
2,0,8,12,0,6,1,1,0.76,0.7121,0.57,0.1045,78,178,256.0
1,0,3,16,0,0,0,1,0.54,0.5152,0.73,0.0896,229,312,541.0
1,1,4,12,0,6,1,1,0.62,0.5909,0.75,0.1343,40,102,142.0
2,0,7,13,0,6,1,1,0.68,0.6515,0.56,0.1343,85,317,402.0
2,0,11,6,0,4,1,1,0.45,0.4242,0.62,0.1343,7,179,186.0
2,0,8,9,0,2,1,1,0.65,0.6212,0.68,0.1642,90,501,591.0
2,0,2,8,0,3,1,1,0.42,0.3939,0.65,0.1343,10,101,111.0
2,0,11,5,0,1,1,1,0.42,0.4091,0.67,0.194,8,158,166.0
2,0,7,17,0,6,0,1,0.72,0.697,0.55,0.1642,28,68,96.0
2,0,7,15,0,2,1,1,0.68,0.6364,0.45,0.194,111,315,426.0
2,0,6,15,0,2,1,1,0.7,0.6667,0.55,0.1343,140,260,400.0
2,0,7,13,0,6,0,1,0.7,0.6667,0.6,0.2537,70,175,245.0
2,0,11,13,0,5,1,1,0.56,0.5303,0.57,0.1343,72,250,322.0
2,0,8,17,0,3,1,1,0.7,0.6515,0.45,0.3582,98,377,475.0
2,0,8,9,0,4,1,1,0.65,0.6212,0.55,0.2239,72,306,378.0
2,0,5,8,0,2,1,1,0.6,0.6061,0.65,0.1343,72,424,496.0
2,1,8,14,0,4,1,1,0.7,0.6515,0.55,0.1343,150,550,700.0
2,1,8,17,0,2,1,1,0.65,0.6212,0.55,0.194,95,421,516.0
4,0,10,18,0,6,0,1,0.5,0.4848,0.55,0.1343,82,370,452.0
2,0,8,17,0,3,1,1,0.7,0.6515,0.55,0.1343,92,517,609.0
2,1,8,17,0,2,1,1,0.7,0.6667,0.55,0.194,120,380,500.0
3,0,8,14,0,4,1,1,0.65,0.6212,0.55,0.194,92,451,543.0
3,1,7,19,0,5,1,1,0.74,0.6667,0.51,0.1642,103,385,488.0
3,0,8,14,0,1,1,1,0.7,0.6515,0.55,0.1343,62,246,308.0
4,0,12,8,0,3,1,1,0.42,0.4091,0.45,0.2537,20,120,140.0
1,0,1,0,0,6,0,2,0.2,0.2121,0.45,0.194,3,42,45.0
4,0,5,13,0,6,0,1,0.62,0.5758,0.56,0.1343,60,90,150.0
3,1,7,14,0,4,1,1,0.7,0.6515,0.55,0.2537,98,312,410.0
1,0,2,8,0,6,0,1,0.22,0.2121,0.52,0.1343,8,63,71.0
3,1,9,14,0,3,1,2,0.62,0.5909,0.61,0.194,88,356,444.0
3,0,6,12,0,2,1,1,0.72,0.697,0.52,0.194,68,267,335.0
2,0,5,10,0,2,1,2,0.64,0.6061,0.69,0.3582,36,91,127.0
1,0,5,7,0,1,1,1,0.48,0.4697,0.54,0.2537,25,102,127.0
2,0,4,12,0,3,1,2,0.52,0.4848,0.75,0.194,57,400,457.0
2,0,5,12,0,4,1,1,0.7,0.6515,0.63,0.1045,78,596,674.0
2,0,9,12,0,2,1,2,0.52,0.5,0.62,0.1343,45,365,410.0
2,0,3,12,0,2,1,1,0.5,0.4848,0.65,0.194,98,555,653.0
2,0,4,12,0,6,0,2,0.52,0.4848,0.67,0.194,62,277,339.0
2,0,4,12,0,5,1,2,0.55,0.5152,0.68,0.194,25,321,346.0
2,1,4,15,0,2,1,1,0.56,0.5303,0.65,0.1343,78,689,767.0
2,1,3,12,0,5,1,2,0.45,0.4545,0.65,0.194,75,603,678.0
2,1,9,12,0,3,1,1,0.68,0.6364,0.78,0.1642,72,642,714.0
3,1,8,16,0,1,1,2,0.78,0.7121,0.65,0.1343,95,750,845.0
1,1,4,15,0,2,1,1,0.62,0.5985,0.45,0.194,110,321,431.0
1,0,2,9,0,1,1,1,0.28,0.2576,0.38,0.2537,21,116,137.0
1,0,2,5,0,4,0,1,0.34,0.303,0.43,0.1343,8,39,47.0
3,0,8,15,0,4,1,1,0.68,0.6515,0.56,0.194,98,435,533.0
2,1,12,8,0,3,1,1,0.56,0.5303,0.47,0.194,75,345,420.0
2,1,10,8,0,4,1,1,0.52,0.5,0.61,0.1045,48,312,360.0
2,1,5,16,0,3,1,1,0.66,0.6364,0.45,0.1343,123,330,453.0
2,0,5,16,0,3,1,1,0.56,0.5303,0.45,0.1343,77,199,276.0
2,1,6,15,0,4,1,1,0.7,0.6667,0.45,0.1642,234,629,863.0
2,1,10,14,0,3,1,1,0.54,0.5455,0.48,0.194,87,412,499.0
3,0,5,8,0,3,1,2,0.6,0.5606,0.75,0.2537,52,216,268.0
1,0,1,12,0,3,1,1,0.3,0.2879,0.56,0.2537,10,150,160.0
3,0,7,15,0,4,1,1,0.7,0.6667,0.52,0.1343,85,206,291.0
1,0,2,4,0,3,0,1,0.2,0.1967,0.75,0.2537,8,47,55.0
3,0,11,8,0,6,0,2,0.55,0.5303,0.78,0.2239,10,150,160.0
3,0,10,9,0,5,1,2,0.68,0.6364,0.52,0.194,42,196,238.0
3,0,8,14,0,3,1,1,0.7,0.697,0.56,0.1642,45,215,260.0
1,0,1,0,0,6,0,1,0.2,0.2273,0.6,0.1343,0,1,1.0
3,0,8,17,0,4,1,2,0.62,0.6212,0.57,0.194,45,314,359.0
3,0,7,12,0,2,1,1,0.7,0.6667,0.55,0.1343,56,276,332.0
4,1,12,10,0,5,1,1,0.62,0.6061,0.45,0.1343,36,132,168.0
2,0,5,10,0,1,1,1,0.6,0.6061,0.55,0.194,67,183,250.0
2,0,4,12,0,1,1,2,0.42,0.4091,0.67,0.194,10,54,64.0
2,1,6,11,0,5,1,1,0.72,0.6818,0.55,0.1343,78,478,556.0
4,0,7,8,0,2,1,1,0.6,0.5606,0.8,0.1642,49,307,356.0
2,0,6,13,0,2,1,1,0.66,0.6212,0.52,0.1045,67,205,272.0
4,0,12,12,0,5,1,1,0.55,0.5303,0.51,0.2537,45,295,340.0
2,1,6,12,0,3,1,1,0.7,0.6818,0.55,0.2239,75,341,416.0
4,0,11,12,0,0,0,2,0.42,0.4091,0.75,0.1343,10,32,42.0
4,0,2,12,0,6,0,1,0.32,0.3182,0.56,0.194,8,115,123.0
2,0,10,14,0,1,1,1,0.56,0.5303,0.65,0.1343,60,201,261.0
4,1,7,14,0,5,1,1,0.72,0.6818,0.61,0.1343,100,652,752.0
1,0,12,23,1,6,0,2,0.26,0.2576,0.84,0.2537,1,5,6.0
4,0,9,16,0,6,0,1,0.62,0.5909,0.7,0.2239,89,156,245.0
4,1,11,23,0,2,1,3,0.32,0.3182,0.63,0.1045,2,89,91.0
4,1,12,18,0,6,0,3,0.32,0.3182,0.68,0.2537,12,73,85.0
2,1,5,12,0,3,1,1,0.68,0.6364,0.61,0.194,68,260,328.0
2,1,12,18,0,4,1,1,0.64,0.6212,0.47,0.194,98,512,610.0
2,1,10,18,0,6,0,2,0.56,0.5455,0.68,0.2537,85,179,264.0
4,1,9,12,0,6,0,2,0.62,0.5909,0.55,0.194,25,245,270.0
4,0,11,15,0,2,1,1,0.56,0.5455,0.54,0.1642,38,292,330.0
4,0,12,19,1,3,0,3,0.24,0.2121,0.92,0.1343,1,3,4.0
4,0,10,13,0,6,0,1,0.64,0.6061,0.72,0.1045,23,85,108.0
3,0,9,14,0,6,0,1,0.62,0.5909,0.69,0.1045,22,84,106.0
3,0,6,15,0,5,1,1,0.7,0.697,0.55,0.1642,70,610,680.0
4,0,12,7,0,3,1,1,0.32,0.3333,0.6,0.1343,10,122,132.0
4,0,11,10,0,2,1,1,0.54,0.5152,0.65,0.1343,42,422,464.0
4,1,9,11,0,2,1,1,0.72,0.697,0.65,0.1343,57,621,678.0
2,0,7,13,0,6,0,1,0.68,0.6364,0.55,0.1045,105,207,312.0
4,0,12,5,0,2,1,1,0.22,0.2121,0.56,0.1343,2,20,22.0
4,0,6,11,0,2,1,1,0.7,0.6515,0.54,0.1343,73,137,210.0
2,0,11,14,0,2,1,2,0.6,0.5758,0.58,0.2537,45,306,351.0
4,0,6,14,0,2,1,2,0.64,0.6061,0.71,0.2537,56,345,401.0
2,0,6,14,0,3,1,1,0.7,0.6667,0.55,0.1343,77,341,418.0
2,0,9,15,0,1,1,1,0.65,0.6212,0.55,0.194,72,566,638.0
2,1,5,12,0,5,1,1,0.6,0.5758,0.55,0.194,55,720,775.0
2,0,5,15,0,2,1,1,0.63,0.6061,0.49,0.1642,77,299,376.0
4,0,6,18,0,3,1,2,0.6,0.5758,0.64,0.1642,55,311,366.0
2,1,5,12,0,2,1,2,0.6,0.5758,0.63,0.1343,51,376,427.0
2,0,5,15,0,2,1,1,0.68,0.6364,0.52,0.194,65,386,451.0
2,0,5,10,0,4,1,1,0.6,0.5455,0.62,0.194,47,141,188.0
2,0,7,14,0,6,0,1,0.6,0.5455,0.48,0.1343,85,194,279.0
4,0,11,7,0,5,0,1,0.32,0.3333,0.68,0.1045,8,57,65.0
4,0,12,8,1,1,0,2,0.28,0.2576,0.84,0.2537,2,11,13.0
2,0,7,13,0,6,0,1,0.55,0.5303,0.52,0.1343,52,188,240.0
3,0,10,20,0,6,0,2,0.52,0.5,0.6,0.194,10,71,81.0
1,1,10,13,0,2,1,1,0.62,0.6061,0.58,0.1343,79,211,290.0
4,0,11,13,0,1,1,1,0.46,0.4545,0.56,0.1343,102,345,447.0
4,0,11,10,0,6,0,2,0.42,0.4091,0.67,0.1343,30,17,47.0
3,1,7,13,0,2,1,1,0.72,0.697,0.42,0.194,88,365,453.0
4,0,12,10,0,3,1,2,0.48,0.4697,0.61,0.3881,86,154,240.0
1,0,1,0,0,6,0,1,0.24,0.2879,0.81,0.0,3,10,13.0
4,1,12,23,1,6,0,3,0.3,0.303,0.92,0.1343,5,47,52.0
4,0,11,19,0,3,1,1,0.52,0.5,0.68,0.1343,59,221,280.0
3,1,9,11,0,3,1,1,0.62,0.6212,0.48,0.2537,122,588,710.0
3,0,9,15,0,4,1,1,0.64,0.6061,0.55,0.1045,78,332,410.0
2,0,9,9,0,6,0,1,0.64,0.6061,0.65,0.194,43,154,197.0
4,0,10,22,0,2,0,1,0.62,0.6061,0.58,0.1343,49,122,171.0
4,0,12,12,1,6,0,2,0.3,0.2879,0.75,0.194,5,42,47.0
2,0,5,11,0,4,0,1,0.62,0.6061,0.48,0.194,110,222,332.0
2,0,10,7,0,2,1,2,0.52,0.5,0.65,0.194,10,132,142.0
1,0,5,16,0,1,0,1,0.6,0.5758,0.55,0.1343,28,522,550.0
2,0,4,12,0,5,1,1,0.62,0.5758,0.54,0.1343,56,188,244.0
1,0,1,0,0,6,0,1,0.2,0.1818,0.8,0.1,5,52,57.0
2,0,11,13,0,6,0,2,0.46,0.4545,0.6,0.1343,57,119,176.0
2,0,10,11,0,1,1,1,0.6,0.5758,0.5,0.1343,80,200,280.0
2,0,11,13,0,6,0,1,0.52,0.5,0.63,0.194,62,138,200.0
2,0,10,12,0,2,1,2,0.66,0.6212,0.61,0.1045,45,313,358.0
2,0,4,10,0,6,0,1,0.52,0.5,0.53,0.1343,35,188,223.0
2,0,10,12,0,6,0,2,0.55,0.5152,0.53,0.1343,15,322,337.0
4,0,10,13,0,4,1,2,0.52,0.5,0.55,0.2836,38,181,219.0
3,0,7,12,0,4,1,2,0.56,0.5303,0.65,0.1343,75,289,364.0
4,0,10,12,0,3,1,2,0.48,0.4545,0.61,0.1642,15,172,187.0
4,0,10,18,1,6,0,2,0.52,0.5,0.64,0.1343,10,50,60.0
3,0,9,12,0,4,1,1,0.62,0.6061,0.48,0.194,68,231,299.0
3,1,8,9,0,5,1,1,0.74,0.697,0.7,0.0,61,337,398.0
4,1,10,14,0,1,1,2,0.56,0.5303,0.6,0.2537,77,180,257.0
2,0,4,12,0,6,0,1,0.62,0.5758,0.48,0.1343,46,137,183.0
4,0,10,18,0,6,0,3,0.46,0.4545,0.76,0.2537,8,82,90.0
3,1,8,9,0,5,1,1,0.68,0.65,0.52,0.16,50,300,350.0
2,0,6,12,0,3,1,1,0.64,0.6212,0.55,0.1343,120,315,435.0
4,0,8,12,0,6,0,2,0.62,0.5606,0.68,0.194,26,158,184.0
3,1,6,12,0,6,0,1,0.72,0.697,0.55,0.1343,150,227,377.0
4,1,7,13,0,5,1,1,0.72,0.6818,0.51,0.1343,89,432,521.0
3,1,8,12,0,5,1,2,0.62,0.5909,0.65,0.1642,45,226,271.0
2,1,9,12,0,5,1,1,0.68,0.6364,0.42,0.2537,73,335,408.0
3,0,6,12,0,2,1,1,0.64,0.6212,0.52,0.1343,100,155,255.0
3,0,8,12,0,1,1,2,0.62,0.5909,0.65,0.1343,30,181,211.0
3,1,7,13,0,5,1,1,0.68,0.6364,0.57,0.1642,156,263,419.0
3,1,8,13,0,3,1,2,0.68,0.6364,0.55,0.2239,85,311,396.0
3,1,8,12,0,4,1,1,0.78,0.7424,0.59,0.1343,72,654,726.0
1,1,7,18,0,3,1,1,0.64,0.6212,0.62,0.2537,50,336,386.0
3,0,7,16,0,5,1,1,0.72,0.6969,0.45,0.1343,103,789,892.0
3,1,9,16,0,4,1,1,0.78,0.7424,0.62,0.1343,70,305,375.0
2,0,7,13,0,4,1,2,0.62,0.6061,0.73,0.1642,20,120,140.0
2,0,7,12,0,1,1,1,0.52,0.5,0.62,0.2537,25,430,455.0
3,0,9,16,0,3,1,1,0.58,0.5606,0.72,0.194,34,482,516.0
3,1,11,17,0,6,0,2,0.58,0.5606,0.75,0.194,30,208,238.0
4,1,3,18,0,4,1,1,0.62,0.6212,0.61,0.194,74,526,600.0
3,0,8,17,0,6,0,1,0.72,0.6818,0.52,0.1343,72,289,361.0
3,1,7,14,0,6,0,1,0.74,0.7121,0.49,0.1343,70,410,480.0
1,0,5,12,0,3,1,1,0.55,0.5455,0.56,0.194,25,321,346.0
2,1,7,14,0,3,1,1,0.72,0.6818,0.45,0.1343,132,312,444.0
3,0,7,14,0,2,1,1,0.7,0.6515,0.45,0.2239,90,365,455.0
3,0,5,21,0,1,1,1,0.68,0.6364,0.55,0.194,56,200,256.0
1,0,5,7,0,3,1,1,0.56,0.5303,0.58,0.1343,70,305,375.0
3,0,7,14,0,2,1,1,0.7,0.6969,0.5,0.1343,77,208,285.0
2,0,7,14,0,1,1,2,0.63,0.6212,0.58,0.194,72,378,450.0
3,0,5,17,0,3,1,2,0.55,0.5606,0.52,0.194,58,216,274.0
3,0,7,14,0,4,1,1,0.72,0.697,0.55,0.2537,90,325,415.0
4,0,12,20,0,5,1,1,0.44,0.4394,0.51,0.194,89,395,484.0
4,0,11,20,0,2,1,1,0.48,0.4697,0.65,0.1045,12,127,139.0
3,0,11,16,0,3,1,1,0.64,0.6212,0.57,0.1343,98,378,476.0
3,0,11,7,0,2,1,1,0.5,0.4848,0.65,0.1045,15,50,65.0
3,0,8,5,0,3,1,1,0.62,0.5758,0.54,0.1343,13,44,57.0
4,1,12,19,0,1,1,2,0.45,0.4545,0.75,0.2239,46,386,432.0
2,0,4,17,0,6,0,1,0.6,0.5909,0.73,0.3284,168,215,383.0
3,1,10,14,0,4,1,2,0.65,0.6212,0.57,0.1343,92,619,711.0
3,0,10,6,0,3,1,2,0.45,0.4545,0.65,0.3582,15,211,226.0
4,0,12,20,0,3,1,1,0.56,0.5303,0.78,0.1343,52,318,370.0
4,1,12,8,0,6,0,2,0.3,0.2879,0.8,0.2537,10,90,100.0
4,0,8,15,0,5,1,1,0.78,0.7273,0.48,0.2985,70,420,490.0
4,0,11,15,0,4,1,2,0.48,0.4697,0.57,0.2537,10,111,121.0
4,0,11,15,0,3,1,2,0.42,0.4091,0.66,0.2537,20,154,174.0
4,0,8,14,0,2,1,1,0.78,0.7273,0.55,0.2836,150,320,470.0
4,0,12,7,0,4,1,1,0.36,0.3333,0.68,0.2537,12,123,135.0
4,0,11,7,0,5,1,1,0.46,0.4545,0.74,0.1343,10,82,92.0
4,1,9,18,0,6,0,1,0.72,0.697,0.61,0.2537,122,483,605.0
3,0,9,18,0,5,1,1,0.65,0.6212,0.55,0.1343,120,340,460.0
1,1,4,8,0,6,0,1,0.52,0.5,0.61,0.2537,10,100,110.0
1,0,3,8,0,5,1,1,0.4,0.4091,0.5,0.1343,10,100,110.0
4,1,9,12,0,5,1,1,0.62,0.5909,0.48,0.1642,83,642,725.0
1,0,3,10,0,6,0,2,0.45,0.4545,0.62,0.1642,40,110,150.0
4,1,8,12,0,6,0,2,0.52,0.4848,0.67,0.2239,30,173,203.0
1,1,1,0,0,4,0,2,0.3,0.2879,0.81,0.0,4,65,69.0
3,0,8,17,0,1,1,1,0.86,0.7727,0.39,0.1642,67,460,527.0
2,1,6,14,0,2,1,2,0.58,0.5455,0.46,0.1642,82,194,276.0
4,0,9,22,0,6,0,3,0.46,0.4545,0.56,0.2836,8,54,62.0
1,1,5,12,0,6,0,1,0.7,0.6667,0.55,0.2239,120,400,520.0
1,1,1,12,0,5,1,2,0.4,0.3939,0.55,0.194,45,350,395.0
3,0,12,8,0,6,0,2,0.32,0.303,0.8,0.2537,3,7,10.0
4,0,11,16,0,1,1,1,0.4,0.4091,0.42,0.194,35,130,165.0
4,0,8,9,0,6,1,2,0.76,0.697,0.56,0.2537,56,101,157.0
4,1,8,14,0,6,1,2,0.76,0.7424,0.62,0.194,125,246,371.0
4,0,11,8,0,6,0,1,0.42,0.4242,0.65,0.1642,10,80,90.0
4,1,8,9,0,6,1,2,0.75,0.6969,0.55,0.4179,30,219,249.0
4,0,12,23,0,5,1,1,0.45,0.4545,0.59,0.194,10,45,55.0
4,0,11,15,0,6,0,1,0.55,0.5455,0.47,0.1343,9,56,65.0
3,0,7,9,0,6,0,2,0.64,0.6061,0.63,0.194,15,65,80.0
3,1,9,7,0,6,1,1,0.68,0.6364,0.55,0.1343,22,545,567.0
3,0,11,9,0,4,1,2,0.38,0.3939,0.65,0.1343,11,115,126.0
3,1,8,17,0,5,1,2,0.78,0.7424,0.68,0.2537,102,542,644.0
3,0,8,17,0,2,1,1,0.76,0.7273,0.61,0.1045,112,715,827.0
3,0,7,12,0,4,1,2,0.7,0.6667,0.55,0.1343,125,313,438.0
3,1,8,14,0,3,1,1,0.62,0.6061,0.49,0.2836,188,449,637.0
3,0,11,14,0,4,1,1,0.52,0.5,0.54,0.1343,56,432,488.0
3,0,7,18,0,4,1,1,0.7,0.6667,0.56,0.1343,120,440,560.0
4,0,10,8,0,3,1,1,0.42,0.4242,0.65,0.1343,28,140,168.0
3,1,5,18,0,4,1,2,0.62,0.6061,0.55,0.1343,78,472,550.0
3,0,8,14,0,6,0,1,0.7,0.6515,0.55,0.194,70,380,450.0
3,1,8,13,0,2,1,1,0.68,0.6364,0.46,0.1343,98,521,619.0
1,0,5,12,0,3,1,1,0.55,0.5253,0.63,0.194,56,189,245.0
2,1,6,10,0,3,1,1,0.55,0.5253,0.48,0.1343,75,460,535.0
2,1,6,12,0,3,1,1,0.56,0.5455,0.62,0.1343,78,582,660.0
3,1,8,12,0,6,0,1,0.68,0.6364,0.55,0.1343,88,289,377.0
3,0,10,13,0,2,1,1,0.62,0.5758,0.67,0.1343,57,180,237.0
4,0,8,12,0,6,1,1,0.65,0.6212,0.6,0.1343,45,332,377.0
3,0,8,19,0,1,1,1,0.65,0.6212,0.48,0.1343,78,362,440.0
3,0,7,14,0,1,1,1,0.65,0.6212,0.55,0.1343,88,504,592.0
2,1,4,6,0,5,1,2,0.56,0.5303,0.63,0.1343,69,136,205.0
1,0,1,0,0,6,0,1,0.2,0.2121,0.8,0.0,2,14,16.0
3,0,8,12,0,6,0,1,0.72,0.697,0.47,0.1343,52,190,242.0
4,1,8,17,0,6,0,1,0.76,0.697,0.49,0.1343,97,281,378.0
2,0,11,14,0,3,1,1,0.56,0.5303,0.61,0.1045,48,245,293.0
4,0,11,12,0,4,1,1,0.32,0.3182,0.55,0.2537,25,113,138.0
2,1,6,12,0,3,1,1,0.7,0.6364,0.45,0.2537,85,335,420.0
2,0,11,9,0,4,1,1,0.44,0.4394,0.57,0.1343,42,265,307.0
2,0,5,12,0,6,0,1,0.64,0.6061,0.55,0.1343,72,159,231.0
4,1,9,12,0,6,1,1,0.62,0.5909,0.68,0.1343,98,531,629.0
2,0,11,12,0,1,1,1,0.48,0.4545,0.56,0.1343,45,212,257.0
1,0,5,12,0,3,1,1,0.55,0.5303,0.65,0.1343,45,320,365.0
2,0,9,12,0,6,0,2,0.55,0.5455,0.68,0.1343,50,60,110.0
1,0,8,2,0,4,1,2,0.62,0.6061,0.81,0.194,25,120,145.0
2,0,9,12,0,5,1,1,0.62,0.5985,0.45,0.1642,88,355,443.0
3,1,11,8,0,5,1,2,0.58,0.5455,0.54,0.1343,50,205,255.0
1,0,1,0,0,6,0,1,0.2,0.1818,0.7,0.1343,3,13,16.0
2,1,11,8,0,6,0,2,0.42,0.4167,0.56,0.2537,30,111,141.0
1,1,11,12,0,3,1,1,0.56,0.5303,0.6,0.1642,120,458,578.0
2,1,11,12,0,3,1,1,0.54,0.5152,0.45,0.194,80,350,430.0
2,0,9,8,0,5,1,1,0.52,0.4848,0.72,0.1343,60,410,470.0
4,0,7,14,0,4,1,2,0.62,0.5909,0.61,0.194,79,433,512.0
4,0,11,8,0,3,1,2,0.48,0.4545,0.6,0.2239,10,120,130.0
4,0,6,8,0,2,1,1,0.65,0.6212,0.55,0.1343,50,259,309.0
4,0,11,3,0,6,0,1,0.28,0.2879,0.7,0.1343,3,10,13.0
4,0,6,8,0,2,1,1,0.62,0.5758,0.56,0.1343,49,252,301.0
4,0,7,12,0,5,1,1,0.62,0.5985,0.53,0.2537,56,296,352.0
4,0,5,13,0,2,1,1,0.7,0.6667,0.57,0.1343,65,298,363.0
3,0,6,8,0,2,1,2,0.65,0.6212,0.58,0.1343,30,345,375.0
2,1,7,16,0,2,1,1,0.62,0.5758,0.55,0.1343,100,525,625.0
4,0,7,16,0,2,1,1,0.78,0.7424,0.55,0.194,45,400,445.0
2,0,8,10,0,3,1,1,0.62,0.6061,0.61,0.1343,68,234,302.0
2,1,8,7,0,3,1,1,0.62,0.5985,0.63,0.2537,76,302,378.0
2,0,6,12,0,3,1,1,0.55,0.5455,0.68,0.2537,110,321,431.0
2,1,8,7,0,3,1,1,0.62,0.6061,0.58,0.1343,54,168,222.0
2,1,8,9,0,3,1,1,0.62,0.6061,0.55,0.194,78,302,380.0
2,1,8,7,0,3,1,1,0.52,0.5152,0.59,0.1343,65,212,277.0
2,0,3,9,0,6,0,1,0.42,0.4242,0.61,0.1343,30,127,157.0
4,1,8,17,0,5,1,1,0.62,0.5909,0.62,0.1045,70,568,638.0
2,1,8,9,0,3,1,1,0.62,0.5985,0.55,0.1343,92,312,404.0
4,0,12,21,0,6,0,1,0.55,0.5152,0.42,0.1343,25,35,60.0
1,1,2,12,0,6,0,1,0.4,0.3939,0.65,0.194,25,100,125.0
4,1,9,14,0,1,1,1,0.62,0.5909,0.59,0.1343,80,690,770.0
4,0,12,5,0,6,0,1,0.3,0.2879,0.65,0.1045,7,13,20.0
4,0,8,12,0,2,1,2,0.7,0.6818,0.62,0.194,78,380,458.0
4,1,8,16,0,4,1,1,0.78,0.7273,0.57,0.1642,160,490,650.0
3,1,10,12,0,6,0,1,0.62,0.6061,0.65,0.194,30,400,430.0
4,0,8,12,0,6,0,1,0.62,0.5909,0.67,0.194,52,377,429.0
4,1,10,16,0,2,1,1,0.62,0.6061,0.6,0.2537,150,670,820.0
3,1,8,12,0,5,1,1,0.72,0.697,0.56,0.2537,89,510,599.0
1,0,10,12,0,2,1,2,0.5,0.4848,0.6,0.2239,20,120,140.0
4,0,8,16,0,6,0,1,0.7,0.6667,0.58,0.1343,19,138,157.0
1,0,2,8,0,3,1,1,0.42,0.4091,0.64,0.2239,10,100,110.0
3,0,8,12,0,4,1,1,0.7,0.6515,0.65,0.194,90,234,324.0
3,0,7,8,0,1,1,2,0.62,0.5758,0.75,0.2836,68,112,180.0
3,0,8,12,0,2,1,1,0.62,0.6212,0.55,0.1642,57,192,249.0
2,0,7,12,0,3,1,1,0.68,0.6364,0.62,0.1343,98,201,299.0
3,1,7,8,0,2,1,1,0.68,0.6515,0.45,0.1343,86,337,423.0
4,0,8,19,0,4,1,1,0.72,0.697,0.56,0.1343,92,413,505.0
3,0,7,18,0,2,1,1,0.7,0.6515,0.46,0.2537,110,432,542.0
1,0,3,7,0,4,1,1,0.4,0.4091,0.76,0.1343,11,58,69.0
3,0,8,13,0,1,1,1,0.72,0.697,0.64,0.2537,56,312,368.0
1,0,5,10,0,4,1,1,0.62,0.5455,0.72,0.194,31,256,287.0
4,0,10,8,0,5,1,1,0.52,0.4848,0.85,0.2537,8,38,46.0
3,0,8,12,0,6,0,1,0.7,0.697,0.65,0.2537,50,210,260.0
3,0,11,6,0,1,1,1,0.36,0.3485,0.68,0.2239,12,98,110.0
4,0,10,23,0,5,1,2,0.44,0.4394,0.72,0.194,15,99,114.0
1,0,5,8,0,2,1,2,0.56,0.5303,0.83,0.2836,24,435,459.0
4,0,10,6,0,6,0,1,0.3,0.2879,0.74,0.194,5,42,47.0
4,1,11,9,0,6,0,3,0.22,0.2121,0.77,0.2537,5,17,22.0
2,1,7,12,0,4,1,2,0.7,0.6515,0.55,0.2985,68,433,501.0
2,0,7,14,0,1,1,1,0.76,0.7121,0.48,0.1343,95,402,497.0
2,1,7,13,0,4,1,1,0.68,0.6364,0.52,0.1343,98,521,619.0
2,1,8,12,0,6,0,1,0.62,0.6061,0.49,0.1343,105,295,400.0
2,1,7,19,0,3,1,1,0.68,0.6364,0.57,0.1343,88,429,517.0
3,0,7,14,0,4,1,1,0.6,0.5606,0.52,0.2239,67,354,421.0
2,1,4,12,0,3,1,1,0.62,0.5909,0.49,0.194,78,512,590.0
2,0,9,12,0,4,1,1,0.62,0.5909,0.55,0.2836,67,341,408.0
2,1,7,12,0,3,1,1,0.68,0.6364,0.49,0.1343,89,621,710.0
2,0,3,12,0,3,1,1,0.55,0.5303,0.67,0.1343,89,312,401.0
3,0,7,12,0,4,1,1,0.68,0.6364,0.52,0.2537,120,567,687.0
3,0,11,9,0,2,1,1,0.62,0.5909,0.44,0.2836,85,123,208.0
4,0,12,22,1,6,0,2,0.2,0.2121,0.8,0.2985,3,19,22.0
3,1,7,10,0,4,1,2,0.62,0.5909,0.78,0.194,96,298,394.0
3,0,10,18,0,1,1,2,0.56,0.5303,0.75,0.1642,40,252,292.0
3,1,8,17,0,5,1,1,0.82,0.2424,0.36,0.3284,144,647,791.0
4,0,10,14,0,3,1,1,0.56,0.5303,0.57,0.1045,92,165,257.0
3,0,7,15,0,5,1,1,0.72,0.697,0.45,0.194,121,688,809.0
3,0,9,19,0,2,1,1,0.7,0.6667,0.44,0.1045,32,316,348.0
3,0,11,9,0,6,0,1,0.46,0.4545,0.52,0.1343,7,57,64.0
3,1,10,14,0,6,0,1,0.64,0.6212,0.74,0.1343,135,230,365.0
3,1,7,22,0,6,0,1,0.75,0.697,0.45,0.2537,100,250,350.0
3,1,10,15,0,1,1,2,0.56,0.5455,0.61,0.194,38,231,269.0
3,0,7,13,0,5,1,1,0.7,0.6364,0.45,0.1045,150,300,450.0
1,1,2,10,0,4,1,1,0.5,0.4848,0.6,0.1343,32,90,122.0
4,1,12,23,0,6,0,1,0.4,0.3939,0.58,0.194,5,181,186.0
3,1,11,13,0,3,1,1,0.68,0.6364,0.45,0.194,100,345,445.0
3,1,7,12,0,3,1,1,0.75,0.7121,0.47,0.2537,82,658,740.0
3,1,9,2,0,3,1,2,0.55,0.5303,0.67,0.194,13,332,345.0
4,0,12,4,1,5,0,2,0.3,0.303,0.8,0.2537,5,3,8.0
3,1,7,10,0,6,0,1,0.72,0.697,0.53,0.1343,100,250,350.0
3,0,7,14,0,5,1,1,0.62,0.6061,0.53,0.1343,112,519,631.0
3,0,7,19,0,2,1,1,0.68,0.6364,0.54,0.194,89,740,829.0
3,0,6,12,0,4,1,1,0.7,0.6667,0.55,0.194,120,520,640.0
3,0,6,12,0,4,1,1,0.7,0.6667,0.52,0.1343,180,670,850.0
3,0,6,12,0,4,1,1,0.7,0.6515,0.52,0.1343,221,678,899.0
1,0,6,12,0,2,1,1,0.58,0.5455,0.56,0.1343,120,580,700.0
3,0,6,11,0,4,1,1,0.7,0.6515,0.48,0.1343,220,420,640.0
3,0,6,12,0,2,1,1,0.64,0.6212,0.52,0.194,120,532,652.0
3,0,6,12,0,4,1,1,0.68,0.6364,0.52,0.1343,190,568,758.0
3,0,6,20,0,4,1,1,0.7,0.6667,0.5,0.1343,300,500,800.0
4,1,12,8,0,3,1,2,0.34,0.3333,0.48,0.2537,20,185,205.0
4,1,12,7,0,1,1,3,0.25,0.2273,0.78,0.2836,5,77,82.0
2,1,7,9,0,3,1,2,0.68,0.6364,0.61,0.194,57,265,322.0
2,0,7,13,0,4,1,1,0.7,0.6667,0.62,0.194,58,302,360.0
4,0,11,10,0,2,1,1,0.42,0.4091,0.49,0.2537,23,65,88.0
4,0,11,15,0,6,0,3,0.36,0.3333,0.78,0.2537,10,24,34.0
4,0,12,9,0,4,1,1,0.42,0.4242,0.45,0.2537,20,371,391.0
4,0,11,9,0,4,1,2,0.35,0.3333,0.78,0.2537,5,262,267.0
4,1,12,7,0,2,1,2,0.38,0.3939,0.57,0.2537,10,189,199.0
4,1,12,15,0,6,0,2,0.3,0.3182,0.75,0.2537,10,220,230.0
4,0,10,12,0,6,0,1,0.62,0.6061,0.55,0.1642,78,235,313.0
4,1,7,12,0,4,1,1,0.68,0.6364,0.52,0.2836,150,521,671.0
4,0,2,8,0,6,0,1,0.38,0.3939,0.61,0.194,30,101,131.0
4,0,10,12,0,6,0,2,0.56,0.5152,0.65,0.1045,30,187,217.0
2,0,6,20,0,3,1,1,0.62,0.5758,0.63,0.1343,98,456,554.0
3,1,10,9,0,3,1,1,0.62,0.6061,0.65,0.194,58,272,330.0
1,0,1,0,0,4,0,1,0.26,0.2273,0.56,0.1343,3,13,16.0
4,1,7,12,0,4,0,1,0.68,0.6364,0.51,0.1343,85,356,441.0
4,0,2,7,0,3,1,2,0.35,0.3333,0.61,0.1045,15,101,116.0
2,0,10,10,0,3,1,1,0.65,0.6212,0.55,0.1642,85,316,401.0
2,1,7,12,0,6,0,2,0.52,0.5,0.63,0.194,69,123,192.0
4,1,5,12,0,3,1,1,0.62,0.6212,0.57,0.1343,62,726,788.0
2,1,6,12,0,4,1,1,0.62,0.6212,0.55,0.1343,45,320,365.0
4,1,10,15,0,3,1,1,0.62,0.5758,0.55,0.1343,65,456,521.0
4,1,6,12,0,2,1,1,0.7,0.6818,0.55,0.1642,65,478,543.0
4,1,8,12,0,6,0,1,0.76,0.7424,0.52,0.1343,60,579,639.0
2,1,5,12,0,3,1,1,0.68,0.6364,0.52,0.194,50,543,593.0
4,1,12,23,0,6,0,1,0.2,0.1818,0.75,0.1045,0,2,2.0
4,1,10,15,0,3,1,1,0.52,0.5,0.52,0.1642,76,620,696.0
3,1,5,14,0,6,0,2,0.62,0.6212,0.55,0.194,53,272,325.0
4,0,11,10,0,2,1,1,0.62,0.6061,0.55,0.1642,78,355,433.0
4,0,8,7,0,4,1,1,0.62,0.5909,0.68,0.194,20,345,365.0
4,0,10,12,0,1,1,1,0.55,0.5303,0.65,0.2537,60,630,690.0
1,0,1,2,0,3,1,1,0.2,0.2121,0.5,0.194,15,120,135.0
4,0,8,12,0,2,1,2,0.65,0.6212,0.75,0.2836,78,312,390.0
4,1,8,12,0,2,1,2,0.75,0.6969,0.62,0.2239,78,399,477.0
1,0,4,13,0,2,1,2,0.45,0.4394,0.6,0.2537,23,89,112.0
2,0,10,11,0,4,1,1,0.62,0.6061,0.61,0.1343,78,317,395.0
1,0,3,10,0,1,1,1,0.4,0.4091,0.6,0.2537,21,223,244.0
1,0,1,0,0,4,0,1,0.2,0.2121,0.6,0.1343,10,60,70.0
2,1,8,14,0,3,1,1,0.68,0.6515,0.59,0.1343,68,645,713.0
2,0,7,14,0,5,1,1,0.62,0.6212,0.56,0.194,38,299,337.0
2,1,8,16,0,6,0,2,0.68,0.6515,0.59,0.194,38,220,258.0
3,0,7,16,0,2,1,1,0.68,0.6364,0.55,0.194,65,346,411.0
2,1,8,12,0,3,1,1,0.7,0.7121,0.52,0.1343,72,532,604.0
2,0,8,17,0,6,0,1,0.68,0.6364,0.55,0.1343,67,192,259.0
2,0,4,12,0,3,1,1,0.54,0.5152,0.65,0.194,40,198,238.0
2,0,3,16,0,3,1,2,0.45,0.4545,0.62,0.194,33,261,294.0
2,1,8,14,0,2,1,1,0.68,0.6364,0.62,0.1343,75,541,616.0
2,1,8,12,0,3,1,1,0.68,0.6364,0.48,0.1642,70,236,306.0
4,0,11,10,0,1,1,1,0.58,0.5455,0.65,0.194,30,128,158.0
2,1,6,12,0,4,1,2,0.61,0.5909,0.68,0.2239,60,240,300.0
2,1,6,16,0,3,1,1,0.7,0.6515,0.55,0.1343,78,265,343.0
4,0,9,18,0,2,1,1,0.68,0.6364,0.55,0.1343,70,456,526.0
2,0,7,10,0,3,1,1,0.68,0.6364,0.56,0.1045,94,189,283.0
4,0,12,18,1,2,0,2,0.3,0.2879,0.65,0.1343,10,50,60.0
4,0,11,9,0,2,1,2,0.46,0.4545,0.56,0.1343,18,213,231.0
4,0,10,18,0,2,1,1,0.72,0.697,0.35,0.1343,80,320,400.0
4,0,12,16,0,2,1,1,0.5,0.4848,0.55,0.1343,78,289,367.0
2,0,5,13,0,4,1,1,0.55,0.5303,0.56,0.1343,25,178,203.0
2,0,9,12,0,6,0,1,0.65,0.6212,0.59,0.1343,26,157,183.0
1,0,5,8,0,3,1,1,0.56,0.5303,0.52,0.1343,32,316,348.0
1,0,2,5,0,5,0,1,0.3,0.2879,0.59,0.1045,2,59,61.0
2,0,8,15,0,4,1,2,0.63,0.6061,0.58,0.1343,55,288,343.0
3,0,7,12,0,4,1,1,0.65,0.6212,0.52,0.194,72,350,422.0
3,0,7,14,0,4,1,1,0.72,0.697,0.35,0.2985,97,521,618.0
1,0,1,0,0,0,0,1,0.26,0.2424,0.81,0.0,2,119,121.0
1,0,7,12,0,4,1,2,0.65,0.6212,0.52,0.194,55,464,519.0
4,0,2,7,1,6,0,3,0.3,0.2879,0.8,0.194,10,85,95.0
3,0,6,12,0,3,1,1,0.72,0.697,0.45,0.3881,79,226,305.0
4,0,9,12,0,3,1,1,0.65,0.6212,0.45,0.1642,69,432,501.0
4,0,12,8,0,3,1,2,0.3,0.2879,0.6,0.2537,10,30,40.0
4,0,10,7,0,6,0,1,0.56,0.5455,0.67,0.1343,21,136,157.0
2,0,9,13,0,3,1,1,0.7,0.6667,0.42,0.1343,78,587,665.0
4,0,9,8,0,3,1,1,0.62,0.6061,0.55,0.1045,40,316,356.0
4,0,8,13,0,6,0,2,0.56,0.5303,0.55,0.1642,33,213,246.0
4,0,10,20,0,6,0,1,0.45,0.4545,0.52,0.1343,30,199,229.0
4,0,10,12,0,6,0,1,0.46,0.4545,0.63,0.1343,25,178,203.0
4,0,6,12,0,2,1,1,0.65,0.6212,0.45,0.1642,122,410,532.0
3,0,8,13,0,3,1,1,0.68,0.6364,0.45,0.1343,98,512,610.0
3,0,7,14,0,3,1,1,0.7,0.6515,0.58,0.0,89,185,274.0
2,0,7,17,0,6,0,1,0.72,0.6667,0.59,0.1343,48,242,290.0
3,1,7,13,0,3,1,1,0.62,0.5909,0.55,0.1343,70,314,384.0
3,0,8,7,0,2,1,1,0.58,0.5455,0.6,0.1642,21,132,153.0
3,1,7,22,0,6,0,1,0.66,0.6061,0.78,0.0896,88,188,276.0
2,1,5,7,0,2,1,2,0.45,0.4242,0.68,0.2537,12,345,357.0
1,1,7,13,0,3,1,1,0.62,0.5909,0.52,0.1045,57,215,272.0
4,0,7,12,0,6,1,1,0.62,0.5455,0.63,0.194,68,548,616.0
2,0,4,12,0,6,0,1,0.52,0.5,0.64,0.1343,20,62,82.0
4,0,8,5,0,1,1,2,0.52,0.5,0.65,0.194,10,154,164.0
3,1,8,12,0,3,1,1,0.78,0.7273,0.55,0.194,78,325,403.0
2,0,8,12,0,1,1,1,0.68,0.6364,0.63,0.2537,55,285,340.0
1,0,12,7,0,3,1,1,0.3,0.2879,0.55,0.0,10,105,115.0
3,1,8,12,0,6,0,2,0.74,0.7121,0.62,0.2537,110,258,368.0
3,1,10,7,0,6,0,1,0.65,0.6212,0.49,0.194,12,51,63.0
3,1,8,12,0,6,1,2,0.65,0.6212,0.55,0.194,75,401,476.0
1,0,7,12,0,3,1,2,0.68,0.6364,0.55,0.194,45,211,256.0
3,1,8,12,0,6,0,1,0.65,0.6212,0.58,0.194,50,190,240.0
1,0,2,3,0,4,1,2,0.42,0.4242,0.67,0.1343,0,2,2.0
3,1,8,12,0,3,1,1,0.72,0.697,0.55,0.1343,73,350,423.0
3,0,8,7,0,1,1,1,0.55,0.5303,0.61,0.194,25,155,180.0
3,0,8,12,0,3,1,1,0.65,0.6212,0.55,0.1343,65,302,367.0
2,0,6,12,0,3,1,1,0.6,0.5758,0.55,0.1343,65,231,296.0
3,0,4,5,0,3,1,1,0.55,0.5303,0.58,0.194,12,74,86.0
2,0,5,18,0,6,0,1,0.6,0.5758,0.67,0.1343,32,177,209.0
2,0,7,18,0,6,0,1,0.62,0.5758,0.65,0.1045,78,155,233.0
3,1,8,18,0,4,1,1,0.65,0.6212,0.52,0.1045,125,368,493.0
2,0,6,12,0,3,1,1,0.6,0.5606,0.55,0.1045,78,315,393.0
2,0,6,12,0,3,1,1,0.63,0.6212,0.55,0.194,78,345,423.0
2,0,8,18,0,4,1,1,0.56,0.5303,0.64,0.2239,120,310,430.0
3,1,8,12,0,5,1,2,0.65,0.6212,0.62,0.194,58,425,483.0
3,1,11,16,0,5,1,1,0.56,0.5303,0.55,0.2537,75,700,775.0
3,0,9,19,0,6,0,2,0.68,0.6364,0.78,0.1045,55,313,368.0
4,0,7,12,0,3,1,1,0.65,0.6364,0.55,0.1343,60,702,762.0
2,1,7,12,0,1,1,1,0.65,0.6364,0.55,0.1642,55,680,735.0
2,1,7,12,0,5,1,1,0.68,0.6364,0.55,0.1343,78,680,758.0
3,0,12,8,0,6,0,2,0.38,0.3939,0.65,0.1343,12,110,122.0
3,1,7,12,0,5,1,1,0.68,0.6364,0.55,0.2537,78,650,728.0
4,0,6,13,0,2,1,1,0.7,0.6818,0.45,0.194,60,560,620.0
2,0,7,12,0,5,1,1,0.62,0.6061,0.5,0.2239,60,620,680.0
4,1,11,8,0,1,1,2,0.42,0.4091,0.58,0.1343,23,623,646.0
4,1,12,10,0,6,0,2,0.56,0.5303,0.6,0.1343,52,210,262.0
4,0,12,15,0,3,1,2,0.54,0.5152,0.71,0.1045,31,442,473.0
4,1,8,12,0,6,0,2,0.72,0.697,0.55,0.1343,44,299,343.0
1,0,2,12,0,6,0,2,0.4,0.3788,0.55,0.2836,10,68,78.0
4,0,8,12,0,6,0,1,0.72,0.697,0.51,0.2537,72,321,393.0
1,0,4,12,0,6,0,1,0.55,0.5258,0.39,0.2537,45,225,270.0
4,1,12,19,0,6,0,2,0.56,0.5606,0.45,0.1343,72,381,453.0
4,0,8,12,0,1,1,2,0.68,0.6364,0.55,0.1343,105,312,417.0
4,0,9,12,0,6,0,1,0.62,0.6061,0.45,0.1343,39,305,344.0
3,0,11,16,0,6,0,2,0.5,0.4848,0.68,0.2537,23,134,157.0
3,1,7,14,0,6,1,2,0.55,0.5303,0.66,0.3284,34,349,383.0
1,0,6,12,0,3,1,2,0.56,0.5303,0.78,0.2537,28,225,253.0
3,0,7,18,0,4,1,2,0.62,0.6061,0.67,0.194,27,344,371.0
3,0,11,16,0,4,1,1,0.62,0.5909,0.55,0.2836,53,456,509.0
3,1,8,12,0,4,1,2,0.56,0.5455,0.61,0.1642,39,329,368.0
4,1,9,13,0,6,1,1,0.52,0.5,0.56,0.1343,75,642,717.0
3,1,9,13,0,3,1,1,0.64,0.6061,0.61,0.194,32,365,397.0
3,0,6,12,0,4,1,1,0.76,0.7273,0.55,0.2239,78,580,658.0
1,1,7,13,0,6,0,2,0.56,0.5303,0.71,0.2537,25,177,202.0
2,0,8,12,0,5,0,2,0.62,0.5606,0.77,0.1343,10,100,110.0
2,0,7,15,0,3,1,2,0.54,0.5152,0.65,0.1045,28,198,226.0
4,0,5,7,0,1,1,2,0.42,0.4242,0.73,0.3881,21,97,118.0
2,0,6,13,0,5,1,1,0.65,0.6212,0.55,0.194,72,390,462.0
2,0,6,11,0,4,1,1,0.7,0.6515,0.5,0.194,72,321,393.0
4,0,10,9,0,1,1,2,0.42,0.4242,0.55,0.1343,21,159,180.0
4,0,12,8,0,1,1,1,0.3,0.2879,0.55,0.1045,15,157,172.0
2,0,7,12,0,3,1,1,0.65,0.6212,0.55,0.194,78,423,501.0
3,0,5,12,0,6,0,1,0.72,0.6818,0.58,0.1343,21,113,134.0
4,0,7,8,0,5,1,2,0.56,0.5303,0.75,0.2239,30,94,124.0
1,1,3,13,0,6,0,1,0.64,0.6061,0.45,0.2239,36,174,210.0
2,1,7,15,0,6,0,2,0.62,0.6212,0.52,0.194,45,222,267.0
2,0,6,11,0,4,1,1,0.72,0.697,0.68,0.1343,60,401,461.0
2,0,6,12,0,3,1,1,0.65,0.6364,0.55,0.1045,45,310,355.0
2,1,6,10,0,4,1,1,0.65,0.6364,0.45,0.1343,45,268,313.0
3,0,6,12,0,4,1,1,0.7,0.697,0.45,0.1642,30,390,420.0
2,1,6,13,0,1,1,1,0.72,0.697,0.55,0.194,45,365,410.0
2,0,4,14,0,6,0,1,0.55,0.5303,0.7,0.1045,7,39,46.0
2,0,7,14,0,3,1,2,0.6,0.6061,0.7,0.1343,25,180,205.0
1,0,3,6,0,3,1,1,0.44,0.4394,0.82,0.0896,1,120,121.0
2,1,9,8,0,5,1,1,0.68,0.6364,0.47,0.2239,63,299,362.0
2,0,5,12,0,4,1,1,0.68,0.6364,0.45,0.2239,78,356,434.0
2,0,7,20,0,1,1,2,0.68,0.6212,0.48,0.2537,56,212,268.0
2,0,7,9,0,1,1,1,0.62,0.6061,0.7,0.1343,45,139,184.0
2,0,8,13,0,4,1,1,0.68,0.6364,0.62,0.194,45,201,246.0
2,0,7,8,0,2,1,1,0.72,0.697,0.59,0.2537,60,199,259.0
2,0,7,12,0,4,1,1,0.68,0.6364,0.55,0.194,45,258,303.0
2,1,7,8,0,4,1,1,0.68,0.6364,0.49,0.194,65,244,309.0
2,1,11,7,0,2,1,1,0.58,0.5455,0.61,0.1343,15,201,216.0
4,0,12,5,1,5,1,1,0.22,0.2576,0.8,0.0896,0,23,23.0
3,0,5,12,0,6,0,1,0.68,0.6364,0.63,0.194,57,230,287.0
3,0,7,12,0,2,1,1,0.55,0.5303,0.68,0.1343,45,300,345.0
2,0,3,10,0,5,1,1,0.42,0.4091,0.67,0.1045,61,556,617.0
4,1,12,14,0,5,1,1,0.56,0.5303,0.62,0.1343,45,432,477.0
2,1,8,10,0,5,1,1,0.68,0.6364,0.55,0.2537,78,505,583.0
1,0,3,12,1,6,0,2,0.45,0.4545,0.75,0.2836,7,67,74.0
1,0,2,4,0,3,1,1,0.26,0.2273,0.88,0.2537,4,36,40.0
3,0,8,12,0,5,1,1,0.68,0.6364,0.63,0.194,70,521,591.0
1,0,4,12,0,6,0,1,0.58,0.553,0.45,0.194,35,502,537.0
2,0,6,10,0,6,0,1,0.55,0.5152,0.58,0.1343,30,216,246.0
1,0,6,12,0,2,1,1,0.7,0.6667,0.55,0.1343,189,543,732.0
3,0,7,12,0,2,1,1,0.62,0.6061,0.55,0.1343,68,189,257.0
3,1,7,8,0,4,1,1,0.62,0.6061,0.52,0.1045,92,457,549.0
2,1,10,8,0,2,1,1,0.56,0.5303,0.66,0.1343,85,516,601.0
1,0,2,4,1,4,0,2,0.3,0.2879,0.8,0.2537,3,6,9.0
3,0,7,8,0,1,1,2,0.5,0.4848,0.68,0.1343,45,150,195.0
3,0,7,12,0,5,1,2,0.52,0.5,0.63,0.1343,52,202,254.0
3,0,7,9,0,3,1,1,0.56,0.5303,0.72,0.1343,35,251,286.0
3,0,10,5,0,3,1,2,0.56,0.5303,0.68,0.1343,12,39,51.0
2,0,8,7,0,1,1,1,0.58,0.5606,0.55,0.1343,15,78,93.0
4,1,8,12,0,3,1,2,0.65,0.6061,0.57,0.1343,75,365,440.0
4,0,10,12,0,5,1,2,0.58,0.5455,0.72,0.1045,50,247,297.0
4,1,11,15,0,6,0,1,0.62,0.5758,0.55,0.1045,47,182,229.0
4,0,9,15,0,3,1,1,0.65,0.6061,0.55,0.1343,78,301,379.0
3,1,8,12,0,4,1,1,0.8,0.7576,0.55,0.1343,120,388,508.0
4,1,8,12,0,4,1,1,0.8,0.7576,0.55,0.1045,120,450,570.0
4,0,10,13,0,6,0,2,0.56,0.5303,0.85,0.194,34,106,140.0
4,0,8,12,0,1,1,1,0.8,0.7879,0.57,0.1045,65,312,377.0
2,1,8,12,0,4,1,1,0.65,0.6212,0.55,0.194,125,324,449.0
4,0,8,12,0,6,0,1,0.8,0.7879,0.55,0.1045,70,310,380.0
2,0,10,5,0,0,0,1,0.36,0.3333,0.56,0.194,6,42,48.0
4,0,12,20,0,5,1,1,0.56,0.5303,0.62,0.1343,12,437,449.0
1,0,11,8,0,2,1,1,0.3,0.303,0.52,0.1343,5,72,77.0
4,0,7,12,1,4,0,2,0.62,0.5985,0.72,0.1642,10,30,40.0
4,0,10,15,0,6,0,1,0.66,0.6212,0.54,0.1343,70,411,481.0
1,0,1,0,0,4,0,1,0.24,0.2879,0.81,0.0,3,13,16.0
4,1,11,10,0,6,0,2,0.48,0.4697,0.72,0.1642,12,53,65.0
4,0,11,10,0,1,1,1,0.46,0.4545,0.67,0.2836,21,373,394.0
2,0,7,15,0,4,1,1,0.62,0.5909,0.61,0.194,37,285,322.0
4,0,11,22,0,5,1,1,0.62,0.5758,0.68,0.194,10,80,90.0
4,0,12,12,1,6,0,3,0.25,0.2424,0.78,0.2537,5,18,23.0
1,1,7,13,0,2,1,1,0.54,0.5152,0.62,0.2537,67,372,439.0
3,0,12,14,0,2,1,1,0.54,0.5152,0.75,0.194,22,179,201.0
4,1,12,8,0,5,1,1,0.42,0.4242,0.57,0.1343,25,365,390.0
3,0,7,14,0,6,0,2,0.48,0.4697,0.66,0.194,30,131,161.0
3,0,7,12,0,2,1,1,0.62,0.5758,0.63,0.194,56,305,361.0
3,0,9,18,0,1,1,1,0.7,0.6515,0.55,0.194,77,357,434.0
3,0,7,13,0,2,1,1,0.52,0.5,0.67,0.1343,32,160,192.0
4,0,7,12,0,6,0,1,0.56,0.5303,0.62,0.194,30,82,112.0
3,1,5,22,0,4,1,1,0.74,0.697,0.57,0.1343,120,521,641.0
2,0,8,12,0,2,1,2,0.7,0.6818,0.55,0.194,58,312,370.0
1,1,3,12,0,5,1,2,0.56,0.5758,0.55,0.2537,45,131,176.0
2,0,7,12,0,4,1,2,0.56,0.5455,0.68,0.2537,78,278,356.0
4,0,3,13,0,2,1,1,0.45,0.4545,0.56,0.2239,58,359,417.0
2,0,6,15,0,6,0,1,0.68,0.6515,0.61,0.1343,56,184,240.0
1,0,3,5,0,5,1,2,0.3,0.2879,0.56,0.2537,7,21,28.0
1,0,4,8,0,5,1,1,0.62,0.6212,0.45,0.194,80,251,331.0
2,1,8,12,0,4,1,1,0.72,0.697,0.55,0.1343,154,622,776.0
3,1,8,12,0,5,1,2,0.7,0.6515,0.55,0.194,120,432,552.0
2,1,8,12,0,4,1,1,0.7,0.6515,0.58,0.1343,100,500,600.0
3,0,7,12,0,2,1,2,0.66,0.6364,0.65,0.2537,49,301,350.0
3,1,7,12,0,5,1,2,0.58,0.5606,0.55,0.2537,56,312,368.0
2,1,7,12,0,2,1,1,0.68,0.6364,0.56,0.194,55,665,720.0
3,0,7,12,0,4,1,2,0.62,0.6061,0.56,0.1343,55,422,477.0
2,0,7,12,0,2,1,1,0.65,0.6364,0.55,0.194,58,410,468.0
3,1,7,12,0,2,1,2,0.68,0.6364,0.55,0.194,57,323,380.0
2,0,7,12,0,4,1,1,0.56,0.5303,0.41,0.2537,54,301,355.0
3,0,6,12,0,4,1,1,0.68,0.6364,0.59,0.1343,54,356,410.0
3,0,7,12,0,6,0,1,0.68,0.6364,0.59,0.194,55,247,302.0
3,0,7,12,0,4,1,1,0.7,0.6667,0.5,0.1343,50,362,412.0
3,0,9,7,0,3,1,1,0.65,0.6515,0.58,0.1343,42,490,532.0
2,0,6,9,0,3,1,1,0.55,0.5303,0.45,0.194,89,432,521.0
1,0,10,12,0,3,1,1,0.52,0.5,0.6,0.1343,45,520,565.0
3,1,8,16,0,3,1,1,0.68,0.6364,0.53,0.1343,87,580,667.0
1,0,6,7,0,3,1,1,0.45,0.4545,0.58,0.1343,25,88,113.0
3,1,9,12,0,3,1,1,0.72,0.7121,0.62,0.1343,56,610,666.0
2,1,11,9,0,6,0,1,0.5,0.4848,0.55,0.1343,20,230,250.0
2,0,5,15,0,3,1,1,0.55,0.5455,0.52,0.194,65,387,452.0
2,0,9,7,0,3,1,2,0.55,0.5303,0.61,0.194,31,289,320.0
3,0,9,7,0,3,1,2,0.45,0.4545,0.63,0.2537,25,326,351.0
3,0,8,12,0,4,1,1,0.62,0.6061,0.48,0.1343,67,305,372.0
2,0,6,12,0,3,1,1,0.62,0.5985,0.52,0.194,72,581,653.0
2,1,6,12,0,3,1,1,0.68,0.6364,0.57,0.1343,98,572,670.0
3,0,8,12,0,3,1,2,0.62,0.6061,0.68,0.194,55,325,380.0
3,0,8,12,0,4,1,2,0.64,0.6212,0.58,0.194,72,298,370.0
1,0,6,13,0,5,1,2,0.7,0.6667,0.74,0.2239,70,749,819.0
3,1,8,17,0,4,1,1,0.68,0.6364,0.48,0.1343,78,512,590.0
3,0,6,12,0,3,1,1,0.68,0.6364,0.52,0.194,92,410,502.0
3,0,8,12,0,6,0,1,0.62,0.6061,0.58,0.194,82,301,383.0
3,0,7,12,0,3,1,1,0.64,0.6061,0.48,0.2836,90,357,447.0
2,0,9,12,0,3,1,2,0.62,0.6061,0.65,0.1343,57,671,728.0
2,1,9,12,0,6,0,1,0.68,0.6364,0.65,0.1343,82,480,562.0
1,0,6,12,0,6,0,2,0.62,0.5985,0.53,0.194,29,121,150.0
2,1,12,12,0,6,0,2,0.55,0.5303,0.42,0.1343,54,257,311.0
4,0,12,12,0,1,1,1,0.62,0.5909,0.45,0.1343,15,350,365.0
1,1,2,8,0,1,1,1,0.3,0.2727,0.61,0.2985,45,350,395.0
1,0,3,11,0,1,1,2,0.35,0.3333,0.6,0.194,20,125,145.0
2,0,8,12,0,6,0,1,0.62,0.5909,0.55,0.1343,23,340,363.0
2,1,11,8,0,4,1,1,0.6,0.6212,0.55,0.1642,45,721,766.0
4,0,7,13,0,2,1,2,0.56,0.5303,0.65,0.1642,25,510,535.0
3,0,7,13,0,4,1,1,0.68,0.6364,0.61,0.194,55,321,376.0
3,0,7,14,0,6,0,2,0.62,0.6061,0.74,0.1343,12,82,94.0
4,0,11,13,0,6,0,1,0.36,0.3636,0.63,0.194,41,58,99.0
4,0,11,10,0,3,1,1,0.62,0.6061,0.55,0.194,56,230,286.0
4,0,8,14,0,6,0,2,0.72,0.6818,0.63,0.1045,15,72,87.0
4,1,7,15,0,4,1,1,0.68,0.6364,0.63,0.1045,125,366,491.0
1,1,2,8,0,6,0,2,0.34,0.3333,0.78,0.1343,45,56,101.0
3,1,7,14,0,6,0,1,0.72,0.697,0.55,0.1343,123,456,579.0
3,0,8,19,0,2,1,1,0.68,0.6364,0.55,0.1343,78,312,390.0
4,0,11,10,0,2,1,1,0.38,0.3939,0.56,0.2537,35,256,291.0
3,0,8,13,0,4,1,1,0.56,0.5303,0.45,0.2537,72,300,372.0
4,1,6,12,0,2,1,1,0.74,0.697,0.45,0.2537,125,387,512.0
4,1,8,13,0,1,1,1,0.7,0.6515,0.62,0.2537,77,533,610.0
2,0,7,12,0,4,1,1,0.68,0.6364,0.61,0.194,70,179,249.0
3,0,8,12,0,4,1,1,0.66,0.6212,0.56,0.1045,115,242,357.0
3,1,8,13,0,3,1,1,0.7,0.6515,0.54,0.2239,122,523,645.0
3,0,7,21,0,2,1,1,0.56,0.5303,0.57,0.2537,45,107,152.0
3,1,8,13,0,4,1,1,0.7,0.6515,0.49,0.1343,95,310,405.0
1,1,2,8,0,3,1,1,0.56,0.5303,0.45,0.2537,100,400,500.0
2,0,11,10,0,1,1,1,0.54,0.5303,0.57,0.194,123,678,801.0
2,1,8,12,0,3,1,1,0.7,0.6515,0.55,0.1642,85,456,541.0
1,1,3,8,0,6,0,2,0.42,0.4091,0.76,0.1343,35,91,126.0
3,0,5,12,0,3,1,2,0.45,0.4545,0.68,0.194,37,120,157.0
2,0,8,14,0,6,0,1,0.76,0.7121,0.61,0.1343,78,89,167.0
3,0,10,5,0,3,1,1,0.62,0.5909,0.59,0.2537,20,111,131.0
2,0,8,12,0,4,1,1,0.7,0.6667,0.58,0.194,105,555,660.0
2,0,8,12,0,6,0,2,0.45,0.4242,0.69,0.2239,31,172,203.0
2,0,12,2,0,6,0,1,0.28,0.2727,0.61,0.1343,5,21,26.0
4,1,12,5,0,1,1,1,0.56,0.5303,0.61,0.194,31,189,220.0
2,0,8,12,0,3,1,1,0.6,0.5606,0.58,0.194,56,368,424.0
