MedInc,HouseAge,AveRooms,AveBedrms,Population,AveOccup,Latitude,Longitude,price_above_median
3.7025,24,5.448,1.041,930.0,2.8,34.08,-117.36,1
2.4563,32,4.729,1.101,1297.0,2.345,33.95,-118.2,0
4.9007,17,6.125,1.018,1239.0,2.8,34.2,-118.15,1
2.7835,41,4.653,1.135,1728.0,3.421,37.72,-122.42,0
4.3021,18,5.879,0.995,1219.0,2.892,33.89,-118.3,1
3.5059,26,4.681,1.027,860.0,3.093,33.85,-118.24,0
3.2998,20,5.166,1.053,1342.0,2.455,34.27,-118.43,1
4.6037,16,5.925,1.019,1011.0,3.015,33.93,-117.96,1
2.7754,37,4.916,1.091,1290.0,2.6,33.78,-118.11,0
5.4568,23,6.218,1.013,1222.0,3.154,34.14,-118.15,1
4.0052,19,5.364,1.05,1429.0,2.785,33.93,-117.94,1
3.9427,40,5.789204545454546,0.9801136363636364,1310.0,3.1420454545454546,38.24,-122.25,1
2.3748,33,4.329870298013245,1.0242125984251969,1221.0,2.783112582781457,36.76,-119.37,0
4.8786,16,5.453703703703703,1.025925925925926,1344.0,2.1796296296296296,34.15,-118.74,1
3.1294,24,6.392836920529801,1.0110294117647058,940.0,2.5386029411764706,34.16,-117.94,0
2.3184,33,4.309452736318408,1.0196078431372548,1152.0,3.2091503267973858,33.97,-118.24,0
4.1255,11,6.340314136125654,1.027683615819209,1131.0,3.214765100671141,37.77,-122.4,1
5.1963,18,5.279984721161191,1.001798715203426,1725.0,2.488479262672811,37.88,-122.5,1
3.3703,24,4.775838926174497,1.0263644811438433,1519.0,2.868458274398861,37.53,-122.3,0
4.2681,36,5.118279569892473,0.9682539682539683,1904.0,2.5015873015873016,34.1,-118.22,1
4.256,21,5.288135593220339,1.005084745762712,1577.0,2.51271186440678,34.1,-118.28,1
2.9451,45,4.512963241121896,1.1301605136436597,2635.0,3.0127371273712735,35.71,-118.7,0
4.6981,30,6.200556610236219,1.0237334293948126,1429.0,2.837334396823399,38.26,-122.43,1
3.8002,28,5.809410422782253,1.043327006006407,1450.0,3.247309136214174,36.89,-120.11,1
3.9412,20,5.051095652173913,1.0030945652173913,1260.0,2.8304347826086955,33.84,-117.39,1
5.2683,15,6.282262569832402,1.0216710182767623,1904.0,2.7142857142857144,33.94,-118.32,1
2.4519,35,3.7589285714285716,1.125,902.0,2.4404761904761902,39.57,-121.5,0
3.7499,22,5.079736699279501,1.0351741281244593,1820.0,2.936259143839778,34.21,-119.2,1
3.5007,16,5.821967065073039,1.0663910224981745,2274.0,3.1479372553983445,38.31,-121.44,1
4.2151,10,6.402552447552447,1.0506493506493506,1663.0,2.507142857142857,33.78,-117.92,1
2.9362,29,4.310159835606164,1.0717925200356189,1402.0,2.640071783463687,38.3,-122.67,0
3.0168,40,4.650458724202626,1.0046192886882637,1417.0,2.8435754189944134,33.82,-117.95,1
5.8437,15,5.421568627450981,0.9892156862745098,1806.0,2.5862745098039217,34.28,-118.56,1
3.2983,30,4.783333333333333,1.025,1168.0,2.98,37.89,-122.29,0
3.9857,21,6.116666666666666,1.0066666666666666,1206.0,2.9233333333333333,33.65,-117.6,1
2.6265,24,4.25625,1.0375,872.0,2.9125,38.58,-121.41,0
3.0575,10,4.258823529411764,1.0411764705882354,1061.0,2.211764705882353,36.18,-119.8,1
3.0575,10,4.258823529411764,1.0411764705882354,1061.0,2.211764705882353,36.18,-119.8,1
3.2504,23,4.910555555555555,1.0733333333333333,701.0,2.6594444444444445,33.68,-117.38,1
5.3272,26,5.873134328358209,0.996268656716418,1784.0,2.9955223880597015,33.76,-118.16,1
1.2781,37,3.7565217391304344,1.0282608695652173,1134.0,2.4704347826086956,39.32,-120.52,0
3.1982,44,4.509647966335886,1.1170594863954306,1542.0,2.6891203703703703,36.31,-119.49,1
3.7081,29,5.196428571428571,1.0401785714285714,2009.0,3.3110714285714287,37.86,-122.29,1
2.4154,23,4.821428571428571,1.0758928571428572,1245.0,2.725892857142857,38.55,-122.11,0
5.3781,33,6.901851851851852,1.017037037037037,1984.0,2.964814814814815,34.07,-117.79,1
3.7423,12,4.905908096280087,0.9914236706689536,1097.0,3.153748411689008,38.77,-121.33,0
3.2734,26,4.869152652733119,0.998696218487395,1267.0,3.011137077294686,38.7,-121.31,0
3.5075,31,5.197368421052632,1.0013157894736842,1739.0,3.2907894736842107,33.89,-118.33,1
3.5075,31,5.197368421052632,1.0013157894736842,1739.0,3.2907894736842107,33.89,-118.33,1
3.6054,24,5.757142857142857,1.0404761904761906,715.0,3.4761904761904763,37.96,-122.35,1
3.0361,10,6.74370709382151,1.101695972230743,2280.0,2.685987261146498,38.26,-122.55,1
3.6944,32,4.594594594594595,1.027027027027027,588.0,1.8378378378378377,36.24,-119.34,1
4.675,18,5.579268292682927,1.0332317073170731,2958.0,3.1097560975609757,32.73,-117.1,1
5.2347,16,5.790909090909091,1.0075757575757576,1966.0,2.815151515151515,38.79,-120.52,1
2.2179,41,4.3121387283237,1.093496741209922,926.0,2.126215644820297,37.64,-120.96,0
3.0031,21,5.212962962962963,1.0493827160493827,750.0,1.9953703703703705,37.38,-121.82,0
3.4427,30,4.782013685239493,1.0838641188959661,763.0,2.238637931034483,38.79,-121.28,1
5.0743,14,5.841970802919708,0.9817518248175182,1166.0,2.075182481751825,36.32,-121.85,1
5.7745,18,5.27437641723356,0.9531249999999999,624.0,3.431424114215686,34.39,-118.17,1
2.5556,44,3.7425006944444448,1.0401041666666666,2000.0,2.9968055555555555,34.05,-118.23,0
2.4091,14,5.245901639344262,1.0098360655737706,1172.0,2.8311475409836078,34.62,-118.22,0
4.801,25,6.024,1.035,1426.0,3.258,38.6,-121.53,1
2.593,42,4.77,1.135,216.0,2.54,34.22,-118.25,0
3.799,12,5.12,1.01,1848.0,2.19,38.38,-122.01,1
4.256,20,6.43,1.02,1390.0,2.63,33.94,-117.01,1
2.721,29,4.26,1.17,1176.0,3.61,35.64,-120.3,0
3.096,33,5.23,1.04,1872.0,2.45,36.73,-119.79,1
5.036,18,5.83,0.99,616.0,2.88,33.93,-118.08,1
3.565,23,4.76,1.08,912.0,2.7,36.89,-119.74,0
3.018,16,4.79,1.04,1428.0,3.04,33.78,-118.26,0
5.245,14,5.56,1.01,1510.0,2.31,34.19,-118.47,1
3.6712,10,4.890861941512125,1.0343844502563682,1571.0,3.040222614840989,36.29,-119.8,1
4.8327,32,5.671555323590818,1.0722787512284606,1236.0,3.202172164734477,33.92,-117.67,1
4.2643,12,5.231931166348304,1.0311143270023566,834.0,2.853234284989952,33.97,-118.35,1
2.3364,24,3.5919003115264796,1.0458631207133058,2368.0,4.331457899716177,34.07,-117.87,0
2.8821,37,4.881989247311828,1.0967854406130269,1005.0,2.400398406374502,34.37,-117.96,0
3.7456,15,5.100890207715134,1.0285779092702163,819.0,3.0779092702169626,37.88,-122.25,1
5.0031,18,6.254167217448576,1.0429347826086957,944.0,2.4470108695652173,37.66,-122.51,1
3.8325,23,5.301470588235294,1.017156862745098,1263.0,2.9137254901960783,33.58,-117.26,1
3.5431,29,5.116512059369202,1.0205264633204634,1451.0,3.424661197992166,37.54,-121.1,1
4.7123,31,5.7125,1.0325,988.0,2.51,33.85,-118.31,1
3.9712,28,5.189573459715639,1.0167940651302605,1500.0,2.423183499322225,35.21,-120.68,1
4.5329,33,5.92487684729064,1.0826371257960425,2100.0,2.9846133974591655,37.82,-122.25,1
2.5483,15,4.719367588932806,1.1135764407934754,1200.0,3.2187928669410155,33.93,-118.14,0
4.9321,27,6.312450399218052,1.0674897119341564,1800.0,3.016577932861092,38.89,-121.57,1
2.3178,29,4.089451477870434,0.9841569865380075,1100.0,2.6635551508422575,35.79,-119.24,0
3.9987,18,5.665822021116139,1.0395678295103628,1600.0,2.779418238993711,38.08,-122.67,1
2.7684,38,4.129380053908355,1.092308598558887,1300.0,3.14128701594533,36.31,-118.13,0
3.4657,23,4.793617021276595,1.022340425531915,1400.0,2.672872340425532,34.88,-118.3,1
4.6718,19,5.488372093023256,1.0034965034965035,1700.0,2.875174825174825,37.92,-121.78,1
1.9873,42,3.5435897435897434,1.0602564102564103,800.0,2.4205128205128204,38.03,-121.2,0
3.7823,24,5.336,1.026,1332.0,2.943,38.22,-122.33,1
2.1357,16,4.78,1.012,1456.0,3.147,36.87,-120.05,0
4.6891,33,6.879,1.012,1907.0,2.799,33.84,-117.97,1
2.9568,14,5.091,1.012,1246.0,2.655,37.95,-120.18,0
5.4332,30,6.764,0.965,1567.0,2.901,32.64,-117.01,1
2.7214,18,4.632,1.026,984.0,3.345,34.17,-119.14,0
4.8956,25,5.987,1.012,1732.0,3.021,35.23,-122.56,1
3.1441,22,5.333,1.012,1290.0,2.727,38.56,-122.03,0
4.1938,28,6.098,1.012,1678.0,2.88,33.63,-117.95,1
2.9386,21,4.849,1.026,1175.0,3.132,36.05,-120.27,0
5.6521,35,6.432,0.965,1453.0,2.833,32.93,-117.19,1
3.1756,18,4.902654867256637,1.0643459915611815,1141.0,2.7588652482269502,34.23,-118.12,1
2.4871,25,4.283582089552239,1.0427860696517413,1220.0,2.571641791044776,33.89,-118.32,0
4.2873,16,5.623529411764706,0.9882352941176471,3248.0,2.3058823529411767,37.68,-122.45,1
2.8457,22,5.331210191082803,1.006422018348624,1564.0,2.456880733944954,35.89,-119.18,0
2.1389,30,4.189873417721519,1.097938144329897,875.0,3.311688311688312,34.12,-118.05,0
4.7893,19,5.634969325153374,1.0352760736196318,2820.0,2.816793893129771,33.93,-117.99,1
3.6401,26,5.167701863354037,1.00936329588015,1643.0,2.407960199004975,36.75,-119.75,1
2.5264,34,4.524096385542169,1.0650602409638554,1397.0,2.7846385542168677,34.02,-118.31,0
4.3688,21,5.468468468468468,1.018018018018018,2742.0,3.5585585585585586,37.75,-122.13,1
3.9902,27,5.143646408839779,1.001572327044025,1780.0,2.483539094650206,36.79,-121.75,1
4.2147,10,4.874812030075189,1.0251256281407035,1601.0,3.3684210526315788,33.95,-118.33,1
3.7825,16,6.325,1.0125,2500.0,3.0,34.02,-118.42,1
2.3541,20,4.752475247524753,1.089108910891089,1100.0,2.5,36.22,-119.33,0
2.9951,30,4.597087378640777,1.0309278350515463,1265.0,2.845360824742268,35.66,-120.89,0
1.7039,40,3.5100840336134453,1.0756302521008403,734.0,2.764705882352941,37.74,-122.47,0
5.287,12,7.6419753086419755,1.05679012345679,1483.0,3.0246913580246915,34.05,-118.12,1
3.9304,14,5.760683760683761,0.9945054945054945,1238.0,3.32967032967033,33.97,-117.91,1
3.2729,18,4.270186335403727,1.0362694300518134,981.0,2.858369098712446,36.33,-119.38,0
2.5463,22,4.5423728813559325,1.0991525423728814,854.0,3.01271186440678,36.51,-118.13,0
2.1173,26,4.497101449275362,1.058695652173913,1290.0,2.7971014492753623,38.68,-121.05,0
3.0275,19,4.972413793103448,1.0258620689655171,1662.0,2.922413793103448,33.67,-117.95,1
2.1657,15,4.257894736842105,1.0736842105263158,854.0,2.357894736842105,37.76,-122.42,0
4.1244,10,6.027932960893854,1.005898875572668,2334.0,2.643617021276596,33.83,-117.24,1
2.7522,33,4.846938775510204,1.0918367346938775,1722.0,2.7755102040816326,37.47,-122.2,0
3.8198,6,6.167785234899329,1.014792899408284,3351.0,2.975206611570248,34.29,-118.8,1
1.9324,25,4.212903225806452,1.0451612903225806,1010.0,2.6,34.02,-118.03,0
3.2537,12,5.41919191919192,1.0212121212121212,2215.0,2.5636363636363635,38.44,-122.71,1
2.5213,38,4.896,1.048,1125.0,2.608,34.66,-120.45,0
2.8582,18,4.662650602409639,1.083132530120482,1501.0,2.923694779116466,33.58,-117.79,0
2.0389,30,4.494949494949495,1.0696969696969696,919.0,2.8484848484848486,33.85,-118.07,0
2.8267,30,4.657718120805369,1.0513374331550802,1345.0,2.832214765100671,33.98,-118.32,0
4.2158,22,5.2592592592592595,1.0333333333333334,981.0,2.1444444444444444,35.82,-121.53,1
3.0976,34,4.860215053763441,1.032258064516129,1143.0,2.989247311827957,37.48,-122.2,0
4.9916,16,6.728381374722838,1.0370044052863436,2443.0,3.255767726161369,34.06,-117.93,1
2.2394,40,4.294871794871795,1.205128205128205,1236.0,2.2358974358974355,37.73,-122.41,0
5.7247,18,7.021472392638037,1.016225759038842,2638.0,2.9941588785046727,34.17,-118.34,1
3.5528,26,4.922413793103448,1.0241379310344827,1135.0,2.731034482758621,37.84,-122.27,0
3.9829,23,5.246696035242291,1.0366492146596857,1243.0,2.7826984409799556,34.15,-118.78,0
2.5036,33,4.365853658536585,1.0926829268292684,982.0,2.858536585365854,36.59,-121.49,0
4.1167,17,5.15625,1.015625,1601.0,2.6,33.94,-118.03,1
2.1234,20,4.0,1.1,1500.0,2.7,38.15,-121.92,0
3.4567,30,5.5,1.0,2000.0,3.0,35.67,-119.34,1
2.7891,25,4.8,1.2,1800.0,2.5,33.89,-118.12,0
4.6789,18,6.2,0.9,2500.0,3.5,36.78,-120.01,1
3.0012,22,4.5,1.0,1600.0,2.8,34.45,-118.77,0
2.3789,32,5.0,1.0,1900.0,3.2,37.81,-122.22,0
4.9876,16,6.8,0.8,2800.0,4.0,35.29,-119.18,1
2.5678,27,4.7,1.3,1700.0,2.9,33.22,-117.99,0
3.789,21,5.2,1.1,2200.0,3.1,34.17,-118.77,0
2.3456,29,4.2,1.2,1600.0,2.6,36.11,-121.34,0
3.1025,32,4.286,1.067,1476.0,3.254,34.78,-118.41,0
2.3948,29,4.872,1.132,985.0,2.463,33.74,-117.94,0
3.6712,15,6.211,1.019,2013.0,3.005,34.16,-118.77,1
2.8651,26,4.357,1.096,1165.0,2.873,37.45,-122.17,0
3.2246,21,5.009,1.031,839.0,2.351,33.71,-118.24,0
2.1357,33,3.981,1.117,909.0,3.142,36.6,-120.43,0
3.7485,18,5.657,0.98,2056.0,2.399,38.55,-121.76,1
2.1754,27,4.618,1.087,1197.0,3.005,35.69,-119.6,0
3.3211,24,5.386,1.043,1301.0,2.597,34.01,-118.13,1
3.987,19,5.267,1.06,1896.0,2.311,38.41,-122.63,1
2.7473,30,4.665,1.122,1273.0,2.776,36.82,-119.94,0
3.4567,22,4.987654321,1.012345679,1876.0,2.87654321,36.11,-119.76,1
2.2345,30,4.253456789,1.034567901,1345.0,2.654321,33.55,-117.21,0
3.6789,25,4.567890123,1.056790123,1978.0,3.098765432,35.77,-120.91,1
4.321,19,5.765432109,1.07856432,2489.0,3.3456789,37.61,-122.32,0
2.8765,28,4.987654321,1.012345679,1567.0,2.87654321,34.33,-118.44,0
5.4321,17,6.123456789,1.090123456,3190.0,3.654321,38.88,-121.11,1
3.0987,24,4.654321098,1.056790123,1678.0,2.654321,35.42,-119.56,0
2.3456,32,4.345678901,1.045678901,1423.0,2.754321,33.78,-118.33,0
4.5678,20,5.87654321,1.07856432,2790.0,3.4456789,36.99,-120.76,1
3.7654,26,4.765432109,1.06856432,1965.0,3.2456789,34.22,-118.67,0
4.1234,18,5.456789012,1.07856432,2590.0,3.5456789,37.71,-122.45,1
2.3781,33,4.638492198661875,0.9944071588366891,1341.0,2.4185969615728324,34.11,-117.55,0
3.7956,15,5.203647416413373,1.0233990147783252,2139.0,2.2218928028169014,37.67,-121.3,1
4.2376,10,6.056666666666666,0.9733333333333334,1639.0,2.5833333333333335,36.52,-121.34,1
1.9256,40,4.101333333333333,1.0793333333333335,728.0,2.455111111111111,33.76,-118.19,0
3.2045,30,5.023529411764705,1.0752941176470587,1025.0,2.748235294117647,33.95,-118.41,0
2.5951,38,4.543333333333333,1.0233333333333334,978.0,2.5433333333333334,33.78,-118.07,0
4.3189,17,5.687142857142857,1.0271428571428571,1944.0,2.6714285714285713,34.15,-118.28,1
3.4511,24,5.861742424242424,1.0454545454545454,1478.0,2.487689393939394,34.14,-117.2,1
3.9737,19,4.901927437641723,1.0126487018658226,1373.0,2.4144486692015206,38.6,-121.56,1
3.1002,22,5.233819847513637,1.0581180811808117,1028.0,2.578079555175085,34.04,-117.82,0
3.3721,15,5.205567451820127,1.073676408844667,1824.0,2.8562091503267975,37.71,-121.74,0
2.0958,31,4.380952380952381,1.024793388429752,1218.0,3.05063025210084,33.89,-117.88,0
4.0682,17,6.098291796702837,1.0339217722395586,964.0,2.6885644768856447,37.62,-120.95,1
3.7629,28,4.826086956521739,1.0695652173913044,2349.0,2.685869565217391,36.32,-119.33,1
3.9902,18,6.218253968253968,1.0333333333333334,927.0,3.015873015873016,33.83,-118.11,1
3.1142,40,4.56701030927835,1.0103092783505154,687.0,2.3608247422680413,33.79,-118.22,0
3.7426,25,5.171008403361344,1.0453781512605043,1203.0,3.042016806722689,36.37,-119.22,0
3.4821,22,5.010857763300759,1.0346820809248556,863.0,2.493877551020408,33.68,-117.38,1
4.0284,14,6.006493506493506,1.038961038961039,927.0,2.9415584415584415,34.27,-118.33,1
4.9059,32,5.5673076923076925,1.0153846153846153,433.0,2.25,34.19,-118.06,1
3.7265,18,5.23497267759563,1.0655737704918034,1198.0,2.819672131147541,33.68,-117.92,1
2.2891,32,4.245192307692308,1.1317307692307692,1425.0,2.890384615384615,34.02,-118.22,0
3.9321,22,5.678571428571429,0.9821428571428571,1567.0,2.4375,33.61,-117.88,1
2.1189,37,3.9085714285714284,1.1142857142857143,1047.0,3.0314285714285716,33.89,-118.33,0
3.2778,25,4.876923076923077,1.0256410256410255,1713.0,2.7384615384615385,33.78,-118.01,1
3.1296,30,4.51875,1.13125,1160.0,2.93125,33.74,-118.15,1
2.801,29,5.672,1.048,1068.0,2.968,33.76,-118.2,0
2.6571,33,4.5975,1.12,1325.0,2.8675,33.62,-117.99,0
3.8406,21,5.264,1.016,1655.0,2.664,33.9,-118.24,1
2.4226,31,4.368181818181818,1.1272727272727272,1314.0,2.6636363636363636,33.95,-118.28,0
2.2987,37,4.01256342182891,1.0135895031712474,1150.0,2.503171247357294,36.59,-121.88,0
3.704,15,6.198,1.098,1522.0,2.615,33.93,-118.36,1
3.847,40,4.732,1.025,1102.0,2.317,34.01,-118.25,1
2.179,22,3.997,1.034,789.0,3.002,37.78,-122.41,0
3.091,35,4.564,1.003,935.0,2.417,33.85,-117.94,1
2.879,47,4.067,1.007,1187.0,2.269,32.78,-116.96,0
4.581,26,5.478,1.089,1401.0,2.791,38.62,-121.33,1
3.336,30,4.738,1.025,1625.0,2.448,34.23,-118.41,1
2.499,33,4.379,1.073,987.0,2.987,37.97,-121.33,0
3.904,28,5.126,1.026,1158.0,2.617,33.97,-118.24,1
3.226,42,4.689,1.083,1176.0,2.202,33.71,-118.29,1
3.823,30,4.213,1.019,1200.0,2.611,36.82,-122.54,1
2.591,25,3.951,1.067,956.0,2.478,33.71,-118.19,0
4.259,38,5.002,1.024,1123.0,2.712,37.81,-122.02,1
3.169,15,4.629,1.083,823.0,2.239,35.43,-119.62,0
3.914,29,4.783,1.019,1003.0,2.881,37.25,-121.94,0
2.397,40,4.259,1.055,542.0,2.364,33.91,-117.31,0
3.425,22,4.691,1.123,724.0,3.017,34.09,-118.16,0
4.097,35,4.903,1.025,920.0,2.622,37.78,-122.21,0
2.901,28,4.352,1.102,654.0,2.572,36.68,-121.75,0
3.712,33,4.496,1.055,834.0,2.439,37.43,-121.97,1
2.5698,34,3.7207792207792205,1.1055194805194806,1258.0,2.5714285714285716,33.52,-116.52,0
3.8007,15,5.229166666666667,1.0347222222222223,421.0,2.59375,37.69,-121.04,1
4.3193,45,6.018518518518518,0.9907407407407407,877.0,2.5185185185185186,34.28,-118.42,1
2.5375,10,4.327586206896552,1.1400862068965516,1145.0,2.3071120689655173,38.26,-122.35,0
3.7312,30,4.791666666666667,1.0486111111111112,829.0,2.3229166666666665,34.09,-117.68,1
3.1014,38,4.304878048780488,1.0845528455284552,1084.0,2.682926829268292,34.44,-119.71,0
4.8977,26,5.356801909307876,1.0175441795183207,1061.0,2.570681315880716,33.93,-118.24,1
2.5769,16,3.5555555555555554,1.0833333333333333,644.0,2.638888888888889,34.46,-118.56,0
3.4861,29,4.784090909090909,1.0727272727272728,778.0,2.484090909090909,32.7,-117.1,1
2.2824,45,3.311688311688312,1.2402597402597402,1334.0,1.9556949806949806,32.7,-117.07,0
3.7753,12,4.2894736842105265,1.0112781954887218,924.0,2.4052631578947365,34.01,-118.49,1
2.5619,38,4.572390572390573,1.0733590733590732,1148.0,2.7037037037037037,34.06,-118.47,0
4.9894,15,5.371134020618556,1.0030927835051546,575.0,2.041237113402062,37.72,-122.43,1
2.4821,36,5.068181818181818,1.0272727272727273,834.0,2.3443181818181817,37.97,-122.27,0
3.1074,22,4.857142857142857,1.0204081632653061,1317.0,2.451020408163265,33.89,-118.22,0
2.6953,29,4.686131386861313,1.0975609756097562,1498.0,2.961382113821138,33.91,-117.9,0
3.4342,17,5.27906976744186,0.9912790697674418,661.0,2.369767441860465,37.48,-122.16,0
3.8618,36,5.166666666666667,1.0,1393.0,2.75,37.43,-122.05,1
3.5484,14,5.721518987341772,0.9746835443037974,1180.0,2.759493670886076,34.16,-118.72,0
3.3454,45,4.145161290322581,1.078225806451613,622.0,2.975806451612903,37.97,-122.29,1
1.987,38,4.215,1.071,921.0,2.391,33.81,-117.92,1
4.236,15,5.992,1.121,1440.0,2.426,37.64,-122.09,1
2.824,28,4.506,1.087,713.0,3.111,34.01,-118.45,0
3.698,23,4.901,1.063,1031.0,2.649,35.36,-119.03,1
2.189,44,4.031,1.094,579.0,2.847,38.41,-122.86,0
3.579,30,4.721,1.022,900.0,2.579,33.94,-118.27,1
3.942,35,5.203,0.987,1152.0,2.303,33.57,-117.72,1
2.357,49,4.123,1.032,1056.0,2.132,37.93,-122.31,0
3.715,25,4.883,1.011,1023.0,2.627,34.05,-117.96,1
2.918,40,4.379,1.047,786.0,2.238,37.63,-121.51,0
3.801,19,4.672,1.064,1198.0,2.429,34.68,-118.27,1
2.8738,30,5.312,1.01,1330.0,2.6,35.63,-120.66,1
4.756,15,6.204,1.03,754.0,2.4,37.43,-121.76,1
3.105,25,5.193,0.97,1698.0,3.1,34.09,-117.74,1
4.082,22,5.877,1.12,1242.0,2.3,33.61,-117.72,1
2.398,37,4.329,1.06,179.0,2.15,38.71,-120.95,0
4.024,29,5.681,1.07,945.0,2.9,34.5,-119.34,1
3.216,41,4.882,1.01,1326.0,2.6,36.6,-121.58,1
3.902,27,5.026,1.15,754.0,3.3,36.57,-121.33,1
2.741,33,5.176,1.03,1437.0,2.2,33.99,-118.11,1
3.909,30,5.887,1.05,939.0,2.7,34.11,-117.45,1
2.8691,47,5.015662650602409,0.9771084337349398,1068.0,2.487951807228916,33.96,-118.17,1
1.9864,42,4.575757575757576,1.0404040404040404,889.0,3.0202020202020203,38.77,-121.25,0
3.7647,24,4.290780141843972,1.0393687707641197,1448.0,2.327917282127052,33.94,-118.22,1
3.4226,12,6.178571428571429,0.9940476190476191,1729.0,2.3988095238095237,33.68,-117.78,1
3.4884,23,5.677966101694915,1.0169491525423728,1701.0,2.271186440677966,34.2,-118.31,1
2.7059,37,5.159722222222222,1.0069444444444444,216.0,2.576388888888889,37.78,-122.41,0
2.636,35,4.671052631578948,1.039473684210526,1051.0,2.5657894736842106,34.45,-119.13,0
2.6993,21,4.828125,1.015625,164.0,2.5234375,33.76,-118.38,0
4.0529,27,5.138888888888889,1.0198412698412698,1163.0,2.6944444444444446,33.66,-117.78,1
2.1797,38,5.032085561497325,1.086294416243655,2320.0,2.2071713147410357,33.67,-117.86,1
4.223,15,5.678,1.023,1100.0,2.907,37.88,-122.25,1
3.935,30,4.218,1.029,890.0,3.512,33.68,-117.43,1
2.654,25,4.577,1.043,750.0,2.903,33.95,-117.33,0
3.771,18,5.126,1.017,1350.0,2.645,34.05,-118.25,1
2.789,40,3.921,1.062,980.0,2.185,38.58,-121.48,0
4.891,28,6.281,0.972,1320.0,2.829,33.89,-118.35,1
3.445,45,4.386,1.055,690.0,2.401,37.77,-122.41,0
2.154,50,4.039,1.087,830.0,2.913,37.5,-122.32,0
3.768,38,4.661,1.068,980.0,2.455,33.78,-118.12,1
3.133,22,4.929,1.004,1150.0,2.176,33.67,-117.9,1
4.8182,24,5.125,1.021,1200.0,2.1,37.76,-122.39,1
2.315,40,4.2,1.05,900.0,2.5,33.88,-118.16,0
3.9401,30,6.022,1.09,1500.0,3.2,38.58,-121.49,1
2.75,28,4.5,1.2,1100.0,2.8,34.02,-117.91,0
4.2073,20,4.8,1.1,950.0,2.4,37.33,-121.88,1
3.0976,35,4.3,1.05,800.0,2.3,33.92,-118.45,0
3.85,25,5.1,1.1,1300.0,2.6,34.07,-118.12,1
3.4019,29,5.0,1.0,1000.0,2.0,37.84,-122.29,1
4.5217,22,5.5,1.0,1150.0,2.5,38.44,-122.74,1
2.9682,38,4.0,1.2,920.0,2.7,34.22,-118.56,0
4.6902,23,5.3,1.1,1050.0,2.8,38.65,-121.36,1
2.9635,22,4.2976190476190474,1.0833333333333333,997.0,2.634920634920635,35.83,-119.29,1
3.3905,34,5.281938325991189,1.0190476190476192,1240.0,3.057142857142857,36.92,-120.52,1
4.2901,38,4.3125,1.0208333333333333,1356.0,1.96875,33.44,-117.61,1
3.9104,19,5.302652259332023,1.0120805369127517,1462.0,3.450267381974249,37.96,-121.95,1
3.0299,46,3.5567567567567564,0.9932432432432432,337.0,2.010135135135135,38.45,-122.91,0
3.1995,23,4.033980582524272,1.0596330275229358,2394.0,3.3655963302752294,37.47,-120.46,1
3.6762,35,4.488549618320611,1.056521739130435,2029.0,2.936231884057971,35.08,-118.38,1
3.2609,47,4.2926829268292686,1.0609756097560976,1012.0,2.682926829268293,37.47,-119.56,0
4.1193,25,4.60919540229885,1.0172413793103448,1145.0,2.9367816091954024,33.47,-117.21,1
2.7324,15,4.684210526315789,1.131578947368421,1542.0,3.1973684210526314,32.91,-117.97,0
3.804,30,5.061538461538461,1.0269230769230768,1346.0,2.728205128205128,37.88,-122.22,1
2.127,40,4.158823529411765,0.9588235294117647,1489.0,2.676470588235294,34.16,-118.32,0
3.916,29,5.290476190476191,1.0142857142857142,1154.0,3.1285714285714286,33.65,-117.76,1
1.982,33,4.153947368421053,1.066315789473684,1643.0,3.1157894736842104,34.54,-118.42,0
3.22,22,5.156410256410256,0.9743589743589743,756.0,2.48974358974359,36.67,-121.8,0
4.378,31,5.711764705882353,1.0558823529411765,1348.0,2.6823529411764704,32.72,-117.18,1
3.267,24,5.221052631578947,1.0263157894736843,872.0,2.768421052631579,38.4,-122.6,0
4.781,35,5.352941176470588,1.011764705882353,1026.0,2.847058823529412,33.87,-118.11,1
2.365,35,4.501351351351351,1.0243243243243243,1779.0,2.764864864864865,34.04,-117.56,0
6.293,48,6.483018867924528,1.0245283018867923,397.0,2.199245283018868,37.47,-122.18,1
3.9852,27,5.123152709359605,1.042998135595054,1350.0,2.7857142857142856,33.92,-118.31,1
2.2343,30,4.775,1.095,1408.0,3.1125,34.24,-117.34,0
2.9751,40,4.506584747182882,1.0236686390532543,1750.0,2.679525222551929,36.32,-119.26,0
4.8723,15,6.4186046511627906,0.9224806201550387,1203.0,2.2868217054263567,38.67,-120.95,1
3.5478,19,4.712918660287081,1.0567375886524821,996.0,2.895521134915409,35.78,-119.23,0
3.9986,28,5.204081632653061,1.0204081632653061,1099.0,2.526530612244898,34.4,-118.02,1
1.9204,25,3.2137592137592135,1.0810810810810811,679.0,3.891891891891892,32.78,-117.5,0
3.7567,36,5.114084507042254,1.0316901408450705,1228.0,2.714788732394366,33.99,-118.21,1
6.1038,10,6.890804597701149,0.9695402298850575,712.0,2.150574712643678,37.75,-122.31,1
2.7513,29,4.580582524271845,1.070334928229665,1430.0,3.678391959798995,33.78,-118.21,1
4.8205,37,5.312820512820513,1.0596153846153846,1342.0,2.953846153846154,33.97,-118.43,1
3.9001,16,4.788932806324111,1.0351758793969859,1024.0,2.317617866004962,37.52,-122.06,0
1.8917,41,4.125,1.05,1339.0,3.075,37.89,-122.32,0
4.5632,18,5.23121387283237,0.9966887417218543,940.0,2.320754716981132,34.09,-118.24,1
3.9523,23,5.15625,1.0375,1020.0,2.91875,33.68,-117.83,0
3.8849,31,5.130681818181818,1.0442045454545454,1424.0,2.6875,33.78,-118.14,0
4.2587,20,4.899470899470899,1.0163170163170163,1107.0,2.738095238095238,34.22,-117.83,1
2.1651,33,4.063492063492063,1.0687830687830686,911.0,3.311688311688312,38.55,-121.8,0
6.7217,46,6.364406779661017,1.0112994350282485,635.0,2.263276836158192,33.83,-117.99,1
3.7012,20,4.812345679012345,1.1012345679012345,1432.0,2.345679012345679,33.92,-118.05,1
4.2531,38,5.233333333333333,1.0566666666666666,987.0,3.112345679012346,36.78,-119.67,1
2.9876,29,4.123456790123457,1.0030864197530864,567.0,2.54320987654321,38.44,-121.34,0
3.9045,42,5.54320987654321,1.0123456790123457,1123.0,2.701234567901235,34.56,-118.89,1
2.3345,35,3.9876543209876543,1.0987654320987654,432.0,2.0987654320987654,33.63,-117.89,0
4.6098,27,6.1234567901234565,1.0320987654320988,1789.0,2.876543209876543,34.09,-118.12,1
3.2187,30,4.765432098765432,1.0123456790123457,785.0,3.0123456790123457,33.55,-117.69,0
5.0287,24,5.876543209876543,1.0876543209876544,1567.0,2.5098765432098764,34.22,-118.25,1
2.9876,40,4.345679012345679,1.0765432098765433,654.0,2.345679012345679,38.12,-121.45,0
6.2211,33,5.876543209876543,1.0320987654320988,234.0,2.0987654320987654,32.89,-117.99,1
3.895,28,4.896,1.087,1536.0,2.435,34.09,-118.26,1
2.415,19,4.267,1.013,936.0,2.675,34.55,-118.66,0
5.372,25,6.125,1.042,1015.0,2.896,36.68,-120.74,1
4.187,36,5.643,1.061,1947.0,2.413,33.88,-118.37,1
2.645,15,4.201,1.005,1078.0,3.021,34.66,-120.43,0
3.692,32,4.842,1.031,1872.0,2.754,38.97,-123.78,0
4.875,24,5.782,1.024,756.0,2.987,32.58,-117.43,1
3.214,40,4.652,1.072,1704.0,2.641,37.33,-121.88,0
2.289,32,3.968,1.019,1395.0,3.405,36.89,-121.27,0
4.839,42,6.299,1.045,2160.0,2.513,33.84,-118.59,1
2.503,21,3.553,1.034,1354.0,3.801,35.19,-120.8,0
2.8643,29,4.62987012987013,1.0233766233766235,1360.0,3.2675324675324675,33.98,-118.32,0
3.9758,20,5.28921568627451,1.0573529411764706,1148.0,2.652941176470588,37.63,-120.6,1
3.0486,25,4.803370786516854,1.0448453608247423,1593.0,2.506185567010309,32.89,-117.53,0
4.9417,32,6.428571428571429,1.0158730158730158,1617.0,2.5793650793650795,38.43,-122.87,1
3.7157,40,5.360674157303371,1.0613496932515336,812.0,2.4030534351145048,37.54,-122.31,1
2.2174,35,4.404522613065327,1.0806451612903225,2035.0,3.1693548387096775,33.99,-118.4,0
3.9823,22,5.313157894736842,1.0410526315789475,1245.0,2.7642105263157895,38.67,-121.74,1
2.4762,24,4.486111111111111,1.0034722222222223,852.0,3.6458333333333335,36.67,-121.68,0
4.1288,37,5.70353982300885,1.0424778761061948,974.0,2.6548672566371683,34.17,-117.82,1
3.2596,31,4.964980544747083,1.0329799760191847,675.0,2.605273978201634,33.84,-117.97,1
3.8623,15,6.298701298701299,1.0324675324675325,842.0,2.272727272727273,38.59,-121.37,1
2.3908,22,5.176,1.085,885.0,2.873,33.97,-118.13,0
3.2,33,4.9,1.0,1433.0,2.8,37.72,-122.47,1
1.9103,41,4.525,1.05,862.0,2.45,37.77,-122.42,0
3.4286,20,5.08,1.0,1154.0,2.6,34.19,-118.25,1
4.2045,28,5.895,1.08,1326.0,2.5,33.65,-117.8,1
2.3068,35,4.352,1.076,1453.0,2.45,34.17,-118.09,0
4.199,27,6.12,1.01,2648.0,2.8,33.95,-118.04,1
2.6167,29,5.0,1.019,2379.0,2.44,33.75,-117.95,0
6.1636,25,7.821,1.03,612.0,2.75,34.01,-118.13,1
2.0741,35,4.495,1.062,672.0,2.62,34.24,-118.36,0
2.1876,25,4.283067796610169,1.021186440677966,928.0,2.8220338983050848,36.58,-118.34,0
3.9243,31,5.100840336134454,1.015966386554622,1644.0,2.7710084033613445,37.73,-122.44,1
3.0255,29,4.442176870748299,1.083969465648855,1523.0,3.4862385321100917,33.98,-118.18,1
3.992,17,5.231499051233396,0.9892583170254403,2840.0,3.723463687150838,33.69,-117.39,0
2.981,36,4.202983725214575,1.042055944055944,1176.0,2.5874125874125875,37.76,-122.47,0
4.6538,39,5.430399208107516,1.067235449941501,1968.0,2.904799370530541,33.9,-118.34,1
2.0043,28,3.917043740573152,1.0536976744186046,1254.0,3.0290697674418605,33.7,-118.21,0
3.5965,20,4.944444444444445,1.0333333333333334,180.0,2.9722222222222223,38.25,-120.18,0
4.7596,15,6.339578454332554,1.0141941851033665,368.0,2.1976284584980235,38.04,-122.17,1
2.6786,23,4.423529411764706,1.1147058823529412,2267.0,3.0411764705882356,34.67,-120.65,0
3.7315,15,6.230769230769231,1.0666666666666667,1401.0,2.674358974358974,37.88,-122.23,1
2.2651,33,4.99543413729128,1.0356234096692112,1467.0,2.65055401721704,34.12,-117.75,0
3.7895,16,6.205,1.0325,1743.0,2.684375,37.7,-122.45,1
2.0849,31,4.907012987012987,1.0558441558441558,1478.0,2.9077922077922076,33.86,-117.56,0
2.9473,18,4.826530612244898,1.0408163265306123,837.0,2.4829931972789114,36.77,-119.79,0
4.2082,25,6.015625,1.0125,772.0,2.31875,38.45,-121.57,1
2.7129,32,4.738735177865612,1.0565973154362416,2104.0,2.7128458498023713,37.91,-122.2,0
3.9308,15,6.373239436619718,1.0070422535211268,1461.0,2.6106194690265485,33.76,-118.35,1
4.2502,24,5.983221476510067,1.0134228187919463,1377.0,2.431543624161074,34.04,-118.1,1
2.4844,33,5.03452380952381,1.0813492063492063,1306.0,2.496031746031746,36.82,-119.8,0
2.725,28,4.911392405063292,1.0759493670886076,760.0,2.9113924050632916,34.16,-118.53,0
4.6625,16,5.6,1.0,2464.0,2.6,37.78,-122.41,1
3.99,29,4.701754385964913,1.0526315789473684,1620.0,3.5,37.74,-122.45,1
2.3185,40,4.605,1.02,2711.0,2.82,33.89,-117.58,0
2.215,45,4.37962962962963,1.0532407407407407,846.0,2.7662037037037037,33.75,-118.15,0
6.2747,20,5.320487535737066,1.0556131479140327,955.0,2.306748466257669,34.35,-118.39,1
3.3214,16,6.172839506172839,1.0864197530864197,1145.0,2.8950617283950617,34.24,-118.53,1
2.5484,37,4.18586387434555,1.0909090909090908,1080.0,2.7892561983471076,34.14,-118.28,0
3.7135,19,5.113821138211382,1.0373983739837398,734.0,2.3495934959349594,33.66,-117.86,1
4.2505,25,5.048202614379085,1.0330882352941175,1236.0,2.517156862745098,37.81,-122.43,1
1.8796,41,4.4609375,1.0515625,789.0,3.025,34.08,-118.1,0
4.8023,35,6.223214285714286,1.0928571428571427,646.0,2.5044642857142856,33.98,-118.33,1
2.5641,32,4.536585365853658,1.032520325203252,903.0,3.349593495934959,37.77,-122.44,0
4.0672,29,5.786407766990291,0.9781553398058253,1432.0,2.846116504854369,38.51,-122.6,1
3.2015,40,4.7272727272727275,1.0303030303030303,961.0,2.3454545454545452,37.79,-122.39,0
1.499,37,3.834825870646766,1.0359712230215827,698.0,3.0651085141903174,36.85,-119.79,0
0.5863,42,3.5576923076923075,1.0769230769230769,1051.0,3.269230769230769,34.24,-118.43,0
3.3438,21,5.363636363636363,1.1818181818181819,712.0,2.941919191919192,34.04,-117.77,1
4.6154,36,6.8108108108108105,1.027027027027027,2210.0,3.27027027027027,34.1,-117.94,1
2.2402,27,5.2631578947368425,1.0789473684210527,900.0,3.4473684210526314,33.89,-117.43,0
3.925,25,4.5,1.05,950.0,2.7,34.07,-118.25,1
2.679,38,4.0,1.2,1200.0,3.0,36.12,-119.7,0
4.25,30,5.0,1.0,800.0,2.5,33.89,-118.3,1
2.2,42,4.2,1.1,750.0,2.2,37.68,-122.5,0
3.15,35,4.8,0.9,1100.0,2.3,33.64,-117.78,1
1.9,48,3.6,1.0,1300.0,3.1,33.98,-118.2,0
4.0,28,5.5,0.8,850.0,2.8,37.79,-122.41,1
3.4,32,4.7,1.1,950.0,2.6,33.91,-118.17,0
3.6,39,5.2,1.0,900.0,2.5,36.75,-119.77,1
2.0,37,3.8,1.3,1400.0,4.0,38.42,-121.47,0
3.1,29,4.1,1.2,1000.0,3.0,33.69,-117.88,1
2.7154,37,4.881666666666667,1.0416666666666667,1003.0,2.7143333333333333,34.1,-117.75,1
3.5227,22,5.364010989010989,1.0357142857142858,2217.0,2.5137362637362637,34.22,-118.33,1
4.8227,17,7.22972972972973,1.1,1974.0,2.7094594594594597,37.75,-122.46,1
2.0135,36,4.091394658753709,1.0592885375494072,1181.0,2.2818791946308723,33.55,-117.74,0
1.8719,41,3.850361599158373,1.0748251748251747,831.0,2.942084942084942,37.65,-122.18,0
1.8088,50,4.372972972972973,1.1054054054054054,803.0,2.4702702702702704,33.71,-118.18,0
3.8017,35,4.977732793522267,1.0113636363636365,744.0,2.2519083969465647,37.51,-122.34,0
3.8017,35,4.977732793522267,1.0113636363636365,744.0,2.2519083969465647,37.51,-122.34,0
3.8017,35,4.977732793522267,1.0113636363636365,744.0,2.2519083969465647,37.51,-122.34,0
2.5321,40,4.417591125198099,1.0377150349650348,802.0,2.3706293706293704,38.23,-122.65,0
4.6691,15,6.783653846153846,0.9903846153846154,1218.0,2.273076923076923,33.72,-118.4,1
3.2936,27,5.268541400832103,0.990290049726975,1306.0,2.8316449735025646,36.25,-119.68,1
1.7902,35,4.042682926829268,1.097560975609756,891.0,3.39430894308943,33.68,-117.02,0
3.657,16,6.387096774193548,1.064516129032258,1452.0,2.935483870967742,34.29,-118.72,1
4.675,12,8.015625,0.90625,1424.0,2.890625,38.29,-121.24,1
2.1308,29,4.304860088365245,1.0489211678115409,983.0,2.764045009784736,38.03,-121.7,0
3.9698,18,6.422566371681416,0.9543147208121827,1113.0,3.193050193050193,37.45,-122.27,1
2.2971,28,4.777777777777778,1.0277777777777777,854.0,2.9814814814814814,33.73,-117.98,0
3.2676,24,5.383233532934131,1.0382170393847119,1137.0,2.422680412371134,34.05,-118.25,1
2.0147,40,4.613700564971751,1.0801001251564455,996.0,2.92593984962406,37.36,-121.98,0
2.505,38,5.309782608695652,1.0230978260869565,1544.0,3.02222972972973,33.68,-117.83,0
2.0989,37,4.708012404312668,1.084811320754717,849.0,2.9641509433962265,33.86,-118.14,0
4.9371,20,5.623655913978495,1.0212765957446808,1090.0,2.9716312056737593,37.73,-122.14,1
2.4589,39,4.902941176470588,1.0011764705882353,1344.0,2.7411764705882353,33.94,-118.26,0
3.6028,45,4.894578313253012,0.9942760942760943,666.0,2.5502645502645502,34.31,-117.41,1
2.7833,32,4.644444444444445,1.05,1205.0,2.5555555555555554,33.98,-118.07,0
3.4028,31,5.534296028880866,0.9876484560570071,756.0,2.78698224852071,36.85,-121.49,1
1.3589,32,4.552,0.992,1131.0,2.82,37.66,-122.44,0
4.2095,36,5.764547281323877,1.026128266033254,817.0,2.548048621336459,37.79,-122.39,1
2.0652,39,4.327188940092165,0.9981481481481481,978.0,2.9185185185185185,34.15,-117.28,0
3.8506,37,4.716981132075472,0.9999999999999999,778.0,2.9358490566037734,38.53,-121.47,1
2.8713,28,5.176954732510288,1.0186335403726707,1340.0,2.638509316770186,34.26,-118.33,1
4.096,15,6.213740458015267,1.0555555555555556,768.0,2.5517241379310347,33.69,-117.97,1
3.1929,25,4.987179487179487,1.0153846153846153,1344.0,2.925,38.42,-122.71,1
3.808,20,5.605263157894737,1.0394736842105263,1143.0,2.6447368421052633,37.57,-122.51,1
2.8897,33,5.066433566433566,1.0405405405405406,1806.0,2.698924731182796,34.07,-117.74,0
3.5094,22,5.235823757499171,1.0353836354386128,1288.0,2.535122748815165,38.29,-122.3,1
3.005,36,5.646511627906977,1.0127906976744185,1309.0,2.886627906976744,33.81,-117.25,1
1.5509,25,3.342158859470468,1.094454518430442,1215.0,3.871863011563634,33.95,-118.05,0
3.0496,33,4.914327917282127,1.0067264573991033,1009.0,2.3922651933701657,38.91,-121.06,1
4.1607,17,6.282051282051282,1.0256410256410255,1025.0,2.371794871794872,38.67,-121.51,1
1.3793,28,4.101624024,1.06538587,932.0,2.365232154,33.67,-118.24,0
4.9018,15,6.78974359,0.966879098,1143.0,2.0348918,37.38,-122.03,1
2.8731,39,4.239490445,1.119822181,787.0,3.024898327,36.62,-121.44,0
5.7023,20,6.250619198,1.025780189,1169.0,2.217329611,34.07,-118.17,1
1.8876,42,3.461194511,1.096153846,1002.0,3.291025641,33.89,-118.39,0
3.8274,24,5.225737941,1.032922381,1428.0,2.412996305,36.75,-121.78,1
2.2894,33,4.396573069,0.988470784,889.0,3.156578947,36.36,-119.5,0
3.5127,18,5.989554319,1.001049318,1207.0,2.044246194,34.58,-118.23,1
4.2149,29,5.82167044,1.113315777,1699.0,2.327537653,33.64,-117.79,1
1.6949,45,3.553964194,1.036475869,1296.0,2.986009327,33.68,-117.38,0
3.3216,23,4.690307328,1.056603774,856.0,2.508078994,33.99,-118.21,1
1.6822,25,5.713612565445026,1.099290780141844,1096.0,2.672067584480673,33.7,-118.19,0
3.8491,45,5.208333333333333,1.025,866.0,2.1575,38.63,-121.51,0
2.3159,30,5.326771653543307,1.0181102362204726,1005.0,2.710236220472441,37.88,-122.57,0
3.8859,32,5.4375,1.05,1001.0,2.3875,33.96,-118.26,1
2.3167,37,4.746031746031746,1.007936507936508,1120.0,2.7714285714285714,33.91,-118.18,0
2.8154,40,6.043478260869565,1.1043478260869566,1042.0,2.391304347826087,33.67,-117.77,0
2.2173,38,5.098522167487685,1.0280254777070064,901.0,2.656108597285068,37.98,-121.28,0
3.0575,22,5.051546391752577,1.0376288659793815,1264.0,2.845360824742268,38.62,-121.48,1
4.2226,33,6.428571428571429,1.0571428571428572,1726.0,2.8285714285714287,33.66,-117.78,1
3.2216,28,5.81038961038961,1.0766233766233766,1103.0,2.6311688311688313,37.77,-122.41,0
2.8854,29,5.21078431372549,1.067401960784314,1126.0,2.8137254901960786,37.73,-122.46,1
3.9514,19,5.869565217391305,1.073832709113608,893.0,2.766850828729282,33.61,-117.71,1
4.026,24,6.021276595744681,1.0731382978723405,1399.0,2.953191489361702,33.62,-117.7,1
2.5098,39,3.9828125,1.0421875,1343.0,3.675,36.97,-121.97,0
1.9966,43,3.432926829268293,1.0323170731707316,932.0,2.670731707317073,38.88,-121.34,0
4.4852,35,6.105263157894737,1.0105263157894737,964.0,2.1157894736842104,33.91,-118.31,1
2.8741,41,5.104166666666667,1.0625,889.0,2.71875,37.77,-122.33,1
3.5778,16,5.974874371859297,1.0885572139303483,1532.0,2.700892857142857,37.69,-121.34,1
2.5943,37,4.258620689655173,1.0397701149425287,895.0,2.6839080459770113,33.73,-118.33,0
2.6981,26,4.624795617282963,1.0663563289937579,1808.0,2.34889354734047,37.86,-122.31,1
2.7037,17,5.3203125,1.090625,915.0,2.125,37.73,-122.03,1
3.6985,21,6.137725856697819,1.0717488789237668,1395.0,2.811138014527845,35.12,-118.4,1
4.2545,27,5.676543209876543,1.0277777777777777,762.0,2.6037037037037036,37.3,-119.74,1
2.3267,36,4.314685314685315,1.0458715596330275,2205.0,3.2982456140350878,33.69,-117.41,0
3.227,20,5.298136645962733,1.001279317697228,1315.0,2.243667440496736,36.8,-119.8,1
3.195,33,5.548571428571429,1.0385714285714285,1393.0,2.394285714285714,34.05,-117.21,0
4.4028,33,5.924083769633508,1.12565445026178,900.0,2.356020942408377,34.02,-118.37,1
2.7059,14,5.992647058823529,1.1029411764705883,1597.0,2.5220588235294117,35.24,-117.68,1
4.4464,24,6.296275596947978,1.067357512953368,1524.0,2.8537549407114624,37.78,-122.5,1
5.1508,26,6.161904761904762,1.0133333333333334,946.0,2.468571428571429,34.26,-118.5,1
3.7845,15,5.221052631578947,0.9740350877192983,1130.0,2.813157894736842,37.25,-119.46,1
1.9582,32,4.231578947368421,1.011578947368421,1547.0,3.042105263157895,34.05,-118.31,0
4.2351,21,5.245833333333334,1.0427083333333333,758.0,2.783333333333333,37.78,-122.35,1
3.0248,28,4.962857142857143,1.0085714285714287,1267.0,3.222857142857143,33.94,-117.3,0
2.3039,23,5.323355263157895,0.9819078947368421,1871.0,3.213815789473684,36.81,-119.72,1
3.6872,16,5.118421052631579,1.038157894736842,1963.0,2.9289473684210527,37.4,-122.02,1
1.9732,37,4.875,1.048076923076923,1216.0,3.375,33.97,-118.09,0
3.4505,22,5.113888888888889,1.032037037037037,1239.0,2.97037037037037,34.48,-118.04,0
2.3726,32,5.516666666666667,0.9722222222222222,1249.0,2.7333333333333334,33.61,-117.74,0
4.9459,10,6.438461538461539,0.9453846153846154,1230.0,2.4938461538461536,33.8,-118.04,1
4.7128,18,6.225,0.977,1015.0,2.682,38.62,-121.49,1
3.5321,29,4.78,1.052,1206.0,2.393,34.14,-117.98,1
1.8805,35,4.392,1.081,1190.0,2.164,33.99,-118.1,0
2.7256,22,5.189,0.998,1665.0,2.813,37.65,-122.22,0
2.5792,24,4.359,1.092,1354.0,3.262,36.2,-119.18,0
3.2271,26,4.895,1.068,1358.0,3.082,33.89,-118.22,1
2.0932,34,3.5,1.111,799.0,3.24,33.56,-117.73,0
1.2639,43,3.478,1.029,881.0,2.686,36.63,-121.27,0
3.3182,17,5.009,1.034,1546.0,3.216,34.05,-118.26,1
1.2526,47,4.655,1.078,1112.0,2.767,33.64,-117.59,0
1.3617,45,3.986,1.041,1234.0,2.598,33.56,-117.73,0
2.9756,27,5.205263157894737,1.0320301783264745,1499.0,2.6430722891566267,33.92,-118.45,1
3.7263,16,6.413793103448276,1.0091575091575091,839.0,2.891402714932127,37.78,-122.42,1
1.9768,40,4.2730796807611,1.0551267916207276,1243.0,2.569478908188586,33.65,-117.76,0
4.913,31,6.035294117647059,0.9941176470588236,1253.0,2.8823529411764706,33.73,-118.3,1
2.4896,15,5.05082742316785,1.0077399380804952,933.0,3.0209424083769636,34.17,-118.28,0
2.7369,23,4.685483870967742,1.060483870967742,1064.0,3.2338709677419355,33.61,-117.89,0
3.2498,16,5.870967741935484,1.0048387096774194,1218.0,2.990322580645161,34.09,-118.27,1
2.9236,21,5.552631578947368,1.0363167259786477,1090.0,2.884210526315789,32.66,-117.1,0
3.5241,18,6.073684210526316,1.048421052631579,1246.0,2.994736842105263,34.2,-118.47,1
4.1149,20,6.33453237410072,1.0045662100456623,1405.0,2.889264631043257,33.73,-118.12,1
3.6872,15,4.6521739130434785,1.0877862595419847,1026.0,3.748792270531401,34.02,-118.26,0
4.8958,29,5.128440366972477,0.9885321100917431,701.0,2.7224770642201834,37.9,-122.57,1
3.5417,20,4.326633165829145,1.0816831683168315,1292.0,3.014851485148515,33.92,-118.3,0
2.9474,22,5.625,0.98,658.0,2.41,36.57,-119.46,1
4.2354,33,5.112781954887218,0.9788732394366197,517.0,2.880281690140845,34.11,-117.24,1
3.8566,38,4.976,1.046,757.0,2.802,38.0,-122.05,0
3.0294,33,5.043478260869565,1.0391304347826087,1062.0,3.88695652173913,36.9,-121.33,0
2.9172,26,5.402,1.0476190476190477,886.0,2.4571428571428573,34.35,-118.43,0
3.5217,23,4.461538461538462,1.0307692307692309,888.0,2.8923076923076922,34.24,-118.51,0
3.7101,20,4.892156862745098,1.0563725490196079,1143.0,2.935049019607843,33.71,-117.11,0
2.7398,35,5.117117117117117,1.0207207207207207,1551.0,3.228228228228228,33.74,-117.82,0
4.6125,25,5.265317139680435,0.9764795817414722,788.0,2.367933723196881,34.11,-118.2,1
1.631,36,3.7329201101928375,1.0671834625322998,848.0,2.735930735930736,34.39,-118.41,0
3.4191,15,5.297142857142857,0.9833333333333333,1201.0,3.2057142857142855,33.89,-118.16,1
3.4191,15,5.297142857142857,0.9833333333333333,1201.0,3.2057142857142855,33.89,-118.16,1
5.636,32,6.123011664279289,0.981081081081081,682.0,2.4202821425891186,33.88,-118.1,1
4.6726,21,6.24812030075188,1.006015037593985,684.0,2.923308270676692,37.45,-122.18,1
2.1563,18,4.237294232649069,1.0588235294117647,1427.0,2.1923076923076925,34.16,-118.1,0
2.646,22,5.010050251256281,1.020100502512563,1248.0,3.100502512562814,37.95,-122.35,0
4.2692,26,5.7727272727272725,1.009090909090909,576.0,2.5704545454545453,33.65,-117.7,1
4.1689,20,4.962,1.029,1153.0,2.875,35.13,-118.25,1
3.6401,32,4.219,1.064,874.0,3.182,38.69,-121.23,1
2.7906,29,5.247,0.998,1892.0,2.454,34.02,-117.35,1
3.8986,23,4.562,1.037,1367.0,2.891,37.78,-122.48,1
2.2194,36,3.908,1.102,1450.0,3.362,33.95,-118.08,0
3.2062,22,4.921,1.043,1596.0,2.986,36.2,-119.6,1
3.6129,31,4.482,1.057,1006.0,3.219,33.69,-117.98,0
2.5507,25,4.654,1.083,987.0,2.632,35.33,-118.67,0
2.4103,40,3.621,1.108,1186.0,2.702,38.08,-122.3,0
2.5901,19,4.108,1.114,1124.0,2.455,37.79,-122.07,0
2.4151,30,4.059908611599297,1.0787486248840945,1219.0,2.5486577181208054,36.23,-119.47,0
4.6187,20,5.024,1.023,1454.0,2.948,34.68,-118.27,1
3.0579,15,5.450385675328603,1.001509433962264,1567.0,3.003791469194313,33.85,-118.18,1
2.4151,30,4.059908611599297,1.0787486248840945,1219.0,2.5486577181208054,36.23,-119.47,0
3.0579,15,5.450385675328603,1.001509433962264,1567.0,3.003791469194313,33.85,-118.18,1
4.5495,38,5.249056603773585,0.918867924528302,1199.0,3.369811320754717,32.96,-118.27,0
2.0171,25,4.900257069408741,1.0889691516709512,1071.0,2.65038560411311,33.08,-116.25,0
2.1703,31,4.736759237611537,1.076757517804795,1451.0,2.9425065739014844,33.55,-118.77,0
3.017,31,5.036559139784946,0.9440860215053763,1411.0,3.034408602150537,36.55,-119.38,0
2.1154,28,5.12156862745098,1.0941176470588236,885.0,3.4705882352941178,34.07,-117.18,0
4.2957,20,5.942666666666666,1.0125714285714287,1276.0,3.0203809523809526,38.15,-121.6,1
2.3367,32,4.265714285714286,1.0628571428571427,843.0,2.712857142857143,34.02,-117.9,0
3.0252,19,4.882352941176471,1.0352941176470587,860.0,2.5705882352941174,36.89,-121.54,0
2.757,31,5.072727272727273,1.0113636363636365,1358.0,2.6977272727272728,33.73,-118.43,0
3.3156,18,5.1875,1.06875,1324.0,2.6125,33.81,-118.06,1
2.3437,16,4.782738095238095,1.0401785714285714,882.0,2.350595238095238,38.01,-121.63,0
1.9434,22,5.701612903225806,1.0576612903225806,1121.0,3.132258064516129,36.66,-119.32,0
1.9533,24,4.788,1.098,621.0,3.546,34.18,-118.33,0
4.5898,12,6.157894736842105,1.0175438596491229,1263.0,2.68859649122807,37.95,-122.26,1
3.1826,21,4.864615384615385,1.0384615384615385,988.0,3.1815384615384614,38.24,-122.49,0
4.8701,33,5.019027484143763,1.0026954177897573,1453.0,2.8523893199820445,34.55,-118.59,1
3.5795,23,4.784848484848485,1.0671717171717172,1142.0,3.025252525252525,33.75,-117.91,0
3.4754,42,4.233571428571429,1.088,1515.0,2.6314285714285712,33.68,-117.49,0
5.8021,29,5.101552795031056,0.9883419689119171,1705.0,3.4251989389920423,34.05,-118.17,1
1.9678,21,3.9675824175824177,1.097916083916084,1356.0,2.272727272727273,37.77,-122.42,0
3.4754,42,4.233571428571429,1.088,1515.0,2.6314285714285712,33.68,-117.49,0
3.017,31,5.036559139784946,0.9440860215053763,1411.0,3.034408602150537,36.55,-119.38,0
4.1641,39,5.130257801899586,1.0783251231527093,1600.0,2.701197604790419,38.0,-122.26,1
3.4186,22,5.248904238556489,1.0704225352112675,1205.0,3.297183098591549,34.02,-118.29,0
3.3411,22,6.010664845173043,1.0200085034106414,1301.0,2.7227513227513227,34.05,-118.09,0
2.9513,30,5.279144385026738,1.034246575342466,1460.0,2.8712328767123285,33.76,-118.29,0
4.7029,20,6.1208791208791204,1.064935064935065,1452.0,2.961038961038961,34.15,-118.12,1
2.8715,25,4.982658959537572,1.0042194092827006,1220.0,2.5771812080536916,37.78,-122.4,0
3.1578,32,5.19623855891558,1.02809706257982,1645.0,2.784720132057787,34.23,-118.37,0
3.2172,21,5.031746031746032,1.0026455026455026,1161.0,2.4695767195767195,33.99,-118.25,0
3.2621,27,4.9393939393939394,1.090909090909091,1430.0,2.6481481481481484,33.97,-118.3,0
3.0046,31,5.247191011235955,1.0337078651685394,1565.0,2.792134831460674,34.69,-118.44,0
2.3657,26,4.983974358974359,1.030448717948718,1184.0,2.564102564102564,37.49,-121.88,0
3.798,24,5.388888888888889,1.011111111111111,1222.0,2.6222222222222222,32.61,-117.05,0
1.123,50,4.309734513274336,1.110091743119266,1825.0,2.8844036697247706,38.55,-121.43,0
4.9167,18,5.036687631027253,1.091395105785782,922.0,2.1208053691275164,38.61,-121.49,1
3.0679,33,4.835443037974684,1.0440251572327044,1095.0,2.0141509433962264,34.44,-119.64,1
6.0455,22,5.445544554455445,1.1161616161616161,742.0,2.3076923076923075,37.69,-121.37,1
3.2111,27,4.055838142629482,0.9895561357702349,1426.0,2.413127413127413,33.88,-118.07,1
5.7917,41,6.168,0.973,340.0,2.342,33.77,-117.88,1
2.7969,21,5.505681818181818,1.0520833333333333,1129.0,2.022727272727273,33.9,-117.84,0
4.8214,38,5.719696969696969,1.1181818181818182,512.0,2.1363636363636362,38.57,-121.5,1
4.9318,22,5.489690721649485,1.0327868852459017,732.0,2.1445086705202314,34.11,-117.41,1
3.824,41,4.515625,1.0637254901960784,1710.0,2.500982093663911,32.81,-117.18,1
3.0531,23,4.625,0.9916666666666667,1207.0,2.18125,33.82,-118.37,1
3.8811,32,5.130413624898801,1.0773731881146678,1331.0,3.069476082004555,33.75,-117.19,0
4.6224,23,6.013492063492063,1.088095238095238,485.0,2.2785714285714285,37.72,-122.42,1
3.4599,40,4.669230769230769,1.0953846153846154,985.0,2.276923076923077,34.26,-118.89,1
4.0986,18,6.357774536090598,1.0962566844919786,1509.0,2.741547861507128,34.02,-118.43,1
2.8201,37,4.423198668714649,1.0889344262295082,856.0,2.810519031141869,38.5,-121.5,0
4.3844,26,5.795037220843672,1.0566037735849056,1353.0,2.509433962264151,34.37,-118.45,1
2.6352,26,5.125,1.0925,495.0,2.7675,34.37,-118.47,0
5.7835,15,6.528301886792453,1.0754716981132075,565.0,2.9150943396226414,34.02,-118.24,1
4.2964,44,5.833018867924528,1.0783018867924528,1467.0,2.6037735849056607,37.47,-122.24,1
3.625,15,5.2727272727272725,1.0409090909090908,694.0,2.6954545454545453,37.77,-122.4,1
3.0412,15,5.70172619047619,1.069345238095238,865.0,2.617738095238095,33.88,-117.85,1
1.9407,36,4.215910037174721,0.9974160206718347,1456.0,3.243413407821229,37.62,-120.58,0
4.7915,18,6.226666666666667,1.069047619047619,588.0,2.2676190476190476,34.16,-118.11,1
2.1231,30,4.0638297872340425,1.0265957446808511,1893.0,3.029787234042553,33.97,-117.33,0
4.792,18,6.612068965517241,1.0021551724137931,761.0,2.144396551724138,32.73,-117.23,1
4.0695,34,6.186046511627907,1.0674418604651164,1315.0,2.352325581395349,33.83,-117.8,1
2.6473,34,5.318681318681319,1.0584415584415583,1716.0,2.841558441558442,38.71,-121.29,0
4.9896,17,7.187793427230047,1.0261627906976745,449.0,2.19377990430622,34.14,-117.32,1
2.0536,38,4.377551020408164,1.026530612244898,1524.0,2.846938775510204,33.99,-118.45,0
3.9018,25,6.255245901639344,1.0975409836065573,1598.0,2.728688524590164,34.1,-118.27,1
3.6758,35,4.68140562429609,1.073081607400831,1352.0,2.68140562429609,37.82,-122.29,1
2.4709,28,4.113333333333333,1.0425,1109.0,2.813333333333333,34.1,-118.52,0
4.0385,24,5.972972972972973,1.084084084084084,1315.0,2.742042042042042,33.89,-118.19,1
3.7636,32,4.393285371702638,1.0078895463510849,1223.0,2.4217739920494696,37.49,-121.93,1
2.5683,35,4.631578947368421,1.066115702479339,1517.0,3.373684210526316,38.7,-121.29,0
3.7795,40,5.015406162465015,1.0986644407345576,1254.0,2.228291316526611,33.89,-118.05,1
4.6059,30,5.373469387755102,1.0489795918367346,1357.0,2.343877551020408,34.28,-118.45,1
3.8109,41,4.509563082679219,1.044765930862186,1062.0,2.211453744493392,33.83,-118.35,1
2.9485,16,4.25662100456621,1.0639269406392693,1702.0,2.3853832442067735,33.98,-118.4,0
4.0983,23,5.45182012847966,0.9922189108054896,1384.0,2.547719478737997,37.66,-122.05,1
4.7021,15,5.283059659090909,1.0625,1164.0,2.840909090909091,34.02,-118.15,1
2.4021,23,4.502142857142857,1.0732142857142857,910.0,2.3114285714285714,33.75,-117.82,0
4.9021,10,6.702142857142857,1.0532142857142857,1490.0,3.0814285714285714,34.01,-118.24,1
3.2021,18,4.283059659090909,1.0525,1104.0,2.940909090909091,33.82,-117.97,1
3.9021,12,5.202142857142857,1.0632142857142857,1280.0,2.7114285714285713,33.71,-117.92,1
2.5021,25,4.602142857142857,1.0832142857142857,970.0,2.1314285714285712,33.65,-117.84,0
3.2021,22,4.783059659090909,1.0545,1048.0,2.670909090909091,34.05,-118.21,1
4.5021,13,5.302142857142857,1.0732142857142857,1320.0,2.5414285714285714,33.89,-117.78,1
4.0021,20,5.483059659090909,1.0625,1204.0,2.740909090909091,34.02,-118.19,1
2.8021,24,4.902142857142857,1.0732142857142857,980.0,2.6214285714285714,33.78,-117.89,0
3.6145,38,5.789473684210526,1.1046511627906979,786.0,2.2439024390243905,37.95,-122.35,1
3.8373,30,4.985915492957747,1.1078651685393257,1361.0,2.550561797752809,34.23,-118.3,1
4.1667,22,6.113013698630137,0.973972602739726,1969.0,2.620547945205479,33.99,-118.43,1
3.1635,44,4.363985765124555,1.0552763819095485,1531.0,2.3410147465437787,33.89,-118.24,1
2.5391,44,4.265217391304348,1.0880434782608694,2095.0,2.765217391304348,34.05,-118.45,0
4.7188,17,6.014717010610079,1.026595744680851,1191.0,2.6249999999999996,33.64,-117.59,1
3.5982,33,5.108910891089109,1.104950495049505,1083.0,2.301980198019802,33.96,-118.35,1
4.2667,17,7.276785714285714,1.0602678571428572,1251.0,2.669642857142857,38.44,-122.71,1
3.056,34,4.705882352941177,1.0326797385620914,1322.0,2.051633986928105,33.63,-117.75,1
3.7406,28,5.222222222222222,0.9851851851851852,377.0,2.3407407407407406,34.17,-118.6,1
3.6721,34,5.111172161172161,1.0709499714499715,1465.0,2.3153445653445655,35.32,-119.05,1
2.1578,29,4.230195772038772,1.041982565983566,1497.0,2.4471153846153846,38.88,-121.3,0
3.8972,38,5.122260273972604,1.0890410958904109,972.0,2.2513698630136987,36.77,-119.61,1
4.3092,24,5.709438559864363,1.085360196102041,1735.0,2.7160034223133684,33.62,-117.67,1
2.8451,39,4.221261682242991,1.093112948751138,1025.0,2.3492537313432833,34.19,-118.32,0
3.7076,32,5.21164609053498,1.091762252510858,1872.0,2.4876847290640396,33.96,-118.15,1
3.1183,15,4.938271604938271,1.0617283950617284,681.0,2.3703703703703702,33.65,-117.98,0
3.8739,27,5.124832714257842,1.0836298932384343,824.0,2.315098468271334,36.36,-119.12,1
3.1164,36,4.8062499999999995,1.125,1432.0,2.40625,38.67,-121.21,0
3.4211,42,5.204878048780488,1.0682926829268293,1017.0,2.3597560975609757,34.23,-117.52,1
6.8234,26,5.293149284253577,1.0473293768545995,938.0,3.1105675146771037,33.68,-117.86,1
3.7021,40,5.97378277153558,1.0800170651184144,1249.0,2.4120801281024815,34.02,-117.72,1
4.2682,32,5.369018470486977,1.0660995271300497,830.0,2.78760162601626,37.48,-122.24,1
3.0713,32,4.5203821656050955,1.051775147928994,1556.0,2.384335154826958,36.74,-119.83,1
5.8627,45,6.318040039395146,1.0206337420343932,598.0,2.22809364548495,33.88,-118.32,1
3.4181,22,4.398438331515635,1.092840647781705,1572.0,2.845240179573513,37.3,-122.52,1
3.7188,28,5.11010101010101,1.101010101010101,490.0,2.006060606060606,33.94,-118.08,1
4.7958,37,5.469490002594724,1.095711419593935,842.0,2.6271995256776037,37.96,-122.45,1
3.3218,16,5.094255332303396,1.0706401766004414,1045.0,2.692301304049421,33.84,-117.94,1
2.986,38,4.853876739562624,1.117637271214642,1162.0,2.5048323471400393,33.7,-117.97,1
4.1583,14,5.28660436137072,0.996193407739681,1221.0,2.30167427721312,34.1,-118.2,1
2.9427,36,4.68965517241379,1.05057471264368,2243.0,2.51077586206897,38.67,-120.93,0
3.8831,22,4.73643410852713,0.991150442477876,1658.0,2.32566371681416,34.74,-118.29,1
1.9892,52,4.0353836353657,1.10403438241847,2576.0,2.46347941567065,33.72,-117.98,0
3.5734,29,5.11807228915663,1.00301204819277,934.0,2.30963855421687,38.67,-120.92,1
3.3512,16,6.01290322580645,1.06048387096774,1257.0,2.21290322580645,37.72,-122.47,1
3.1997,43,4.21690184135977,1.06001955458326,1106.0,2.3488475177305,34.11,-117.61,1
4.5794,19,5.71428571428571,0.981981981981982,491.0,2.06216216216216,34.34,-118.67,1
3.7096,40,5.31058020477816,1.00100100200401,743.0,2.16432865731463,33.57,-117.69,1
3.5885,32,5.056,0.982,493.0,2.496,33.75,-117.95,1
3.7464,43,5.287537688442211,1.0686809718172983,675.0,2.267515923566879,36.34,-117.53,1
2.5625,41,4.578947368421052,1.1157894736842107,1458.0,3.789473684210526,33.93,-118.05,0
3.1509,29,5.0075,1.0675,693.0,2.2575,37.75,-122.44,1
4.5521,32,6.12004662004662,1.0683760683760684,1229.0,3.2703972703972704,38.58,-121.38,1
3.0197,20,4.81283422459893,1.0930656934306568,1662.0,2.2388059701492535,34.05,-118.08,1
2.6272,36,4.353153153153153,1.1103603603603602,1788.0,3.0225225225225225,33.94,-118.12,0
2.2347,37,3.8654761904761905,1.093452380952381,1116.0,2.5714285714285716,33.71,-118.29,0
2.5446,34,4.121951219512195,1.0357723577235773,1800.0,2.8902439024390243,34.63,-118.7,0
3.2341,52,5.488188976377953,1.110498687664042,1447.0,2.284300341296928,32.68,-117.1,1
2.9827,29,4.640802348336594,1.114678899082569,1411.0,3.129032258064516,38.44,-122.68,0
2.4863,33,5.12093023255814,1.06046511627907,1317.0,2.68790697674419,36.99,-122.02,1
3.8947,12,6.35087719298246,0.985964912280702,1098.0,2.61951754385965,37.59,-120.45,1
2.481,37,5.50251256281407,1.01457286432161,1194.0,3.08341708542714,34.1,-118.24,1
3.9167,25,5.77099236641221,1.084229390681,1211.0,2.89045855258541,33.72,-117.08,1
2.6059,26,4.59440559440559,1.0989010989011,1125.0,2.72727272727273,34.05,-118.13,1
4.2861,16,6.31182795698925,0.993197278911564,1331.0,3.0994623655914,37.78,-122.41,1
2.485,24,4.82296650717703,1.02941176470588,1253.0,2.8696682464455,33.66,-117.99,1
2.8871,39,5.85294117647059,1.11764705882353,1088.0,2.76470588235294,38.67,-120.96,1
3.3246,38,5.56140350877193,1.0219298245614,1230.0,2.93567251461988,33.54,-117.76,1
3.0005,27,5.13247863247863,1.02222222222222,1347.0,2.65396825396825,37.4,-122.06,1
4.7292,24,5.291383219954648,0.980952380952381,1348.0,2.8714285714285714,36.73,-119.78,1
2.8685,26,4.891304347826087,1.026086956521739,1152.0,3.1222222222222222,36.13,-119.37,0
3.8943,15,6.0125,0.9484375,1468.0,2.84375,33.86,-118.37,1
3.362,18,4.996282527881041,1.040268456375839,1221.0,3.0383693045563547,38.55,-122.65,0
3.5293,33,5.265116279069767,0.9906976744186046,1383.0,2.922093023255814,34.05,-118.25,0
3.9174,13,6.251908396946565,0.9236641221374046,1739.0,3.284732824427481,37.55,-122.79,1
2.2567,34,4.2894736842105265,1.1151315789473684,995.0,3.066447368421053,35.44,-119.38,0
3.2801,20,4.995515695067265,1.0434782608695652,1179.0,2.9034334763948495,37.92,-122.05,0
4.0268,23,5.545180722891566,1.0072289156626506,1383.0,2.489518072289157,34.29,-118.44,0
3.8956,32,5.31496062992126,1.0023622047244094,1106.0,2.874015748031496,38.58,-121.42,0
4.3256,30,5.202408563634,0.983743842364532,1356.0,3.042194092827,36.8,-119.5,0
6.7861,15,6.212395757834,0.934875382201,1242.0,2.941639597801,37.1,-121.9,1
2.3958,35,4.978095598547,1.086198938991,1487.0,4.232601775136,34.1,-118.2,0
3.2183,27,5.101981318092,0.993722810238,1417.0,2.53408627523,34.4,-119.3,1
1.7852,46,4.731629392971,1.063882063882,918.0,2.879120879121,33.5,-118.4,0
2.3958,35,4.978095598547,1.086198938991,1487.0,4.232601775136,34.1,-118.2,0
1.2375,39,3.529277462459,1.080432648785,1052.0,3.232134796238,33.3,-118.1,0
2.5769,20,4.643204301075,1.08064516129,1067.0,2.504032258065,33.7,-117.2,0
4.6693,21,5.201287477954,1.00111358575,2713.0,2.53418051576,34.1,-117.2,0
2.5769,20,4.643204301075,1.08064516129,1067.0,2.504032258065,33.7,-117.2,1
3.1918,22,5.256,1.0215,1234.0,2.9184,33.72,-118.17,1
2.8841,32,5.4298,1.0529,1377.0,3.2476,34.65,-118.11,0
4.7156,15,5.7863,0.9872,2162.0,2.3601,34.73,-118.38,1
3.8819,25,6.2907,1.0316,1598.0,2.8493,33.89,-118.08,1
3.3087,28,5.6982,1.0174,1685.0,2.7312,34.01,-118.08,1
3.6271,20,5.8917,1.0123,1320.0,2.8833,33.81,-118.14,1
2.4159,31,5.1859,1.0469,1567.0,2.9992,33.99,-118.01,0
2.5544,33,5.3326,1.0121,1543.0,2.7153,33.77,-118.22,0
2.8174,29,5.387,1.0364,1472.0,2.7514,33.85,-118.09,0
3.1586,23,5.4213,1.0186,1254.0,2.9539,33.74,-118.23,1
4.0965,19,5.7531,1.0127,2224.0,2.4112,34.61,-118.37,1
3.4287,31,5.026366468,0.927221173,1579.0,3.409823523,36.74,-120.68,0
4.9859,20,5.575046901,1.012313973,1266.0,2.788765822,36.14,-120.87,1
2.9171,41,4.789473684,0.92481203,999.0,2.857142857,33.83,-118.26,0
3.2345,28,5.384615385,0.973684211,1279.0,2.385964913,33.68,-117.8,1
2.1396,19,4.399209486,1.011494253,802.0,2.825862068,33.75,-118.07,0
2.8531,38,4.556818182,1.035511364,1881.0,3.056818182,35.81,-119.27,0
1.9279,25,4.590062112,1.081987577,1484.0,3.385093168,34.08,-118.22,0
2.4998,16,5.269230769,1.019230769,1197.0,2.807692308,33.89,-118.15,0
4.1252,22,5.238095238,0.936507937,3035.0,2.682539683,36.3,-119.4,0
4.2579,39,4.876404494,1.052808989,525.0,2.198876404,34.3,-118.89,1
2.3984,14,4.597560976,1.097560976,1091.0,3.079268293,33.78,-118.3,0
4.2137,40,5.779816513761468,1.026595744680851,1450.0,3.5829787234042554,37.8,-122.23,1
2.1093,22,4.948402948402948,1.0562770562770563,1097.0,2.7432432432432434,33.82,-117.88,0
4.1025,35,5.216666666666667,1.0291666666666666,1379.0,2.9166666666666665,33.99,-117.77,0
3.2189,33,4.950249584026622,1.0869565217391304,1252.0,3.026622296949708,34.04,-118.22,0
3.1018,16,5.688211094215974,1.0294055459287055,3198.0,2.6014568158168574,34.52,-117.65,1
3.5676,36,5.159633911368015,1.0030395136778116,886.0,2.6818181818181817,34.66,-118.13,1
4.8125,17,6.276923076923077,0.976923076923077,1069.0,3.0384615384615383,33.94,-118.2,0
5.7367,10,7.292181069958848,1.017515923566879,2735.0,2.755020080321285,37.73,-122.45,1
4.1025,35,5.216666666666667,1.0291666666666666,1379.0,2.9166666666666665,33.99,-117.77,0
3.2746,27,6.28169014084507,1.0252110325657924,1185.0,2.9397163120567376,33.82,-117.76,1
4.8925,40,4.368421052631579,1.2007575757575757,725.0,3.361742424242424,33.97,-118.3,0
3.628,34,6.089385474860336,1.0798479087452473,1606.0,2.879518072289157,34.2,-118.27,1
4.2019,22,6.127450980392157,1.0745098039215688,964.0,2.584313725490196,36.67,-121.66,0
4.313,17,6.571428571428571,1.0,1158.0,2.5714285714285716,33.68,-117.42,1
3.1708,26,6.068783068783069,1.0707550707550706,1337.0,2.5993265993265995,34.49,-118.33,1
4.0512,16,7.386904761904762,1.0669642857142858,1747.0,2.4345238095238093,34.16,-118.79,1
2.7588,33,5.345132743362832,1.0454545454545454,1109.0,2.832167832167832,33.89,-118.34,1
2.0813,25,4.323636363636363,1.0472727272727274,811.0,2.7309090909090905,38.46,-122.71,0
2.7396,33,5.630177514792899,1.0251572327044025,1214.0,2.5260663507109005,32.66,-117.04,1
2.681,33,5.113207547169811,0.9773584905660379,1589.0,3.0754716981132075,36.58,-119.38,0
4.793,30,6.239766081871345,0.9461771488469602,1334.0,3.256098827470687,37.58,-121.97,1
2.214,35,3.879120879120879,1.112087912087912,1414.0,4.154945054945055,34.21,-118.44,0
2.878,29,5.498381877022653,1.0205949656750573,1483.0,2.642194747764137,34.47,-119.29,1
1.758,48,4.918032786885246,1.087704918032787,936.0,2.9114754098360653,34.02,-118.32,0
2.214,35,3.879120879120879,1.112087912087912,1414.0,4.154945054945055,34.21,-118.44,0
1.414,39,3.1922455573070723,1.0131522533589252,1170.0,3.3210242587601075,33.81,-118.17,0
2.333,18,4.369466100517891,1.1067193675889329,1110.0,2.596330275229358,33.38,-117.25,0
4.239,19,5.21517453798768,1.005482456140351,2363.0,2.594076655052943,34.07,-117.25,0
4.568,48,4.966367713004484,1.0852017937219731,667.0,2.2883895131086143,34.25,-118.64,1
3.7954,35,5.672727272727273,1.0045454545454546,1254.0,2.9545454545454546,33.74,-118.27,1
2.3683,30,4.619047619047619,1.0634920634920635,1244.0,3.015873015873016,36.59,-119.39,0
4.0278,25,6.201550387596899,0.9875968992248062,1349.0,2.9612403100775193,33.92,-118.06,1
2.8152,15,4.905063291139241,0.9746835443037974,1480.0,2.3544303797468356,37.74,-122.45,0
4.2337,40,5.784269662921348,1.0149253731343284,1650.0,2.8059701492537314,38.0,-122.2,1
3.0926,20,4.711340206185567,1.0103092783505154,1290.0,3.0721649484536084,37.68,-121.96,0
3.725,34,5.2105263157894735,0.9736842105263158,1178.0,3.263157894736842,33.89,-118.07,1
3.2083,28,5.462809917355372,0.9205298013245033,1559.0,2.848344370860927,33.6,-117.67,0
5.2068,32,6.415929203539823,0.9867256637168141,1645.0,2.6460176991150446,34.2,-118.0,1
3.7452,25,6.5085638994,0.9887387387,1234.0,3.9086424474,35.75,-119.96,1
2.5613,30,4.8213241612,1.0427207711,987.0,2.9824481605,36.82,-121.46,1
4.2249,15,6.1150326797,0.9751633987,1567.0,2.6241830065,33.93,-118.35,1
2.3424,40,5.2142857143,1.0873015873,786.0,3.719047619,37.68,-122.27,0
3.9675,20,5.8490566038,1.0251572327,893.0,3.1705882353,34.15,-118.12,1
2.8081,35,4.7785234899,1.1115702479,1325.0,2.4555900621,33.88,-117.94,0
5.2943,10,6.4090909091,0.987012987,2134.0,2.8766233766,34.42,-118.68,1
3.6159,22,5.7215189873,1.0088607595,1723.0,2.564556962,32.86,-117.17,0
4.2425,18,6.2523364486,1.0471698113,1180.0,2.7014084507,38.69,-121.46,1
4.5227,12,5.9785714286,0.9952380952,2050.0,2.9357142857,33.97,-118.27,1
2.9874,18,5.259720062208398,1.041830446129289,1571.0,2.769230769230769,34.38,-117.77,1
3.4781,30,4.96484375,1.022265625,916.0,3.115625,33.9,-118.35,1
1.207,32,5.200381679389313,1.0488997555012225,1344.0,2.496218487394958,37.74,-122.19,0
3.7955,15,4.943755401755401,1.0089285714285714,1027.0,2.73478835978836,33.62,-117.7,1
2.9874,18,5.259720062208398,1.041830446129289,1571.0,2.769230769230769,34.38,-117.77,1
6.3824,6,6.892441860465116,0.9869186046511628,1533.0,2.197674418604651,37.73,-122.17,1
2.1875,30,4.381578947368421,1.1263157894736842,1300.0,2.5684210526315785,35.81,-120.72,0
4.0694,30,5.023048521742688,1.013237063778598,1298.0,2.965179292929293,33.7,-117.99,1
2.9874,18,5.259720062208398,1.041830446129289,1571.0,2.769230769230769,34.38,-117.77,1
4.2768,10,6.115702479338843,0.996694214876033,1183.0,2.481404958677686,34.3,-118.42,1
2.1365,27,4.250558846,1.040223142,1614.0,2.956783495,37.87,-122.29,1
3.6978,33,6.051836527,1.097526191,2456.0,3.014267597,34.07,-118.02,1
4.8902,20,5.392703861,0.951345755,1763.0,2.349284006,33.94,-118.08,1
1.9872,45,3.817469802,1.150470219,1043.0,3.098859315,33.77,-117.77,0
2.8786,32,4.573234431,1.006286188,1332.0,2.527874564,33.94,-118.12,1
2.4511,36,4.711881235,1.059114785,1336.0,3.358490566,34.17,-118.54,1
2.0286,32,3.684210526,1.116959064,1434.0,4.192982456,34.29,-118.44,0
3.2964,52,4.263502455,1.109656301,2071.0,3.389525368,37.76,-122.41,1
3.625,20,3.594594595,0.945945946,87.0,2.351351351,40.22,-123.43,0
2.9735,24,4.47826087,1.127002288,2147.0,2.456521739,32.75,-117.22,1
2.2487,27,5.217948717948718,0.9871794871794872,1395.0,2.735897435897436,34.25,-118.27,1
3.8054,19,6.237374409448818,1.0696517412935322,1761.0,2.361963190184049,36.77,-121.76,1
3.1959,20,4.994019138755982,1.0399184149184149,1433.0,2.742424242424242,34.03,-117.97,1
4.8273,29,5.594444444444445,1.0003968253968254,1016.0,2.367460317460317,33.96,-118.29,1
3.6822,15,5.121546961325967,1.0204929161323584,1135.0,2.7051593192239856,37.83,-122.19,1
3.3941,36,4.889879518072289,1.0981927710843373,662.0,3.0178915662650603,34.14,-117.45,1
4.3011,19,5.4411764705882355,1.086764705882353,862.0,2.713235294117647,34.38,-119.86,1
3.0156,45,5.608,0.9609140461215933,1416.0,2.1238779174147218,33.76,-118.19,1
4.7321,23,6.163461538461538,0.9798076923076923,1347.0,2.4026490066225166,33.94,-118.32,1
3.6571,34,4.18194321083318,1.026313061872941,1282.0,2.850696156192236,36.96,-121.91,1
3.4658,22,5.063433837429112,1.0146750524109014,2265.0,3.258365835222978,34.33,-118.48,1
1.4321,16,4.883255669773635,1.0124386357845017,1151.0,3.0386363636363636,33.92,-118.27,0
3.7982,30,5.137540453074433,1.0083875182104363,875.0,2.987730061349693,37.73,-122.45,1
1.7564,47,4.73943661971831,1.0394366197183098,1425.0,2.787323943661972,34.61,-118.32,0
5.2183,15,7.026610836391437,1.0266108363914372,1962.0,3.183946488294314,38.44,-122.71,1
4.2076,25,6.4324324324324325,1.018018018018018,1573.0,2.762162162162162,33.61,-117.71,1
2.5098,18,4.92909201091945,1.073663734115347,982.0,2.649733272787486,34.07,-118.15,0
3.8658,32,5.143608769229969,1.022780102195164,1985.0,3.0337611241217797,35.67,-118.2,1
2.321,41,4.52157288417261,1.0264900662251655,1883.0,2.946026490066225,32.82,-117.08,0
5.6293,27,6.045197740112994,0.9991103202846975,1332.0,2.812674094707521,37.78,-122.42,1
3.8001,29,4.876543209876543,1.0098765432098766,1572.0,2.9234567901234567,34.78,-118.11,1
2.7509,35,4.613861386138614,1.0815181518151815,921.0,2.618811881188119,33.54,-117.69,0
2.9621,18,5.339805825242719,1.0019417475728154,1146.0,2.536407766990291,33.88,-118.48,0
2.5232,22,4.156521739130434,1.1130434782608696,1438.0,2.726086956521739,33.82,-117.68,0
4.8763,34,6.453362255965464,0.9854014598540146,3268.0,2.7630057803468207,34.02,-118.5,1
4.3921,38,6.020304568527918,1.0296442687747036,1298.0,2.656441717791411,36.96,-121.46,1
3.4001,15,3.669172932330827,1.1151832460732984,781.0,2.92831541218638,37.73,-122.48,0
3.8241,31,5.637931034482759,1.0064655172413794,1789.0,2.825431034482759,35.17,-120.68,1
3.9821,25,5.792134831460674,1.0241573033707865,1443.0,2.803370786516854,33.64,-117.74,1
3.6729,36,4.712025316455696,1.0159235668789814,1310.0,3.308860759493671,34.02,-118.2,1
2.4197,45,4.523809523809524,1.1137566137566137,1607.0,2.937830687830688,34.61,-119.11,0
4.3624,27,5.125,0.9545454545454546,1298.0,3.037878787878788,33.95,-118.26,1
2.3342,38,4.079365079365079,1.0714285714285714,1104.0,2.7301587301587302,33.73,-118.36,1
3.8018,18,4.577777777777778,1.0222222222222221,319.0,2.7666666666666666,36.57,-121.88,0
2.6757,30,4.044117647058823,1.0808823529411764,1100.0,2.9783088235294115,37.67,-122.05,0
4.5618,20,5.986928104575163,1.0207253886010363,2053.0,2.583941605839416,37.74,-122.46,1
2.3684,37,4.822222222222222,1.0555555555555556,1755.0,3.2666666666666666,37.66,-118.29,0
3.7614,24,4.680672268907563,1.0441176470588236,1937.0,2.7205882352941178,34.12,-118.54,1
2.0524,26,3.9393939393939394,1.1136363636363635,213.0,2.4545454545454546,36.75,-119.8,0
3.1287,30,4.049107142857143,1.0683010204081633,1289.0,3.2181122448979593,36.72,-120.89,1
2.4982,41,3.745,1.036,1260.0,2.815,33.86,-118.18,1
4.0957,16,5.928571428571429,0.9801587301587302,1538.0,2.701190476190476,34.16,-118.37,1
3.6174,25,5.278195488721804,1.0312292358803985,1456.0,3.0248743718592963,37.98,-122.55,1
3.7244,14,5.451128526645768,0.9981604095563139,1871.0,2.958990536277603,37.59,-122.46,1
2.5026,32,4.198717948717949,1.1046153846153848,1052.0,2.4574358974358974,35.2,-120.73,1
4.0748,20,5.486708939148073,1.0233920972644377,2774.0,2.7325102880658436,36.76,-119.79,1
3.3862,17,5.287671232876712,1.0045662100456623,934.0,2.625570776255708,32.73,-117.11,1
2.9067,26,4.781609195402299,1.1580459770114944,1523.0,3.0948275862068964,36.8,-120.45,1
3.2504,32,4.728745818066726,1.0083207261724658,3104.0,2.603788526434195,36.74,-119.75,1
1.7232,45,5.124,1.052,1122.0,3.224,35.14,-118.16,0
4.5823,20,6.367,0.985,1643.0,2.669,33.87,-118.26,1
3.8121,32,4.783,1.098,931.0,2.912,34.05,-119.28,1
2.9434,28,5.019,1.033,1334.0,2.543,34.77,-119.55,1
2.2135,50,4.665,1.078,1672.0,3.035,36.12,-121.65,0
4.0966,15,6.288,1.021,2321.0,2.691,37.04,-121.78,1
1.7894,42,4.568,1.069,811.0,2.477,33.89,-117.91,0
3.6279,22,5.734,1.012,1553.0,2.814,36.79,-120.6,1
2.5258,39,4.194,1.046,1544.0,2.169,37.95,-121.52,0
3.621,28,5.412,1.009,1092.0,2.397,35.56,-120.58,1
2.2736,34,3.887,1.125,1242.0,3.401,35.08,-118.69,0
4.5027,17,5.793478260869565,1.068840579710145,1456.0,2.7318840579710146,34.07,-118.21,1
3.8632,36,5.321543408360129,0.9887052600276633,1107.0,2.363660478325859,34.47,-119.63,1
2.6283,49,4.527906976744186,1.0351744966442953,1359.0,2.416862015780288,33.97,-118.18,0
2.0158,20,3.6785714285714284,1.092857142857143,965.0,4.214285714285714,33.87,-118.09,0
4.1071,37,6.272842639593908,1.0799492385786802,2164.0,2.746192893401015,33.76,-117.87,1
6.2034,22,6.532293986636971,1.0267260579064588,1283.0,2.8574610244988863,38.21,-122.63,1
2.784,31,4.4375,1.18125,1185.0,3.34375,37.94,-122.5,0
3.3324,41,5.250889679715301,1.0184757505773672,931.0,2.9961280487804878,34.09,-117.6,0
4.1071,37,6.272842639593908,1.0799492385786802,2164.0,2.746192893401015,33.76,-117.87,1
4.1071,37,6.272842639593908,1.0799492385786802,2164.0,2.746192893401015,33.76,-117.87,1
1.7542,25,4.395,1.021,1037.0,2.942,35.71,-120.85,0
3.6975,18,6.324,0.987,910.0,3.019,38.76,-121.24,1
2.1429,30,4.234,1.043,1493.0,2.762,33.68,-117.77,0
1.325,43,4.675,1.013,764.0,3.097,36.63,-121.24,0
4.625,15,6.821,0.914,2400.0,3.105,34.11,-117.54,1
2.2381,32,5.097,1.027,1302.0,2.433,33.97,-118.11,0
3.615,27,5.211,1.012,1540.0,2.812,37.77,-121.21,1
1.2587,45,4.82,1.084,878.0,2.6,37.95,-122.1,0
3.9501,23,5.994,0.976,1729.0,2.571,33.68,-117.83,1
7.023,8,6.883,0.896,709.0,2.813,37.28,-119.91,1
1.6886,36,4.451,1.022,1274.0,2.429,37.77,-122.05,0
3.2897,23,5.221019108280255,0.9781056790393013,1131.0,2.589970501474926,36.21,-119.33,0
2.7865,34,4.911827956989247,1.032258064516129,1065.0,2.472043010752688,34.18,-118.38,0
4.8642,22,6.291139240506329,1.0227848101265822,1494.0,2.9468354430379744,33.8,-117.62,1
4.2016,15,5.752136752136752,1.0487180487180487,1844.0,2.985281385281385,36.65,-121.73,1
3.2646,27,5.123287671232877,1.0856164383561644,1235.0,2.641095890410959,37.62,-120.72,0
3.7717,40,4.319488817891374,1.186046511627907,1452.0,3.574850299401198,33.85,-117.82,0
4.3158,19,6.110619469026549,1.051497975708502,1994.0,2.58054887963992,33.73,-117.37,1
4.2061,23,5.333333333333333,1.1071428571428572,1125.0,3.130952380952381,33.77,-118.31,0
3.5595,28,4.672897196261682,1.0598130841121496,1163.0,3.35607476635514,33.99,-117.25,0
3.581,32,4.843537414965986,1.0338354577025826,2073.0,3.0949808429118777,36.6,-121.89,0
2.6537,23,5.180555555555555,1.0625,1318.0,2.798611111111111,33.45,-117.11,0
3.8984,39,4.375,1.140625,1532.0,2.425,34.06,-118.15,1
2.5604,26,5.357142857142857,1.0357142857142858,1467.0,2.625,33.65,-117.84,0
3.6458,30,4.90566037735849,1.0377358490566038,1629.0,2.6547169811320757,37.79,-122.43,0
3.2071,28,4.978102189781022,1.007445271679198,1816.0,2.513317191283293,36.84,-119.76,0
4.2578,25,6.123711340206186,1.020618556701031,930.0,2.463917525773196,33.88,-118.13,1
3.6031,40,5.098726114649682,1.0132978723404256,1068.0,2.851063829787234,37.73,-122.44,0
3.8182,15,5.925925925925926,1.0617283950617284,734.0,2.45679012345679,38.36,-122.06,0
3.4964,17,5.29746835443038,1.0632911392405062,1917.0,2.860759493670886,33.65,-117.91,0
3.2097,31,4.492957746478873,1.079225352112676,1021.0,2.9577464788732395,34.55,-118.4,0
3.2121,23,5.309433962,1.035849057,1122.0,2.768867925,35.98,-120.15,1
2.8546,15,6.214285714,1.078571429,1001.0,2.610714286,38.63,-121.38,0
2.3688,32,4.778947368,1.012280702,890.0,2.31754386,37.8,-122.41,0
3.8359,10,6.078947368,1.051315789,1279.0,2.482763158,33.65,-117.97,1
3.1613,37,5.285714286,1.028571429,1167.0,2.358571429,34.04,-117.8,0
4.5205,19,6.582352941,1.041176471,1490.0,2.462352941,38.32,-122.18,1
5.6954,8,6.853107345,0.986046512,1123.0,2.244961883,34.29,-118.68,1
2.3943,23,5.882352941,1.070588235,1121.0,2.535294118,38.77,-121.29,0
4.7702,12,6.792307692,1.045769231,1412.0,2.487692308,33.86,-117.92,1
4.4537,18,6.458536585,1.025609756,1101.0,2.391463415,33.94,-118.09,0
3.9174,29,4.992753623,1.038405797,951.0,2.947101449,37.91,-121.28,0
3.5345,30,4.986,1.012,1100.0,2.8,34.24,-118.12,0
3.2167,20,5.452,1.023,750.0,2.1,36.62,-121.45,0
4.8752,35,5.278,0.995,1620.0,3.2,33.96,-118.12,1
3.6678,25,5.792,1.087,1350.0,2.6,37.77,-122.41,1
3.1221,28,4.777,1.124,2000.0,2.3,33.89,-118.41,0
2.8903,15,6.123,1.043,2500.0,2.1,34.05,-117.89,0
3.9756,33,4.621,1.035,1730.0,2.8,37.28,-121.82,1
2.4798,22,4.998,1.073,1400.0,2.7,33.83,-117.67,0
4.254,37,5.221,1.012,2100.0,2.6,34.07,-118.23,1
2.7325,27,4.621,1.005,1200.0,2.4,34.17,-117.91,0
2.7891,14,5.834295681063123,1.1053097345132743,1298.0,2.4992248062015507,33.66,-117.84,0
3.2456,38,5.922444187414502,1.0258620689655173,914.0,2.41501976284585,36.97,-119.05,0
4.8093,23,6.731617647058823,1.056985294117647,2080.0,2.6458333333333335,34.11,-118.43,0
2.0015,11,4.858024691358025,1.1160493827160494,666.0,2.394179894179894,33.95,-118.17,0
6.208,25,6.237918215613382,1.011378002528445,1064.0,2.653765690376569,37.71,-122.41,1
4.9181,31,6.308411214953271,1.0824742268041236,1792.0,2.353479646017699,33.92,-118.24,1
8.3066,30,6.62259516407669,1.072289156626506,1180.0,2.652542372881356,37.64,-120.95,1
3.5964,45,5.004147465437788,1.0518134715025906,1556.0,2.5686900958466454,33.61,-117.91,0
4.0262,27,5.280188679245283,1.0070754716981132,1481.0,2.538679245283019,33.8,-117.5,0
2.4333,20,4.496062992125984,1.1098425196850394,1523.0,2.1653543307086616,33.93,-118.13,0
2.3578,30,4.735294117647059,1.010294117647059,1027.0,2.631862745098039,34.17,-117.42,0
3.8251,16,5.294117647058823,1.036764705882353,744.0,2.2797202797202796,37.78,-122.39,1
4.9335,37,6.305405405405405,1.0554054054054054,2022.0,2.6864864864864866,33.68,-117.47,1
3.1746,21,5.611111111111111,1.0175925925925926,1564.0,2.730324074074074,33.62,-117.69,0
1.9838,30,4.595070422535211,1.0774647887323943,748.0,2.664788732394366,38.37,-122.72,0
6.3712,22,6.672727272727273,0.9618181818181819,1595.0,2.5945454545454547,37.47,-122.31,1
8.5028,38,7.309859154929577,1.019718309859155,1777.0,2.562295081967213,33.73,-118.29,1
5.2894,31,5.949367088607595,1.0835443037974684,1125.0,3.017910447761194,35.3,-118.91,1
4.099,40,5.775510204081633,1.0680272108843536,1356.0,2.8452380952380953,34.09,-118.18,1
3.5948,36,5.80327868852459,1.019672131147541,1029.0,2.5311475409836066,34.12,-117.63,0
2.3514,22,4.836,1.0133,1168.0,2.7667,33.92,-116.99,0
3.9158,36,5.5608,1.0647,2439.0,2.4541,37.74,-122.44,0
2.8597,29,5.2903,0.9881,1619.0,3.2265,38.43,-121.49,0
3.1382,19,4.8921,1.0836,1938.0,2.3941,34.16,-118.37,1
3.2236,31,5.0474,1.0786,2210.0,3.1732,34.1,-117.85,0
5.6663,21,6.3267,1.0175,759.0,2.2812,33.69,-117.98,1
7.4831,15,7.3729,1.0553,760.0,2.5328,37.92,-122.52,1
3.7996,26,5.728,1.0279,3343.0,3.0783,34.68,-118.13,1
4.9282,15,6.2545,1.0087,845.0,2.5469,33.85,-118.12,1
2.6246,23,4.6072,1.0123,1314.0,2.7932,38.29,-122.47,0
4.4819,20,6.2235,1.0632,1728.0,2.6789,34.14,-118.22,1
3.5891,23,5.26045197740113,1.0108158447807125,1146.0,2.861582242358894,34.15,-118.13,1
4.9383,30,5.9237726103371955,1.0882655307175897,1854.0,2.5206021558872305,33.81,-118.17,1
2.3011,31,4.926108374384237,1.0603448275862069,878.0,2.447413793103448,37.54,-122.42,0
3.5623,20,5.310580204778157,1.0141295188180195,1957.0,2.9019607843137254,33.86,-118.17,1
3.9278,27,5.587301587301587,1.0582010582010581,2365.0,3.045307443365696,37.47,-122.21,1
2.5933,32,5.032,1.094,1229.0,2.65,37.88,-122.3,0
3.5683,22,5.204545454545454,1.0801948051948052,1882.0,2.7857142857142856,33.65,-117.79,0
2.9789,34,5.271226415094339,1.0157232704402517,1334.0,2.789308176100629,33.71,-116.41,1
4.7601,33,5.627240143369176,1.0326953748006376,2177.0,2.373373805525602,33.78,-118.41,1
2.1154,28,5.12156862745098,1.0941176470588236,885.0,3.4705882352941178,34.07,-117.18,0
2.5568,20,4.978947368421053,1.0473684210526317,1576.0,2.378947368421053,33.79,-117.95,0
4.9821,32,5.778688524590164,1.019672131147541,2558.0,2.901639344262295,33.89,-118.35,1
3.4076,24,6.345238095238095,1.109126984126984,2126.0,2.783730158730159,33.65,-117.18,0
2.8957,36,4.889473684210526,1.1026315789473684,1194.0,2.413157894736842,33.77,-118.42,0
5.2246,21,6.200569800569801,1.042780748663102,1413.0,2.829059829059829,33.92,-118.23,1
