date,period,nswprice,nswdemand,vicprice,vicdemand,transfer,class
0.213832,0.765957,0.033657,0.376905,0.002573,0.418465,0.456912,1
0.660493,0.531915,0.055337,0.454266,0.003279,0.365281,0.511328,0
0.739057,0.234043,0.087124,0.296512,0.003783,0.466874,0.612908,0
0.159785,0.308511,0.038194,0.388765,0.002146,0.395028,0.487325,1
0.990181,0.446809,0.042707,0.241545,0.002939,0.227615,0.509072,1
0.637418,0.542553,0.043596,0.591023,0.004025,0.380613,0.522195,0
0.963012,0.702128,0.077295,0.478931,0.003608,0.529192,0.389021,0
0.874723,0.308511,0.038194,0.388765,0.002146,0.395028,0.487325,1
0.797354,0.255319,0.050839,0.382196,0.00337,0.474315,0.490743,1
0.053347,0.212766,0.031532,0.463452,0.002149,0.342635,0.623956,0
0.861536,0.617021,0.046922,0.316778,0.003919,0.486457,0.55173,0
0.282097,0.617021,0.046922,0.316778,0.003919,0.486457,0.55173,1
0.150512,0.702128,0.065235,0.408924,0.003111,0.268627,0.515694,0
0.800491,0.170213,0.045893,0.482718,0.002669,0.443096,0.588716,0
0.467808,0.319149,0.026877,0.500355,0.003567,0.383186,0.665417,1
0.215913,0.489362,0.093667,0.452773,0.002447,0.493562,0.371291,0
0.66621,0.148936,0.03469,0.317605,0.003011,0.233578,0.614933,1
0.548303,0.957447,0.058212,0.672379,0.004366,0.721676,0.421806,1
0.218281,0.744681,0.041253,0.312144,0.002077,0.361429,0.584929,0
0.555012,0.87234,0.067438,0.690831,0.004578,0.678261,0.405781,1
0.814377,0.212766,0.028475,0.23192,0.003265,0.323366,0.434481,1
0.416677,0.223404,0.036722,0.235892,0.003376,0.323137,0.413007,0
0.921942,0.553191,0.050188,0.521087,0.004192,0.432049,0.582963,1
0.675688,0.425532,0.045412,0.514401,0.003758,0.563513,0.301055,1
0.103675,0.446809,0.037581,0.527421,0.002276,0.348734,0.568421,1
0.154612,0.446809,0.031686,0.314186,0.001421,0.273641,0.504386,1
0.899164,0.489362,0.067588,0.758021,0.003142,0.602054,0.482456,0
0.769126,0.617021,0.050692,0.567894,0.002763,0.487288,0.463158,0
0.487597,0.191489,0.039125,0.22545,0.002011,0.273641,0.420175,1
0.862165,0.340426,0.07113,0.610341,0.005251,0.647482,0.312719,0
0.261652,0.531915,0.09562,0.266163,0.004152,0.346392,0.589474,1
0.688924,0.659574,0.042338,0.459104,0.003644,0.491237,0.492105,0
0.000236,0.170213,0.029783,0.248893,0.001014,0.227669,0.460526,1
0.479496,0.170213,0.028768,0.21612,0.001382,0.300514,0.525877,0
0.763421,0.510638,0.062145,0.698505,0.003146,0.538279,0.470111,1
0.318762,0.170213,0.035826,0.461018,0.002519,0.297824,0.389111,1
0.142067,0.914894,0.089735,0.398752,0.003789,0.328719,0.644932,0
0.667899,0.553191,0.066321,0.682972,0.003789,0.328719,0.644932,0
0.241852,0.106383,0.082693,0.709952,0.004911,0.520764,0.558155,1
0.091336,0.978723,0.08736,0.62402,0.003657,0.644542,0.328383,0
0.793754,0.12766,0.019573,0.573911,0.004911,0.520764,0.558155,0
0.014953,0.255319,0.098228,0.712852,0.002762,0.512143,0.545426,0
0.601095,0.87234,0.035468,0.286924,0.002519,0.297824,0.389111,0
0.853387,0.702128,0.029399,0.506211,0.002038,0.591403,0.300439,1
0.750032,0.223404,0.068531,0.450311,0.002937,0.512428,0.572199,1
0.200618,0.042553,0.035613,0.292944,0.002139,0.376912,0.478515,1
0.852119,0.319149,0.058321,0.503723,0.003079,0.644108,0.407943,1
0.724053,0.446809,0.074282,0.446325,0.003282,0.535807,0.551162,1
0.350904,0.638298,0.044972,0.63921,0.003582,0.720624,0.643547,0
0.708486,0.87234,0.059014,0.730108,0.005372,0.875419,0.312981,0
0.831798,0.382979,0.051752,0.542989,0.002421,0.455721,0.59235,1
0.649975,0.106383,0.035435,0.373828,0.002371,0.394624,0.528184,1
0.728252,0.702128,0.068054,0.703057,0.004582,0.793527,0.667665,0
0.817988,0.489362,0.064964,0.613259,0.003949,0.610856,0.563036,0
0.45144,0.340426,0.04011,0.687593,0.002634,0.668824,0.498684,1
0.88453,0.074468,0.086881,0.552576,0.003751,0.57257,0.700246,0
0.588672,0.255319,0.059275,0.297894,0.002703,0.315789,0.547368,1
0.002888,0.893617,0.061075,0.371242,0.003881,0.393939,0.524561,0
0.494382,0.12766,0.03285,0.313043,0.002675,0.316006,0.534211,1
0.529233,0.457447,0.06225,0.48285,0.003323,0.391901,0.478947,1
0.49685,0.702128,0.089875,0.691015,0.006056,0.442105,0.642105,0
0.075137,0.787234,0.06755,0.572581,0.004087,0.482213,0.640351,1
0.907777,0.617021,0.01875,0.317889,0.002558,0.169855,0.810526,1
0.042342,0.808511,0.099925,0.625786,0.00719,0.38893,0.694737,0
0.481051,0.148936,0.0237,0.297294,0.001926,0.231485,0.767544,1
0.032239,0.223404,0.03555,0.355102,0.00208,0.29703,0.623684,1
0.909125,0.223404,0.0833,0.194631,0.00404,0.279532,0.642105,1
0.076564,0.329787,0.0676,0.360952,0.004254,0.398861,0.525439,1
0.067891,0.765957,0.058204,0.568325,0.003033,0.407898,0.519223,0
0.927421,0.329787,0.034732,0.497984,0.002258,0.425683,0.442865,0
0.346543,0.632979,0.052839,0.459107,0.003271,0.459107,0.522996,0
0.551432,0.042553,0.037812,0.430897,0.001897,0.310535,0.633771,1
0.357325,0.414894,0.030694,0.481255,0.002329,0.352982,0.615538,1
0.234215,0.765957,0.071212,0.432963,0.003012,0.325436,0.466752,1
0.905239,0.234043,0.026943,0.208412,0.002588,0.33218,0.600841,0
0.450381,0.297872,0.072513,0.564958,0.004456,0.510759,0.476912,1
0.456617,0.276596,0.033175,0.578102,0.001946,0.47566,0.611842,1
0.202417,0.191489,0.03111,0.559127,0.003179,0.416304,0.551998,0
0.801292,0.531915,0.053695,0.554997,0.004038,0.505741,0.486012,0
0.078142,0.744681,0.025692,0.617003,0.001586,0.324569,0.585467,1
0.761652,0.765957,0.078625,0.631923,0.003467,0.422915,0.414912,0
0.344278,0.691489,0.101169,0.612541,0.003467,0.422915,0.414912,0
0.600575,0.978723,0.077118,0.609893,0.003467,0.422915,0.414912,0
0.927372,0.585106,0.042113,0.802607,0.003789,0.647124,0.392517,1
0.520669,0.319149,0.09868,0.502029,0.003467,0.422915,0.414912,0
0.698426,0.595745,0.055109,0.758252,0.003467,0.422915,0.414912,1
0.97285,0.478723,0.074861,0.522479,0.004021,0.584157,0.238158,0
0.756344,0.553191,0.095686,0.50465,0.003467,0.422915,0.414912,0
0.395684,0.755319,0.045296,0.636095,0.003467,0.422915,0.414912,1
0.080914,0.276596,0.088708,0.456383,0.003467,0.422915,0.414912,1
0.766839,0.93617,0.038847,0.845507,0.003978,0.546723,0.387719,1
0.160458,0.340426,0.114087,0.546712,0.003467,0.422915,0.414912,0
0.821572,0.478723,0.085327,0.547892,0.003467,0.422915,0.414912,0
0.112374,0.606383,0.065932,0.468724,0.003467,0.422915,0.414912,1
0.765237,0.191489,0.049345,0.297882,0.003467,0.422915,0.414912,0
0.892475,0.446809,0.108672,0.646392,0.003467,0.422915,0.414912,0
0.543643,0.12766,0.028714,0.213847,0.001231,0.182783,0.714912,1
0.976593,0.914894,0.123598,0.529158,0.003467,0.422915,0.414912,1
0.473839,0.585106,0.091547,0.429571,0.003467,0.422915,0.414912,0
0.776387,0.968085,0.112784,0.686294,0.003467,0.422915,0.414912,0
0.442358,0.021277,0.029583,0.279927,0.002758,0.362915,0.414912,0
0.264763,0.574468,0.087921,0.712047,0.005679,0.518915,0.514912,1
0.897442,0.06383,0.037624,0.379486,0.003467,0.422915,0.414912,1
0.016253,0.574468,0.084327,0.524892,0.003467,0.422915,0.414912,0
0.234123,0.723456,0.134567,0.54321,0.098765,0.987654,0.345678,1
0.54321,0.321654,0.345678,0.654321,0.456789,0.765432,0.56789,0
0.987654,0.345678,0.234567,0.456789,0.54321,0.876543,0.456789,1
0.456789,0.654321,0.456789,0.321654,0.345678,0.654321,0.654321,0
0.54321,0.234567,0.54321,0.987654,0.123456,0.234567,0.789012,1
0.876543,0.876543,0.876543,0.123456,0.789012,0.54321,0.123456,0
0.54321,0.345678,0.654321,0.345678,0.234567,0.876543,0.56789,1
0.345678,0.54321,0.54321,0.876543,0.345678,0.654321,0.876543,0
0.654321,0.456789,0.56789,0.345678,0.654321,0.456789,0.345678,1
0.123456,0.54321,0.456789,0.234567,0.654321,0.876543,0.234567,0
0.54321,0.654321,0.876543,0.54321,0.456789,0.234567,0.54321,1
0.345678,0.456789,0.234567,0.54321,0.456789,0.654321,0.456789,0
0.121542,0.361702,0.088921,0.602481,0.003467,0.422915,0.414912,0
0.832485,0.680851,0.034793,0.457209,0.002891,0.514785,0.527892,1
0.642487,0.297872,0.042536,0.543327,0.001948,0.596409,0.322105,1
0.974124,0.234043,0.070131,0.634619,0.00415,0.448131,0.459789,0
0.307852,0.446809,0.026467,0.421558,0.002163,0.488259,0.215789,1
0.596203,0.212766,0.055431,0.381216,0.00314,0.541937,0.132105,0
0.123987,0.478723,0.108915,0.511623,0.003467,0.422915,0.414912,0
0.789632,0.12766,0.077233,0.685459,0.005291,0.717312,0.613782,0
0.430327,0.159574,0.038901,0.60428,0.003467,0.422915,0.414912,0
0.567812,0.361702,0.092445,0.569335,0.003467,0.422915,0.414912,0
0.215423,0.574468,0.065209,0.428175,0.002683,0.598251,0.232105,1
0.635742,0.148936,0.050812,0.612481,0.003467,0.422915,0.414912,0
0.321468,0.845745,0.043543,0.472312,0.003245,0.522188,0.293211,1
0.632144,0.321468,0.065432,0.594321,0.002134,0.392012,0.421345,0
0.420322,0.643321,0.089945,0.521233,0.003922,0.667322,0.353244,1
0.256789,0.123345,0.032134,0.312211,0.001233,0.270123,0.178299,0
0.785322,0.564233,0.075643,0.621234,0.004321,0.512344,0.299322,1
0.134566,0.422234,0.049932,0.433456,0.002345,0.321987,0.235678,0
0.721234,0.345678,0.085678,0.512345,0.003434,0.633456,0.332345,1
0.365432,0.675432,0.072134,0.613456,0.003123,0.541234,0.287654,0
0.543211,0.456789,0.062345,0.578944,0.002234,0.492345,0.312456,1
0.423455,0.734567,0.078988,0.623456,0.003456,0.599876,0.343567,0
0.715239,0.712766,0.083415,0.501947,0.004035,0.579185,0.396541,0
0.646012,0.223404,0.095037,0.666518,0.002974,0.415037,0.408813,1
0.132654,0.723404,0.067592,0.324044,0.003478,0.422452,0.454011,0
0.738609,0.223404,0.104912,0.567899,0.003672,0.622361,0.312487,0
0.221356,0.957447,0.098117,0.606122,0.003203,0.378122,0.401235,1
0.411012,0.638298,0.076514,0.460118,0.003748,0.543884,0.410598,1
0.721732,0.946809,0.111233,0.582551,0.002876,0.411122,0.355212,0
0.236501,0.744681,0.060219,0.407732,0.004237,0.478113,0.421345,0
0.999231,0.223404,0.118039,0.744311,0.003001,0.422344,0.456712,1
0.355701,0.797872,0.082755,0.595666,0.003722,0.534933,0.389877,1
0.467532,0.787234,0.063451,0.438901,0.003985,0.471122,0.413255,1
0.123456,0.478723,0.066766,0.400122,0.003441,0.415322,0.401234,0
0.456789,0.123456,0.085432,0.64321,0.004321,0.587654,0.327654,0
0.987654,0.654321,0.073211,0.721543,0.003567,0.611111,0.276543,1
0.754321,0.987654,0.094321,0.678901,0.005432,0.54321,0.521345,0
0.123456,0.654321,0.105432,0.732456,0.006543,0.587654,0.354321,1
0.489012,0.345678,0.082345,0.654321,0.004567,0.576543,0.312345,0
0.456789,0.987654,0.098765,0.721543,0.005678,0.609876,0.289012,1
0.789012,0.123456,0.075432,0.654321,0.003456,0.532109,0.498765,0
0.890123,0.234567,0.092345,0.732456,0.005678,0.654321,0.345678,1
0.56789,0.56789,0.084567,0.690123,0.004567,0.578901,0.387654,0
0.345678,0.789012,0.076543,0.654321,0.003456,0.54321,0.465432,1
0.198677,0.240426,0.026013,0.514252,0.016444,0.56261,0.292105,0
0.122742,0.425532,0.112738,0.393603,0.013467,0.322915,0.314912,0
0.361086,0.121277,0.079783,0.37105,0.012036,0.382755,0.508333,0
0.790138,0.568085,0.086053,0.612288,0.013941,0.654013,0.363596,1
0.325379,0.440426,0.084087,0.446712,0.023467,0.422915,0.384912,0
0.194562,0.610638,0.064246,0.421389,0.034672,0.481616,0.762281,0
0.781421,0.504255,0.020623,0.423505,0.03215,0.589332,0.271053,1
0.598987,0.482979,0.079346,0.561113,0.026639,0.60145,0.327982,0
0.113937,0.8,0.045958,0.374531,0.013467,0.422915,0.414912,1
0.400841,0.714894,0.092703,0.299598,0.013467,0.422915,0.414912,0
0.425379,0.340426,0.114087,0.546712,0.003467,0.422915,0.414912,0
0.113937,0.8,0.045958,0.374531,0.013467,0.422915,0.414912,1
0.789123,0.361702,0.105624,0.532619,0.003467,0.422915,0.414912,0
0.654321,0.234043,0.089432,0.621354,0.003467,0.422915,0.414912,1
0.123456,0.723404,0.075311,0.497255,0.003467,0.422915,0.414912,0
0.456789,0.159574,0.115678,0.695432,0.003467,0.422915,0.414912,1
0.872345,0.595745,0.087654,0.54321,0.003467,0.422915,0.414912,0
0.234567,0.361702,0.099321,0.568432,0.003467,0.422915,0.414912,1
0.765432,0.489362,0.102134,0.612345,0.003467,0.422915,0.414912,0
0.369874,0.12766,0.108976,0.576543,0.003467,0.422915,0.414912,1
0.987654,0.712766,0.095643,0.554321,0.003467,0.422915,0.414912,0
0.54321,0.234043,0.091234,0.588976,0.003467,0.422915,0.414912,1
0.678901,0.468085,0.082345,0.521987,0.003467,0.422915,0.414912,0
0.214365,0.191489,0.118764,0.634543,0.003467,0.422915,0.414912,1
0.196873,0.957447,0.040825,0.324789,0.002762,0.379643,0.629764,1
0.501102,0.148936,0.040825,0.324789,0.002762,0.379643,0.629764,1
0.780321,0.744681,0.088478,0.392765,0.002871,0.669417,0.321895,1
0.823928,0.93617,0.040825,0.324789,0.002762,0.379643,0.629764,0
0.310044,0.851064,0.102017,0.420572,0.006205,0.525331,0.463538,0
0.990399,0.106383,0.088478,0.392765,0.002871,0.669417,0.321895,1
0.834384,0.510638,0.073629,0.350642,0.005768,0.445883,0.507103,0
0.435548,0.06383,0.088478,0.392765,0.002871,0.669417,0.321895,0
0.662623,0.510638,0.073629,0.350642,0.005768,0.445883,0.507103,1
0.690927,0.978723,0.068546,0.551958,0.004006,0.395792,0.621604,0
0.76582,0.191489,0.102017,0.420572,0.006205,0.525331,0.463538,0
0.84599,0.12766,0.102017,0.420572,0.006205,0.525331,0.463538,0
0.827924,0.718085,0.040985,0.631239,0.003145,0.512764,0.219638,1
0.231458,0.207447,0.070235,0.367828,0.002527,0.427698,0.529639,0
0.520169,0.074468,0.034728,0.501724,0.001984,0.465882,0.688702,0
0.991761,0.503191,0.088056,0.285176,0.003283,0.288571,0.419284,1
0.098763,0.344681,0.085941,0.699116,0.002764,0.411457,0.647159,1
0.591473,0.26383,0.080226,0.388324,0.002142,0.225399,0.499587,1
0.673884,0.174468,0.063427,0.461936,0.00267,0.488229,0.399992,0
0.312849,0.125532,0.093211,0.497415,0.003121,0.45418,0.318549,0
0.165984,0.701064,0.05782,0.334312,0.002186,0.378353,0.406871,1
0.6672,0.404255,0.118651,0.638122,0.002858,0.593105,0.528773,1
0.822392,0.351064,0.038371,0.394529,0.001731,0.520788,0.458983,1
0.569629,0.475532,0.06242,0.371372,0.003275,0.478944,0.652628,0
0.844259,0.861702,0.020495,0.690689,0.002367,0.553567,0.351461,1
0.416014,0.978723,0.065991,0.352941,0.001864,0.232688,0.671453,0
0.412251,0.744681,0.07153,0.454697,0.002772,0.555793,0.465385,1
0.843658,0.787234,0.089921,0.51506,0.004331,0.65729,0.15962,1
0.000842,0.617021,0.084041,0.276101,0.001531,0.421997,0.753307,1
0.846265,0.510638,0.087783,0.298457,0.002124,0.486627,0.530223,1
0.411649,0.702128,0.04978,0.616998,0.003605,0.560073,0.222226,1
0.002016,0.680851,0.065569,0.490258,0.002765,0.388124,0.624743,0
0.843057,0.234043,0.052668,0.521818,0.004037,0.491206,0.596157,0
0.853285,0.12766,0.050787,0.248062,0.002993,0.365869,0.52817,0
0.02947,0.468085,0.065411,0.476355,0.002244,0.381294,0.438196,0
0.849481,0.574468,0.073438,0.382408,0.001877,0.22163,0.299287,0
0.567891,0.678912,0.035678,0.567891,0.001234,0.789012,0.456789,1
0.123456,0.234567,0.012345,0.456789,0.002345,0.890123,0.123456,0
0.987654,0.876543,0.045678,0.654321,0.003456,0.987654,0.56789,0
0.456789,0.56789,0.023456,0.54321,0.004567,0.876543,0.678901,1
0.345678,0.456789,0.034567,0.432109,0.005678,0.765432,0.789012,0
0.654321,0.54321,0.056789,0.654321,0.006789,0.654321,0.345678,1
0.234567,0.345678,0.06789,0.765432,0.00789,0.54321,0.456789,0
0.54321,0.654321,0.078901,0.654321,0.008901,0.432109,0.56789,1
0.432109,0.54321,0.089012,0.54321,0.009012,0.321098,0.678901,0
0.765432,0.876543,0.091234,0.432109,0.001234,0.210987,0.789012,0
0.876543,0.765432,0.06789,0.54321,0.002345,0.123456,0.678901,1
0.890123,0.654321,0.045678,0.654321,0.003456,0.109876,0.56789,1
0.492161,0.553191,0.033982,0.305743,0.002058,0.257671,0.635088,1
0.863202,0.957447,0.062891,0.468825,0.003467,0.422915,0.414912,1
0.041259,0.340426,0.047157,0.48528,0.002217,0.296716,0.730263,1
0.667591,0.978723,0.060141,0.536573,0.003467,0.422915,0.414912,0
0.67875,0.404255,0.053031,0.450067,0.003006,0.404929,0.476316,0
0.166161,0.787234,0.073974,0.38241,0.003467,0.422915,0.414912,1
0.861558,0.191489,0.042492,0.345313,0.002589,0.218062,0.654825,1
0.001561,0.446809,0.081329,0.527781,0.003467,0.422915,0.414912,0
0.014401,0.957447,0.085665,0.531262,0.003467,0.422915,0.414912,1
0.682008,0.531915,0.055535,0.368477,0.002938,0.346621,0.405482,0
0.115061,0.12766,0.021555,0.216586,0.001778,0.305278,0.545614,0
0.029464,0.12766,0.030233,0.238775,0.002036,0.282755,0.408333,0
0.782394,0.606383,0.085612,0.562881,0.003278,0.455124,0.316747,1
0.017654,0.574468,0.072695,0.428767,0.002476,0.567732,0.450201,1
0.762674,0.723404,0.095454,0.529241,0.002773,0.524748,0.673285,0
0.572683,0.191489,0.035227,0.403056,0.002121,0.276898,0.601318,0
0.258257,0.680851,0.061593,0.698402,0.002973,0.391041,0.573204,1
0.762518,0.574468,0.08873,0.646887,0.003637,0.526559,0.251073,0
0.026652,0.276596,0.082997,0.432611,0.002762,0.471376,0.697741,1
0.8136,0.319149,0.096496,0.575694,0.004109,0.638815,0.166923,0
0.633767,0.978723,0.046147,0.593596,0.00291,0.353299,0.52632,1
0.087821,0.553191,0.062654,0.386167,0.002625,0.357336,0.743245,1
0.341428,0.276596,0.107089,0.512357,0.004109,0.638815,0.166923,0
0.900442,0.638298,0.033978,0.505993,0.00275,0.525698,0.349123,0
0.532759,0.542553,0.05031,0.487863,0.003567,0.486172,0.325698,0
0.573978,0.478723,0.034932,0.552409,0.002565,0.501299,0.268752,0
0.625098,0.329787,0.035724,0.477587,0.002956,0.436525,0.372714,0
0.458034,0.574468,0.027458,0.402937,0.003136,0.386274,0.267889,1
0.361308,0.744681,0.054182,0.621454,0.003467,0.422915,0.414912,0
0.790247,0.638298,0.036294,0.380087,0.003087,0.301546,0.498684,0
0.528582,0.574468,0.033352,0.460732,0.002869,0.420228,0.395128,0
0.853316,0.106383,0.02293,0.236595,0.001947,0.270157,0.313509,1
0.612652,0.659574,0.03912,0.456922,0.002737,0.467319,0.543011,0
0.713046,0.255319,0.062502,0.348378,0.003081,0.318118,0.30691,1
0.435421,0.755319,0.031751,0.626373,0.003467,0.422915,0.414912,1
0.635949,0.170213,0.025311,0.233521,0.002036,0.282755,0.408333,0
0.150356,0.074468,0.087024,0.576328,0.002181,0.477823,0.376236,1
0.220105,0.308511,0.064932,0.725419,0.001361,0.678422,0.489676,1
0.827171,0.446809,0.045869,0.484014,0.001991,0.336423,0.699631,1
0.124321,0.914894,0.073869,0.575121,0.001354,0.674225,0.523998,0
0.98624,0.553191,0.032869,0.527028,0.001139,0.598029,0.325483,1
0.639172,0.021277,0.025869,0.219135,0.002335,0.314827,0.426875,0
0.036257,0.202128,0.084869,0.378522,0.003324,0.446924,0.568446,1
0.541382,0.808511,0.097869,0.63703,0.002562,0.379726,0.477659,1
0.963308,0.542553,0.092869,0.687533,0.003179,0.567325,0.36148,1
0.271923,0.468085,0.077869,0.646528,0.002762,0.539827,0.418045,1
0.478735,0.276596,0.083869,0.764016,0.00184,0.734128,0.267822,0
0.841981,0.617021,0.099869,0.442025,0.003012,0.614227,0.692312,0
0.531342,0.680851,0.070869,0.499258,0.00284,0.56245,0.372239,0
0.713829,0.893617,0.090582,0.627287,0.003642,0.590126,0.494534,1
0.628526,0.851064,0.069203,0.504866,0.002731,0.572395,0.360994,1
0.536954,0.148936,0.072619,0.372528,0.002201,0.28287,0.658364,0
0.485666,0.574468,0.044189,0.317698,0.002978,0.372641,0.319974,1
0.712416,0.680851,0.086349,0.583182,0.003183,0.573492,0.571476,1
0.561988,0.319149,0.069441,0.276741,0.002125,0.311547,0.705861,0
0.897304,0.404255,0.061144,0.529741,0.003551,0.397817,0.720797,0
0.665753,0.255319,0.059464,0.499246,0.002316,0.403853,0.691475,1
0.792636,0.957447,0.057442,0.635012,0.003883,0.609399,0.312882,0
0.485711,0.212766,0.030225,0.440227,0.001942,0.227133,0.76173,0
0.432938,0.191489,0.013581,0.309517,0.001614,0.19546,0.437234,0
0.152346,0.319149,0.061982,0.490593,0.002903,0.629845,0.164925,1
0.774932,0.404255,0.037894,0.543217,0.003077,0.377281,0.426316,1
0.904278,0.680851,0.039502,0.274912,0.002431,0.275901,0.313158,0
0.579611,0.12766,0.049744,0.271114,0.002104,0.377281,0.726316,1
0.479352,0.595745,0.046383,0.292115,0.002582,0.517672,0.219298,1
0.112733,0.617021,0.056786,0.592971,0.003308,0.348737,0.184649,0
0.761316,0.085106,0.041532,0.327409,0.002332,0.272945,0.470175,1
0.612443,0.446809,0.045399,0.298234,0.002377,0.252885,0.469298,0
0.012048,0.904255,0.057324,0.514623,0.003107,0.347256,0.625439,0
0.444248,0.914894,0.04037,0.544029,0.002556,0.597523,0.267105,0
0.922892,0.659574,0.035792,0.400692,0.002226,0.313433,0.564912,0
0.119158,0.234043,0.059975,0.696547,0.003394,0.508403,0.367544,1
0.760123,0.389362,0.055762,0.602315,0.002431,0.595824,0.438091,1
0.135679,0.308511,0.032655,0.440127,0.002761,0.350784,0.625128,1
0.507895,0.085106,0.018973,0.340151,0.001972,0.287412,0.473746,1
0.878431,0.914894,0.045135,0.501235,0.002611,0.450527,0.513279,0
0.251289,0.255319,0.026982,0.362849,0.002402,0.311245,0.567314,0
0.320698,0.553191,0.042388,0.592336,0.002921,0.456708,0.395813,1
0.775389,0.12766,0.01394,0.369214,0.002123,0.309425,0.642875,0
0.610248,0.829787,0.087619,0.661392,0.003315,0.389735,0.399445,0
0.305775,0.255319,0.01933,0.382641,0.002445,0.324996,0.582166,0
0.812673,0.478723,0.060268,0.605838,0.002765,0.349407,0.554325,1
0.736172,0.702128,0.091415,0.472226,0.003764,0.430855,0.480379,1
0.179543,0.340426,0.039206,0.450373,0.002899,0.402166,0.586267,0
0.112233,0.478723,0.071201,0.342565,0.004512,0.290123,0.612345,0
0.398476,0.643219,0.089347,0.501234,0.002342,0.410987,0.285432,1
0.725681,0.234567,0.051234,0.44321,0.003456,0.365432,0.521234,1
0.559876,0.789012,0.031234,0.26789,0.002345,0.312345,0.432109,0
0.876543,0.56789,0.029012,0.399876,0.001234,0.454321,0.654321,1
0.123456,0.345678,0.078901,0.312345,0.003456,0.287654,0.54321,0
0.444444,0.345679,0.091234,0.231234,0.005432,0.465432,0.654321,1
0.765432,0.123456,0.056789,0.387654,0.002345,0.298765,0.432109,0
0.56789,0.901234,0.037891,0.289012,0.002345,0.376543,0.54321,1
0.234567,0.45679,0.081234,0.342109,0.004321,0.321654,0.56789,0
0.678901,0.345679,0.096543,0.476543,0.001234,0.345678,0.654321,1
0.456789,0.790123,0.024567,0.312345,0.005678,0.432109,0.456789,0
0.234567,0.987654,0.061234,0.398765,0.002345,0.287654,0.54321,1
0.442187,0.191489,0.065432,0.526089,0.002887,0.364721,0.487987,0
0.265992,0.957447,0.109943,0.712331,0.004593,0.416783,0.304728,0
0.842675,0.234043,0.025619,0.394622,0.002366,0.311392,0.610153,0
0.723859,0.106383,0.03868,0.252128,0.002196,0.378956,0.865791,1
0.539617,0.957447,0.047831,0.381419,0.002975,0.349904,0.704847,1
0.676003,0.755319,0.028634,0.619245,0.002794,0.404092,0.442389,0
0.224687,0.617021,0.081935,0.664894,0.003291,0.444007,0.549814,0
0.642039,0.521277,0.058988,0.296697,0.003696,0.468293,0.586871,1
0.218797,0.978723,0.08368,0.462698,0.003396,0.419117,0.408974,0
0.620208,0.968085,0.075496,0.235876,0.003068,0.315123,0.747579,1
0.852102,0.074468,0.052581,0.558087,0.002291,0.330346,0.562637,0
0.052715,0.882979,0.106301,0.574356,0.003335,0.365318,0.477666,0
0.22565,0.97872,0.0892,0.42752,0.00347,0.42291,0.41491,0
0.45015,0.74468,0.07047,0.85718,0.00474,0.71336,0.26228,0
0.89677,0.93617,0.05806,0.49345,0.00275,0.34024,0.61579,0
0.42539,0.34043,0.11409,0.54671,0.00347,0.42291,0.41491,0
0.8558,0.65957,0.03164,0.46593,0.00227,0.63646,0.09429,1
0.96659,0.10638,0.04311,0.32743,0.00276,0.38322,0.79868,1
0.4733,0.04255,0.02018,0.24606,0.00172,0.34127,0.63509,1
0.88142,0.40426,0.03062,0.5235,0.00215,0.58933,0.27105,1
0.8558,0.65957,0.03164,0.46593,0.00227,0.63646,0.09429,1
0.88142,0.40426,0.03062,0.5235,0.00215,0.58933,0.27105,1
0.45582,0.42553,0.03837,0.60443,0.00264,0.41015,0.5386,1
0.4733,0.04255,0.02018,0.24606,0.00172,0.34127,0.63509,1
0.845934,0.223404,0.057093,0.409837,0.002562,0.279671,0.619186,0
0.712165,0.925532,0.071672,0.518021,0.004093,0.357418,0.538596,1
0.239469,0.723404,0.085273,0.483264,0.003389,0.408853,0.29135,0
0.618259,0.542553,0.095897,0.63502,0.003649,0.432448,0.372807,1
0.720972,0.12766,0.036035,0.337779,0.002771,0.367315,0.670175,0
0.108184,0.43617,0.106395,0.384011,0.00222,0.398586,0.46579,0
0.417035,0.223404,0.113062,0.583619,0.003111,0.426159,0.342105,0
0.185048,0.978723,0.062671,0.453495,0.003311,0.428909,0.405263,0
0.318738,0.234043,0.099938,0.667904,0.003244,0.414581,0.377193,1
0.822634,0.75,0.044925,0.505584,0.002218,0.338351,0.716667,0
0.537758,0.159574,0.085122,0.497673,0.003101,0.402798,0.403509,0
0.184371,0.595745,0.048095,0.320802,0.001997,0.311399,0.768421,0
0.221193,0.170213,0.087602,0.387192,0.003951,0.470584,0.315598,1
0.760831,0.212766,0.052314,0.612387,0.002888,0.527001,0.252561,1
0.682254,0.297872,0.046297,0.550976,0.002651,0.393231,0.485312,1
0.482986,0.446809,0.069836,0.531607,0.002589,0.601573,0.191749,1
0.381409,0.659574,0.061923,0.454765,0.003436,0.465692,0.407424,0
0.745241,0.510638,0.049657,0.678545,0.00322,0.331276,0.654913,1
0.450767,0.319149,0.064217,0.386764,0.002545,0.465007,0.463555,1
0.139609,0.382979,0.071406,0.52563,0.003706,0.654769,0.114529,0
0.585306,0.446809,0.090488,0.560387,0.003867,0.398156,0.585694,1
0.881025,0.297872,0.040137,0.315882,0.002391,0.425079,0.764105,1
0.381409,0.659574,0.061923,0.454765,0.003436,0.465692,0.407424,0
0.045287,0.957447,0.067214,0.37654,0.003108,0.39223,0.63274,0
0.334567,0.563781,0.082319,0.489213,0.004156,0.360927,0.378902,0
0.765432,0.234567,0.055678,0.432109,0.002345,0.295678,0.412345,1
0.123456,0.789012,0.092345,0.512345,0.003456,0.410987,0.434567,0
0.456789,0.345678,0.078901,0.49321,0.004567,0.363214,0.387654,0
0.879345,0.54321,0.031234,0.46789,0.002345,0.389012,0.401234,1
0.987654,0.098765,0.048901,0.34289,0.002678,0.378901,0.488765,1
0.54321,0.104567,0.022345,0.278901,0.001234,0.312345,0.356789,1
0.876543,0.432109,0.032345,0.479012,0.002456,0.391234,0.409876,1
0.879345,0.54321,0.031234,0.46789,0.002345,0.389012,0.401234,1
0.876543,0.432109,0.032345,0.479012,0.002456,0.391234,0.409876,1
0.768901,0.456789,0.041234,0.54321,0.003456,0.425678,0.46789,1
0.54321,0.104567,0.022345,0.278901,0.001234,0.312345,0.356789,1
0.369592,0.255319,0.060131,0.494978,0.003467,0.422915,0.414912,0
0.128993,0.276596,0.091477,0.654905,0.003467,0.422915,0.414912,0
0.898399,0.574468,0.060742,0.686145,0.003467,0.422915,0.414912,0
0.389324,0.808511,0.096346,0.372775,0.003467,0.422915,0.414912,0
0.463399,0.531915,0.047073,0.286621,0.002417,0.312239,0.620851,1
0.998687,0.106383,0.092704,0.393887,0.003803,0.368138,0.745088,1
0.369592,0.255319,0.060131,0.494978,0.003467,0.422915,0.414912,0
0.128993,0.276596,0.091477,0.654905,0.003467,0.422915,0.414912,0
0.898399,0.574468,0.060742,0.686145,0.003467,0.422915,0.414912,0
0.389324,0.808511,0.096346,0.372775,0.003467,0.422915,0.414912,0
0.463399,0.531915,0.047073,0.286621,0.002417,0.312239,0.620851,1
0.998687,0.106383,0.092704,0.393887,0.003803,0.368138,0.745088,1
0.558964,0.617021,0.070132,0.532071,0.002742,0.402875,0.295989,1
0.709911,0.212766,0.044674,0.389144,0.003045,0.328584,0.610175,1
0.157804,0.638298,0.097544,0.457083,0.005044,0.623457,0.181144,0
0.567404,0.914894,0.080073,0.591882,0.004094,0.51579,0.401463,1
0.212771,0.468085,0.102327,0.457936,0.003791,0.314568,0.503669,0
0.701938,0.978723,0.069452,0.559826,0.004342,0.384132,0.217523,0
0.185981,0.12766,0.057221,0.431203,0.003216,0.363215,0.790166,1
0.966435,0.276596,0.035819,0.526974,0.002804,0.288469,0.723227,1
0.845581,0.595745,0.043435,0.477109,0.002483,0.287359,0.701245,1
0.636292,0.638298,0.043435,0.434701,0.004201,0.433215,0.623451,1
0.903592,0.744681,0.070132,0.372902,0.002742,0.402875,0.295989,1
0.318191,0.946809,0.0873,0.52094,0.004094,0.391838,0.450024,0
0.879651,0.398936,0.031341,0.516223,0.004012,0.402942,0.49386,0
0.630279,0.819149,0.042671,0.434507,0.002789,0.328456,0.613928,1
0.523418,0.351064,0.032871,0.583129,0.00195,0.442503,0.761016,1
0.765958,0.702128,0.063279,0.402134,0.003341,0.387654,0.288329,0
0.541549,0.883333,0.057642,0.424903,0.001719,0.333457,0.411993,0
0.763579,0.255319,0.096516,0.466923,0.003131,0.395793,0.513007,0
0.134988,0.478723,0.040713,0.412174,0.002624,0.292431,0.601479,1
0.817634,0.531915,0.083918,0.457244,0.003712,0.435934,0.62856,0
0.111213,0.62766,0.075246,0.392482,0.004612,0.488385,0.380028,1
0.943825,0.989362,0.074219,0.524678,0.003417,0.412657,0.423598,1
0.396489,0.223404,0.059192,0.361423,0.002423,0.277519,0.376729,0
0.623563,0.930851,0.078633,0.394216,0.003298,0.407291,0.485672,0
0.652287,0.861702,0.063576,0.496237,0.002978,0.322516,0.510526,0
0.984535,0.212766,0.075213,0.454162,0.005679,0.531381,0.325,0
0.166924,0.255319,0.052145,0.318434,0.003467,0.422915,0.414912,1
0.981206,0.425532,0.064893,0.676167,0.007803,0.594158,0.451754,0
0.499887,0.010638,0.038523,0.602008,0.002647,0.349228,0.463158,1
0.750467,0.478723,0.074987,0.612676,0.005199,0.499412,0.281579,0
0.32434,0.755319,0.062022,0.504047,0.004468,0.405974,0.539474,0
0.398421,0.744681,0.042379,0.241002,0.002505,0.307956,0.692982,0
0.024077,0.106383,0.045306,0.313196,0.003467,0.422915,0.414912,0
0.598256,0.946809,0.086178,0.384438,0.003467,0.422915,0.414912,0
0.13456,0.759123,0.074301,0.528976,0.002597,0.366712,0.453291,0
0.234567,0.123456,0.064819,0.420875,0.001256,0.287653,0.543219,1
0.987654,0.879456,0.089432,0.612345,0.002378,0.456789,0.654321,0
0.765432,0.489012,0.045678,0.345678,0.001234,0.312345,0.489012,1
0.54321,0.876543,0.066789,0.56789,0.001987,0.378901,0.456789,0
0.456789,0.234567,0.078901,0.489012,0.001345,0.345678,0.56789,1
0.312345,0.654321,0.055678,0.412345,0.002345,0.289012,0.432109,0
0.654321,0.456789,0.069012,0.54321,0.001543,0.36789,0.54321,1
0.987654,0.789012,0.078901,0.489012,0.001234,0.312345,0.489012,0
0.54321,0.765432,0.066789,0.56789,0.001987,0.378901,0.456789,1
0.345678,0.654321,0.055678,0.412345,0.002345,0.289012,0.432109,0
0.654321,0.234567,0.069012,0.54321,0.001543,0.36789,0.54321,1
0.786543,0.467891,0.035678,0.564321,0.004567,0.315678,0.523456,0
0.234567,0.876543,0.065432,0.421345,0.002345,0.289012,0.627891,1
0.871234,0.54321,0.032456,0.654321,0.004321,0.35789,0.46789,0
0.345678,0.987654,0.078901,0.345678,0.003456,0.42189,0.578901,1
0.789012,0.456789,0.04321,0.54321,0.002456,0.278901,0.534567,0
0.48789,0.678901,0.054321,0.456789,0.004567,0.301234,0.512345,1
0.623456,0.234567,0.06789,0.56789,0.001234,0.26389,0.598901,0
0.234567,0.678901,0.065432,0.421345,0.002345,0.289012,0.627891,1
0.789012,0.456789,0.04321,0.54321,0.002456,0.278901,0.534567,0
0.48789,0.678901,0.054321,0.456789,0.004567,0.301234,0.512345,1
0.623456,0.234567,0.06789,0.56789,0.001234,0.26389,0.598901,0
0.786543,0.467891,0.035678,0.564321,0.004567,0.315678,0.523456,1
0.824763,0.106383,0.022487,0.523505,0.002886,0.47566,0.611842,1
0.667497,0.553191,0.017013,0.622836,0.003467,0.422915,0.414912,0
0.379999,0.276596,0.01494,0.542561,0.003467,0.422915,0.414912,0
0.597323,0.106383,0.056496,0.495661,0.001718,0.341274,0.635088,1
0.285937,0.489362,0.062496,0.26921,0.003467,0.422915,0.414912,1
0.124567,0.574468,0.041947,0.706314,0.003781,0.514241,0.471491,0
0.819643,0.595745,0.078947,0.295214,0.002886,0.47566,0.611842,1
0.003541,0.361702,0.040529,0.692761,0.003467,0.422915,0.414912,0
0.612349,0.553191,0.055264,0.710516,0.003467,0.422915,0.414912,0
0.012567,0.87234,0.031575,0.424126,0.003467,0.422915,0.414912,1
0.877641,0.404255,0.023682,0.591203,0.00215,0.589332,0.271053,1
0.469271,0.617021,0.069995,0.3123,0.003467,0.422915,0.414912,1
0.677298,0.148936,0.070175,0.346058,0.001218,0.441274,0.535088,1
0.836617,0.276596,0.053175,0.678102,0.002946,0.57566,0.511842,1
0.749271,0.674468,0.047944,0.776912,0.003781,0.714241,0.471491,0
0.306995,0.020213,0.0496,0.17169,0.002636,0.26753,0.587719,1
0.124557,0.759574,0.095803,0.502112,0.003467,0.322915,0.314912,0
0.324494,0.219149,0.036923,0.207409,0.004467,0.522915,0.374912,1
0.181421,0.404255,0.027623,0.423505,0.00415,0.689332,0.371053,1
0.417654,0.631915,0.07644,0.386016,0.004467,0.222915,0.414912,1
0.58558,0.359574,0.021644,0.265933,0.003273,0.536458,0.294298,1
0.711641,0.006383,0.037092,0.215543,0.00174,0.385344,0.726316,1
0.981421,0.304255,0.020623,0.423505,0.00415,0.689332,0.271053,1
0.597969,0.823404,0.047544,0.546564,0.007334,0.580062,0.609211,0
0.208654,0.569149,0.073418,0.248731,0.004243,0.448191,0.504621,0
0.703027,0.106383,0.057297,0.41582,0.002352,0.314631,0.772452,1
0.65367,0.340426,0.031934,0.340428,0.002845,0.597254,0.214367,1
0.398785,0.595745,0.07458,0.409008,0.003772,0.517193,0.335861,1
0.372552,0.553191,0.062874,0.348145,0.00437,0.612954,0.169396,1
0.747476,0.595745,0.050112,0.214749,0.001799,0.191775,0.642303,0
0.103069,0.12766,0.068571,0.317271,0.002707,0.373866,0.525431,1
0.464406,0.148936,0.060823,0.204393,0.00375,0.524312,0.425108,0
0.234499,0.712766,0.070548,0.32864,0.00309,0.429879,0.445478,1
0.439918,0.276596,0.077935,0.291997,0.003675,0.494444,0.371728,1
0.296908,0.085106,0.087538,0.299611,0.005571,0.633637,0.31158,0
0.715782,0.361702,0.085062,0.2057,0.005591,0.694846,0.158225,1
0.760392,0.042553,0.076128,0.421892,0.003275,0.286451,0.336054,0
0.642049,0.361702,0.090812,0.534409,0.005012,0.721065,0.091128,1
0.081782,0.297872,0.074272,0.414802,0.002981,0.377132,0.545614,1
0.506171,0.957447,0.014256,0.365818,0.00159,0.62491,0.573092,0
0.134864,0.191489,0.054267,0.235926,0.003785,0.496155,0.814639,0
0.869128,0.446809,0.025497,0.351624,0.004299,0.46103,0.642377,1
0.521217,0.680851,0.077093,0.405241,0.004302,0.281586,0.738101,1
0.802307,0.978723,0.045649,0.398716,0.004212,0.584065,0.271451,0
0.506171,0.957447,0.014256,0.365818,0.00159,0.62491,0.573092,0
0.555698,0.340426,0.06652,0.270777,0.003788,0.611316,0.41004,0
0.897305,0.446809,0.029074,0.515327,0.002413,0.577655,0.493644,0
0.555698,0.340426,0.06652,0.270777,0.003788,0.611316,0.41004,0
0.735987,0.212766,0.059332,0.310225,0.003217,0.417245,0.499302,1
0.124579,0.12766,0.045632,0.290172,0.003001,0.43215,0.577921,1
0.503568,0.595745,0.076812,0.452184,0.004922,0.590123,0.364579,0
0.289634,0.265957,0.057812,0.372168,0.003846,0.498123,0.521369,1
0.368912,0.648936,0.088122,0.521987,0.005732,0.667189,0.487123,0
0.753241,0.191489,0.063221,0.334568,0.003387,0.425217,0.498232,1
0.401232,0.340426,0.054912,0.289123,0.003567,0.413217,0.586234,1
0.651232,0.478723,0.071689,0.414532,0.004287,0.553421,0.422123,0
0.154568,0.212766,0.046812,0.319123,0.003687,0.492217,0.542123,1
0.529123,0.611702,0.079221,0.437123,0.005012,0.598217,0.399345,0
0.653123,0.542553,0.073123,0.398123,0.004521,0.542123,0.461234,0
0.195123,0.148936,0.048213,0.295123,0.003456,0.428123,0.545123,1
0.746809,0.478723,0.085941,0.608762,0.004688,0.455665,0.522982,1
0.567459,0.361702,0.067223,0.433677,0.003246,0.371829,0.630587,1
0.810913,0.553191,0.070821,0.654889,0.004319,0.520991,0.425118,0
0.230279,0.319149,0.054622,0.387651,0.003467,0.422915,0.414912,1
0.680439,0.489362,0.098537,0.690583,0.005036,0.595499,0.279496,0
0.453436,0.446809,0.043762,0.576324,0.00282,0.470157,0.580193,1
0.863855,0.43617,0.091559,0.524448,0.004683,0.600234,0.345822,1
0.725309,0.531915,0.090391,0.612446,0.005447,0.645333,0.241527,0
0.2864,0.712766,0.108902,0.645655,0.005281,0.617387,0.345924,1
0.205217,0.595745,0.047318,0.498855,0.003122,0.445106,0.410088,1
0.710213,0.170213,0.077149,0.397241,0.003467,0.422915,0.414912,0
0.351802,0.787234,0.065598,0.542458,0.003467,0.422915,0.414912,0
0.311645,0.446809,0.064697,0.369054,0.003467,0.422915,0.414912,0
0.724663,0.755319,0.030427,0.266817,0.002703,0.472934,0.681579,1
0.703599,0.074468,0.0794,0.562629,0.004631,0.605084,0.335088,0
0.010027,0.712766,0.108144,0.258111,0.003467,0.422915,0.414912,0
0.513221,0.734043,0.044885,0.586169,0.003467,0.422915,0.414912,1
0.256518,0.776596,0.071174,0.311763,0.003467,0.422915,0.414912,0
0.663012,0.824468,0.057297,0.507462,0.003467,0.422915,0.414912,1
0.885954,0.957447,0.033943,0.498423,0.002641,0.256029,0.655263,1
0.289004,0.106383,0.033933,0.505179,0.002388,0.492234,0.523684,1
0.476342,0.755319,0.064051,0.452167,0.003467,0.422915,0.414912,0
0.569186,0.87234,0.074128,0.463994,0.003467,0.422915,0.414912,1
0.146822,0.382979,0.090363,0.558409,0.005299,0.704564,0.389474,1
0.237862,0.478723,0.088183,0.613426,0.002894,0.467014,0.512456,1
0.315983,0.595745,0.064792,0.451889,0.005132,0.621015,0.325189,1
0.689507,0.914894,0.060193,0.378249,0.004239,0.385621,0.451211,1
0.352733,0.766596,0.076123,0.645782,0.004431,0.549011,0.441357,0
0.136831,0.138298,0.071123,0.432213,0.003573,0.389145,0.493421,1
0.145214,0.079787,0.092398,0.502381,0.003661,0.498159,0.471412,1
0.796724,0.718085,0.023835,0.446128,0.002965,0.541107,0.401234,1
0.419072,0.824468,0.045224,0.587712,0.003312,0.415945,0.515723,1
0.869407,0.787234,0.097234,0.707823,0.005623,0.617392,0.352167,1
0.541263,0.787234,0.043195,0.664728,0.004823,0.682135,0.398721,0
0.289675,0.37234,0.079138,0.514719,0.004392,0.576142,0.312432,1
0.785634,0.734043,0.041247,0.579711,0.003926,0.495872,0.486123,1
0.682681,0.553191,0.025019,0.478213,0.001879,0.497021,0.50921,1
0.300295,0.212766,0.070395,0.579954,0.003346,0.361274,0.568491,0
0.531549,0.042553,0.051788,0.642975,0.003621,0.319991,0.586812,1
0.298289,0.574468,0.035821,0.319469,0.002678,0.412564,0.631019,0
0.788313,0.93617,0.097992,0.634112,0.006202,0.499781,0.75421,1
0.76153,0.191489,0.069772,0.424489,0.004236,0.360294,0.491019,1
0.381445,0.446809,0.043239,0.402189,0.002433,0.401874,0.516491,0
0.596683,0.531915,0.064927,0.46058,0.004089,0.412458,0.428912,1
0.222108,0.085106,0.035972,0.254689,0.002335,0.414215,0.469812,0
0.450129,0.234043,0.029987,0.465212,0.002045,0.328215,0.419491,1
0.860501,0.223404,0.059651,0.398112,0.004789,0.435781,0.576491,1
0.137297,0.308511,0.050278,0.295686,0.003217,0.329951,0.642312,0
0.415108,0.255319,0.051337,0.470228,0.003091,0.430522,0.492982,1
0.688386,0.702128,0.039524,0.299005,0.004085,0.495827,0.411579,1
0.289192,0.244681,0.045401,0.297777,0.003872,0.455889,0.491053,1
0.331043,0.170213,0.048226,0.284039,0.003161,0.438592,0.509474,1
0.835087,0.542553,0.043001,0.451614,0.002919,0.376052,0.589474,1
0.61159,0.319149,0.031248,0.51708,0.002598,0.511831,0.569474,0
0.531217,0.478723,0.059472,0.51145,0.003883,0.509107,0.546842,0
0.63568,0.702128,0.067512,0.572892,0.004211,0.398266,0.609474,0
0.370692,0.393617,0.035123,0.460756,0.003236,0.489161,0.502105,1
0.324989,0.648936,0.041341,0.356055,0.003257,0.45652,0.504211,0
0.182345,0.410638,0.050973,0.675328,0.003248,0.515421,0.497212,1
0.524678,0.82766,0.065234,0.728954,0.004512,0.632189,0.330589,0
0.653491,0.680851,0.049287,0.432018,0.002433,0.35981,0.622532,1
0.421004,0.718085,0.073467,0.584392,0.00512,0.498714,0.433259,1
0.312546,0.548936,0.054912,0.491327,0.003662,0.425879,0.561894,0
0.943678,0.952128,0.081456,0.628934,0.006789,0.761345,0.723124,0
0.734987,0.213617,0.038765,0.331059,0.002111,0.288345,0.491372,1
0.568912,0.319149,0.045632,0.478234,0.002893,0.422324,0.615987,0
0.807634,0.478723,0.062345,0.583456,0.004567,0.509234,0.375982,1
0.298545,0.6,0.057678,0.513456,0.003982,0.44289,0.678124,0
0.863215,0.712766,0.073124,0.621985,0.004312,0.516243,0.428901,1
0.406789,0.362766,0.05189,0.453469,0.003091,0.382124,0.598712,0
0.698251,0.319149,0.087879,0.616115,0.005043,0.541415,0.743553,1
0.178038,0.191489,0.063677,0.453418,0.003605,0.391152,0.820801,1
0.595471,0.691489,0.073246,0.813265,0.004559,0.671434,0.294671,0
0.986209,0.170213,0.048852,0.44123,0.002857,0.323675,0.624636,1
0.404081,0.329787,0.086405,0.423195,0.005193,0.551276,0.738993,1
0.0325,0.244681,0.078018,0.487661,0.004298,0.480351,0.429305,0
0.671713,0.957447,0.050122,0.346576,0.003157,0.358637,0.590422,1
0.89098,0.234043,0.089036,0.701536,0.004662,0.479968,0.885361,0
0.255425,0.478723,0.070186,0.652724,0.004113,0.542846,0.756104,1
0.689558,0.712766,0.08277,0.889293,0.004898,0.717364,0.267093,0
0.115057,0.489362,0.073628,0.716315,0.004578,0.701283,0.476552,1
0.853691,0.87234,0.097736,0.615352,0.006699,0.759547,0.730771,0
0.523689,0.819149,0.065485,0.609815,0.003467,0.422915,0.414912,1
0.325698,0.478723,0.089547,0.513265,0.003467,0.422915,0.414912,0
0.985761,0.62766,0.047352,0.356451,0.002983,0.335412,0.686491,1
0.145985,0.478723,0.106544,0.721794,0.003467,0.422915,0.414912,0
0.678599,0.202128,0.08299,0.643595,0.003467,0.422915,0.414912,1
0.289531,0.957447,0.055487,0.409357,0.004543,0.324258,0.78614,0
0.789553,0.361702,0.102118,0.678399,0.003467,0.422915,0.414912,1
0.556214,0.12766,0.110483,0.809235,0.003467,0.422915,0.414912,0
0.825947,0.606383,0.064919,0.55896,0.003467,0.422915,0.414912,0
0.671592,0.404255,0.097292,0.731109,0.003467,0.422915,0.414912,1
0.716975,0.914894,0.072757,0.436471,0.003467,0.422915,0.414912,1
0.475399,0.457447,0.079056,0.693046,0.003467,0.422915,0.414912,1
0.356617,0.276596,0.053175,0.478102,0.005946,0.37566,0.511842,1
0.786594,0.206383,0.063113,0.327432,0.002761,0.383221,0.798684,0
0.117654,0.631915,0.07644,0.426016,0.003467,0.372915,0.414912,1
0.552015,0.744681,0.070464,0.857185,0.004744,0.713361,0.262281,0
0.104469,0.744681,0.092195,0.64169,0.007467,0.432915,0.344912,0
0.032742,0.425532,0.112738,0.503603,0.002467,0.422915,0.414912,1
0.793677,0.93617,0.058064,0.493454,0.00275,0.340238,0.615789,0
0.89881,0.893617,0.045935,0.455073,0.003122,0.445106,0.410088,1
0.200841,0.914894,0.122703,0.349598,0.003467,0.422915,0.414912,0
0.317654,0.531915,0.06644,0.486016,0.003467,0.422915,0.414912,1
0.329981,0.446809,0.07959,0.579292,0.003467,0.422915,0.414912,1
0.185315,0.340426,0.044674,0.409253,0.002904,0.315122,0.700877,0
0.295688,0.702128,0.071987,0.672992,0.003467,0.422915,0.414912,1
0.879517,0.12766,0.035175,0.421043,0.002582,0.422915,0.414912,1
0.071509,0.159574,0.091151,0.596857,0.003467,0.422915,0.414912,1
0.62925,0.978723,0.091746,0.210198,0.003467,0.422915,0.414912,0
0.465035,0.340426,0.107617,0.635436,0.003467,0.422915,0.414912,0
0.093354,0.191489,0.074433,0.321884,0.003467,0.422915,0.414912,0
0.842253,0.43617,0.035106,0.30469,0.002617,0.422915,0.414912,0
0.661179,0.021277,0.067892,0.585543,0.003467,0.422915,0.414912,1
0.125798,0.170213,0.07345,0.196369,0.003467,0.422915,0.414912,0
0.865601,0.255319,0.039114,0.534186,0.003467,0.422915,0.414912,1
0.324915,0.670213,0.058356,0.834919,0.002949,0.297446,0.530263,1
0.192032,0.712766,0.098598,0.531163,0.004545,0.422915,0.414912,0
0.723456,0.523094,0.050233,0.651234,0.003426,0.542312,0.722124,1
0.14789,0.432165,0.036542,0.421548,0.002983,0.399457,0.462187,0
0.895643,0.354789,0.062457,0.732145,0.004213,0.620934,0.812456,1
0.987654,0.654321,0.047632,0.561237,0.003091,0.488761,0.671234,0
0.562378,0.56789,0.054321,0.712345,0.003768,0.593214,0.722345,1
0.234567,0.754321,0.043219,0.654321,0.002543,0.487654,0.561237,0
0.876543,0.54321,0.049876,0.698765,0.003655,0.590123,0.721345,1
0.324567,0.678945,0.056789,0.754321,0.00399,0.651234,0.811111,0
0.732145,0.654321,0.050123,0.732456,0.003422,0.605432,0.736754,1
0.456789,0.754321,0.055432,0.698765,0.003768,0.601234,0.722345,0
0.679251,0.510638,0.065236,0.529062,0.003055,0.485041,0.587719,1
0.236891,0.276596,0.040698,0.707268,0.002452,0.623098,0.462719,0
0.911848,0.617021,0.055587,0.620391,0.002662,0.637573,0.527719,0
0.507622,0.617021,0.09823,0.549369,0.004186,0.517429,0.675877,1
0.219636,0.425532,0.06644,0.486016,0.003467,0.422915,0.414912,0
0.255232,0.446809,0.067803,0.548263,0.004137,0.513215,0.745877,0
0.713841,0.276596,0.043113,0.327432,0.002761,0.383221,0.798684,1
0.615434,0.574468,0.068345,0.582772,0.003198,0.571311,0.576316,1
0.801785,0.617021,0.072667,0.701289,0.004113,0.604097,0.862281,0
0.146158,0.510638,0.055587,0.620391,0.002662,0.637573,0.527719,0
0.634695,0.659574,0.079947,0.436399,0.002499,0.361543,0.864912,1
0.651552,0.702128,0.096003,0.601265,0.003369,0.492398,0.732105,0
0.578924,0.238298,0.059761,0.679573,0.003902,0.512761,0.564112,0
0.312577,0.625326,0.080915,0.543761,0.004287,0.422995,0.454897,0
0.931291,0.38429,0.053981,0.588994,0.002765,0.421823,0.641196,1
0.776433,0.749947,0.069528,0.821361,0.003897,0.712349,0.290678,1
0.123297,0.860529,0.090829,0.456873,0.002998,0.368929,0.772619,0
0.009105,0.925098,0.114291,0.406883,0.003271,0.437315,0.411625,1
0.041149,0.72178,0.076299,0.674517,0.004083,0.577973,0.685152,0
0.994579,0.563895,0.069176,0.659216,0.003799,0.495153,0.52422,0
0.365327,0.850353,0.085294,0.476311,0.002855,0.325842,0.582971,0
0.669405,0.215443,0.049768,0.293352,0.0025,0.352231,0.471725,1
0.719111,0.554289,0.098624,0.460955,0.003843,0.525281,0.619527,1
0.444889,0.747364,0.074439,0.691336,0.004009,0.688052,0.727111,1
0.153269,0.680851,0.042358,0.570611,0.003286,0.453214,0.57982,1
0.863416,0.255319,0.089512,0.698241,0.003467,0.422915,0.414912,0
0.455092,0.382979,0.070195,0.489228,0.003467,0.422915,0.414912,1
0.66819,0.595745,0.065719,0.428432,0.003467,0.422915,0.414912,0
0.320856,0.744681,0.069022,0.364593,0.003467,0.422915,0.414912,0
0.773727,0.659574,0.048444,0.493115,0.002932,0.328911,0.601579,0
0.620142,0.106383,0.083926,0.487774,0.003467,0.422915,0.414912,1
0.157474,0.680851,0.041814,0.530472,0.003204,0.468238,0.423509,1
0.364142,0.191489,0.093168,0.624815,0.004122,0.412043,0.538596,1
0.973689,0.425532,0.058242,0.327348,0.003467,0.422915,0.414912,1
0.66819,0.446809,0.060053,0.499322,0.003467,0.422915,0.414912,1
0.664465,0.531915,0.060051,0.667112,0.004084,0.494798,0.674912,1
0.345678,0.578294,0.045672,0.450123,0.002341,0.387654,0.521456,1
0.123456,0.456789,0.031234,0.521234,0.001234,0.36789,0.689012,0
0.912345,0.36789,0.065432,0.632156,0.003456,0.412345,0.745678,1
0.678901,0.701234,0.078901,0.489012,0.004321,0.431234,0.642345,0
0.56789,0.234567,0.052345,0.576543,0.002567,0.390123,0.513456,1
0.234567,0.865432,0.071234,0.502345,0.003789,0.420123,0.725678,0
0.789012,0.601234,0.048901,0.459012,0.002432,0.378901,0.603456,1
0.123456,0.456789,0.031234,0.521234,0.001234,0.36789,0.689012,0
0.678901,0.701234,0.078901,0.489012,0.004321,0.431234,0.642345,1
0.56789,0.234567,0.052345,0.576543,0.002567,0.390123,0.513456,0
0.234567,0.865432,0.071234,0.502345,0.003789,0.420123,0.725678,1
0.789012,0.601234,0.048901,0.459012,0.002432,0.378901,0.603456,0
0.314159,0.123456,0.075432,0.678901,0.005678,0.456789,0.234567,0
0.654321,0.987654,0.045678,0.54321,0.003456,0.345678,0.123456,1
0.246801,0.345678,0.06789,0.432109,0.004567,0.56789,0.456789,0
0.54321,0.654321,0.087654,0.321098,0.006789,0.678901,0.345678,1
0.432109,0.56789,0.034567,0.765432,0.00789,0.54321,0.56789,0
0.987654,0.234567,0.056789,0.654321,0.005678,0.456789,0.234567,1
0.765432,0.321098,0.023456,0.54321,0.004567,0.56789,0.456789,0
0.54321,0.654321,0.087654,0.321098,0.006789,0.678901,0.345678,1
0.432109,0.56789,0.034567,0.765432,0.00789,0.54321,0.56789,0
0.987654,0.234567,0.056789,0.654321,0.005678,0.456789,0.234567,1
0.765432,0.321098,0.023456,0.54321,0.004567,0.56789,0.456789,0
0.54321,0.654321,0.087654,0.321098,0.006789,0.678901,0.345678,1
0.787654,0.180851,0.047642,0.689536,0.004298,0.532476,0.355142,0
0.557899,0.595745,0.041264,0.421582,0.002539,0.608371,0.218905,0
0.200258,0.606383,0.025731,0.339371,0.001273,0.449103,0.308925,0
0.654678,0.106383,0.037213,0.750282,0.005287,0.619422,0.450312,0
0.889392,0.734043,0.072931,0.599771,0.003911,0.578252,0.521438,1
0.436589,0.62766,0.041882,0.496737,0.004097,0.571239,0.400299,0
0.809432,0.382979,0.033992,0.694674,0.002513,0.562382,0.372185,1
0.712876,0.904255,0.063097,0.279107,0.003759,0.472348,0.488024,0
0.788656,0.648936,0.038291,0.432721,0.003456,0.551264,0.365928,1
0.19846,0.755319,0.0532,0.720719,0.004912,0.611288,0.229872,0
0.63485,0.276596,0.0491,0.639284,0.002967,0.489517,0.387126,1
0.854186,0.553191,0.055312,0.512355,0.004299,0.539295,0.609324,1
0.118593,0.882979,0.028154,0.384963,0.001595,0.512325,0.756507,0
0.659123,0.734043,0.044895,0.501301,0.005678,0.711488,0.503489,0
0.305461,0.68617,0.089364,0.623014,0.006977,0.582136,0.321624,1
0.835692,0.276596,0.065428,0.287326,0.004457,0.399462,0.457918,0
0.202331,0.180851,0.028354,0.192948,0.002453,0.26185,0.81236,1
0.668739,0.255319,0.079624,0.361489,0.005345,0.472347,0.574107,0
0.756833,0.595745,0.026118,0.452104,0.001768,0.615284,0.689156,1
0.462508,0.553191,0.062331,0.702866,0.004598,0.743625,0.351296,0
0.177819,0.393617,0.036482,0.467301,0.00301,0.581492,0.462077,1
0.906104,0.37234,0.091976,0.613764,0.006767,0.651994,0.289682,0
0.126779,0.606383,0.033047,0.524651,0.002109,0.673851,0.650218,1
0.532713,0.797872,0.058738,0.825176,0.004843,0.801477,0.433099,0
0.761234,0.638298,0.082746,0.327411,0.003291,0.402015,0.521465,1
0.127649,0.723404,0.053278,0.478912,0.002839,0.362189,0.294375,1
0.804271,0.457447,0.04619,0.183698,0.003572,0.431854,0.409702,0
0.379586,0.276596,0.021957,0.215396,0.001549,0.270409,0.631823,0
0.935862,0.542553,0.063014,0.390841,0.004096,0.582317,0.729113,1
0.578196,0.361702,0.038215,0.268315,0.002274,0.349861,0.442786,0
0.458199,0.946809,0.077933,0.473819,0.004962,0.510725,0.301598,1
0.155777,0.042553,0.017289,0.242175,0.001179,0.200226,0.423091,0
0.667129,0.914894,0.060901,0.415183,0.004391,0.501649,0.482747,0
0.26439,0.765957,0.049817,0.359472,0.002782,0.377522,0.315892,1
0.865031,0.255319,0.034962,0.171327,0.002413,0.288765,0.603758,1
0.714433,0.095745,0.057683,0.127648,0.003019,0.321967,0.357604,0
0.341234,0.595745,0.027811,0.567832,0.002512,0.414932,0.323461,0
0.756789,0.12766,0.038765,0.432198,0.003421,0.489019,0.614211,1
0.123456,0.734043,0.065421,0.328976,0.004321,0.378912,0.523411,1
0.567891,0.340426,0.052134,0.498231,0.003912,0.521398,0.445621,0
0.897654,0.978723,0.099876,0.575312,0.006123,0.609231,0.290321,1
0.456789,0.904255,0.075321,0.410983,0.004312,0.438971,0.498123,0
0.654321,0.723404,0.042134,0.689721,0.003765,0.541287,0.387611,1
0.245678,0.255319,0.031234,0.478213,0.002987,0.382198,0.421987,1
0.865432,0.106383,0.055321,0.314879,0.003456,0.426187,0.567891,0
0.789012,0.595745,0.063214,0.437891,0.003211,0.499321,0.490123,0
0.456789,0.361702,0.033123,0.546798,0.002785,0.394812,0.546123,0
0.576789,0.787234,0.047123,0.631278,0.004123,0.571298,0.372198,1
0.204,0.567,0.025,0.342,0.003,0.278,0.479,0
0.756,0.123,0.045,0.431,0.002,0.572,0.235,1
0.399,0.634,0.035,0.289,0.004,0.317,0.397,0
0.972,0.819,0.062,0.487,0.001,0.636,0.189,1
0.112,0.279,0.028,0.201,0.003,0.223,0.521,0
0.639,0.457,0.045,0.378,0.002,0.437,0.356,1
0.842,0.732,0.075,0.514,0.005,0.693,0.432,1
0.558,0.924,0.041,0.643,0.003,0.721,0.298,0
0.095,0.146,0.029,0.128,0.004,0.159,0.646,0
0.698,0.582,0.054,0.452,0.002,0.593,0.287,1
0.368,0.376,0.038,0.287,0.003,0.312,0.469,1
0.779,0.113,0.032,0.243,0.004,0.267,0.572,0
0.342,0.899,0.057,0.511,0.005,0.678,0.382,0
0.921,0.685,0.078,0.483,0.006,0.619,0.207,1
0.765849,0.106383,0.034744,0.428761,0.003427,0.522799,0.168915,1
0.345039,0.234043,0.053279,0.624506,0.003279,0.428849,0.425025,0
0.244315,0.340426,0.087153,0.357845,0.002982,0.331675,0.394902,0
0.611022,0.87234,0.039875,0.732688,0.003523,0.612669,0.659817,0
0.786019,0.223404,0.067263,0.158249,0.002254,0.366717,0.357515,0
0.43109,0.255319,0.098431,0.436271,0.002718,0.453326,0.434032,0
0.314865,0.606383,0.024681,0.603258,0.003884,0.456884,0.156731,1
0.488343,0.159574,0.031427,0.395443,0.002359,0.283326,0.506384,1
0.698776,0.510638,0.055332,0.71828,0.004012,0.765063,0.228185,0
0.462581,0.170213,0.043675,0.182099,0.002825,0.145465,0.497973,1
0.141971,0.361702,0.077496,0.372365,0.003745,0.324151,0.617389,0
0.585393,0.638298,0.03619,0.654356,0.004029,0.694528,0.283999,1
0.575843,0.382979,0.045691,0.341274,0.003467,0.422915,0.414912,1
0.328747,0.12766,0.03524,0.312478,0.002136,0.263596,0.633333,0
0.907387,0.138298,0.038899,0.102874,0.002136,0.263596,0.633333,1
0.657034,0.478723,0.056923,0.107409,0.003467,0.422915,0.414912,1
0.231886,0.574468,0.065543,0.675019,0.004672,0.481616,0.862281,0
0.784769,0.946809,0.073428,0.812327,0.006334,0.480062,0.709211,0
0.023328,0.031915,0.039829,0.318347,0.003136,0.489332,0.211053,1
0.778624,0.43617,0.090488,0.473023,0.003467,0.422915,0.414912,0
0.64125,0.723404,0.076869,0.45145,0.00215,0.589332,0.271053,1
0.865502,0.223404,0.030623,0.523505,0.00215,0.589332,0.271053,1
0.103395,0.62234,0.065493,0.622892,0.004672,0.481616,0.862281,0
0.877421,0.441489,0.098267,0.426659,0.003467,0.422915,0.414912,1
0.73421,0.276596,0.042973,0.561214,0.003265,0.453289,0.178914,0
0.398124,0.06383,0.019397,0.219345,0.001564,0.280732,0.653927,1
0.674992,0.633028,0.087459,0.636911,0.007322,0.712865,0.264597,1
0.207493,0.39597,0.083602,0.372387,0.004253,0.462598,0.391505,1
0.562097,0.851064,0.064998,0.891765,0.004372,0.791294,0.206551,0
0.879193,0.255319,0.032751,0.226741,0.001499,0.294688,0.615263,1
0.433918,0.340426,0.051182,0.306828,0.002149,0.385148,0.275263,1
0.745193,0.702128,0.080215,0.681075,0.006245,0.73491,0.386317,0
0.823142,0.095745,0.028339,0.097382,0.001762,0.156903,0.614912,1
0.668772,0.797872,0.052995,0.813296,0.003567,0.723553,0.27614,0
0.123456,0.654321,0.045678,0.567891,0.012345,0.432109,0.210987,1
0.456789,0.234567,0.056789,0.678912,0.023456,0.54321,0.321098,0
0.789012,0.345678,0.067891,0.789123,0.034567,0.654321,0.432109,1
0.234567,0.456789,0.078912,0.891234,0.045678,0.765432,0.54321,0
0.56789,0.56789,0.089123,0.912345,0.056789,0.876543,0.654321,1
0.890123,0.678901,0.091234,0.123456,0.06789,0.987654,0.765432,0
0.345678,0.789012,0.012345,0.234567,0.078912,0.890123,0.876543,1
0.678901,0.890123,0.123456,0.345678,0.089123,0.901234,0.987654,0
0.123456,0.54321,0.034567,0.456789,0.06789,0.876543,0.654321,1
0.456789,0.432109,0.045678,0.56789,0.078912,0.890123,0.765432,0
0.789012,0.654321,0.056789,0.678901,0.091234,0.901234,0.987654,1
0.234567,0.765432,0.06789,0.789012,0.123456,0.912345,0.876543,0
0.67881,0.893617,0.045935,0.455073,0.003122,0.445106,0.310088,1
0.512,0.674468,0.055944,0.496912,0.004781,0.544241,0.471491,0
0.794562,0.610638,0.064246,0.491389,0.003672,0.501616,0.752281,0
0.004,0.659574,0.095803,0.402112,0.003467,0.422915,0.414912,0
0.007469,0.744681,0.122195,0.67169,0.002467,0.412915,0.414912,1
0.022742,0.425532,0.102738,0.493603,0.003467,0.422915,0.414912,0
0.886594,0.206383,0.053113,0.347432,0.002761,0.403221,0.698684,1
0.433742,0.814894,0.061191,0.407566,0.003467,0.422915,0.414912,0
0.807969,0.623404,0.087544,0.536564,0.006334,0.480062,0.709211,1
0.706995,0.270213,0.0346,0.14169,0.002636,0.19753,0.527719,1
0.88912,0.489362,0.029212,0.559209,0.002038,0.591403,0.300439,0
0.781086,0.021277,0.029783,0.27105,0.002036,0.282755,0.408333,0
0.132484,0.978723,0.089305,0.623718,0.004369,0.438911,0.323975,1
0.662268,0.340426,0.038132,0.489346,0.003212,0.518249,0.401134,0
0.553816,0.946809,0.032488,0.257843,0.002385,0.318489,0.425361,0
0.255369,0.170213,0.096754,0.480141,0.002568,0.475386,0.672613,0
0.965624,0.531915,0.062347,0.713387,0.003746,0.617834,0.831675,1
0.844129,0.212766,0.069912,0.412678,0.005312,0.494275,0.422716,1
0.116751,0.617021,0.081516,0.536372,0.004113,0.522089,0.256491,0
0.973727,0.255319,0.043224,0.414972,0.002675,0.392936,0.799292,1
0.278948,0.62766,0.052488,0.683341,0.004012,0.735019,0.441247,0
0.015895,0.191489,0.072697,0.498117,0.003954,0.496062,0.712317,1
0.872924,0.765957,0.027512,0.420156,0.002097,0.316121,0.286401,0
0.788154,0.287234,0.081687,0.309779,0.005032,0.402355,0.413911,1
0.546725,0.43617,0.092715,0.489656,0.003182,0.548273,0.377218,1
0.142872,0.319149,0.035658,0.429368,0.002993,0.436039,0.290389,1
0.739697,0.12766,0.039374,0.375198,0.002946,0.406031,0.268424,1
0.149788,0.585106,0.06252,0.503368,0.004193,0.528647,0.358252,0
0.837058,0.095745,0.033948,0.284217,0.002731,0.322234,0.189951,1
0.367234,0.638298,0.048391,0.61821,0.003679,0.529039,0.527051,0
0.539727,0.138298,0.040512,0.250087,0.002923,0.325669,0.471365,1
0.692431,0.574468,0.055897,0.476884,0.003754,0.491947,0.417203,0
0.137184,0.255319,0.053379,0.543073,0.003247,0.507045,0.477025,0
0.365113,0.329787,0.055699,0.371157,0.003398,0.398464,0.218814,0
0.687354,0.308511,0.041353,0.36407,0.00334,0.396244,0.416979,0
0.678293,0.170213,0.03179,0.143232,0.002639,0.186156,0.367049,1
0.775821,0.329787,0.088567,0.625033,0.004629,0.478674,0.701045,1
0.613474,0.776596,0.041383,0.293687,0.002767,0.391905,0.678119,1
0.92571,0.62766,0.047394,0.441045,0.003195,0.418029,0.423021,1
0.57833,0.744681,0.100435,0.586026,0.005223,0.542974,0.708927,1
0.416029,0.87234,0.061921,0.430574,0.003933,0.479727,0.488034,1
0.702183,0.787234,0.065755,0.703123,0.004738,0.72557,0.609346,1
0.835091,0.319149,0.055863,0.32206,0.003719,0.368102,0.891878,1
0.918369,0.37234,0.074031,0.59377,0.004862,0.532995,0.620556,1
0.22346,0.93617,0.087229,0.621003,0.006359,0.63402,0.431566,1
0.621238,0.861702,0.071385,0.468522,0.004903,0.402149,0.539251,1
0.355436,0.244681,0.034955,0.532097,0.003351,0.512838,0.679526,1
0.898473,0.425532,0.044534,0.353007,0.003112,0.38971,0.361232,1
0.865516,0.638298,0.052736,0.370787,0.003676,0.432249,0.438817,1
0.815217,0.319149,0.028961,0.411739,0.004219,0.361235,0.419692,0
0.149456,0.808511,0.081303,0.634578,0.002345,0.512318,0.512318,0
0.718497,0.170213,0.048883,0.457327,0.003464,0.329673,0.40201,1
0.990543,0.638298,0.058104,0.421729,0.002989,0.324248,0.380653,1
0.685793,0.510638,0.035318,0.462651,0.003541,0.457584,0.324983,0
0.049893,0.276596,0.031325,0.345376,0.004162,0.333671,0.392095,0
0.703297,0.808511,0.043297,0.681441,0.004174,0.629108,0.487387,1
0.99428,0.276596,0.053614,0.378503,0.002428,0.379167,0.477634,1
0.349258,0.829787,0.061893,0.630928,0.003192,0.513041,0.299831,1
0.975818,0.553191,0.055822,0.481349,0.003102,0.383104,0.360083,1
0.364302,0.255319,0.04481,0.329315,0.002408,0.354631,0.368949,0
0.738273,0.319149,0.067996,0.510312,0.004224,0.470301,0.467233,1
0.784512,0.840426,0.078393,0.481376,0.003921,0.437752,0.381834,1
0.021683,0.670213,0.101943,0.401242,0.003532,0.428275,0.415356,0
0.86247,0.148936,0.075686,0.234411,0.002821,0.313019,0.6321,1
0.781543,0.478723,0.083611,0.583926,0.004387,0.512121,0.482023,0
0.788072,0.723404,0.104217,0.612796,0.005225,0.461034,0.496723,0
0.466603,0.319149,0.098951,0.465159,0.003986,0.421264,0.429099,0
0.64524,0.234043,0.088167,0.678745,0.004091,0.531912,0.367621,1
0.788584,0.457447,0.071264,0.456878,0.003582,0.413612,0.517819,1
0.894562,0.510638,0.074246,0.531389,0.004672,0.481616,0.862281,0
0.953726,0.478723,0.089573,0.634793,0.004285,0.517913,0.455621,0
0.788072,0.723404,0.104217,0.612796,0.005225,0.461034,0.496723,0
0.953726,0.478723,0.089573,0.634793,0.004285,0.517913,0.455621,0
0.323586213,0.989362099,0.083456278,0.652309678,0.004153453,0.539138923,0.532190124,0
0.775431343,0.021276596,0.071224351,0.279832559,0.003671225,0.321669843,0.615322574,1
0.425854775,0.595744667,0.056789787,0.474520104,0.003512364,0.482461935,0.711224574,0
0.234568543,0.776595343,0.043456213,0.438245678,0.002345643,0.376345253,0.482234452,0
0.897652342,0.734690234,0.068234512,0.581235902,0.003902345,0.532534578,0.642345012,1
0.312345342,0.342890235,0.063453212,0.347890234,0.003243543,0.320234567,0.542345678,1
0.845678234,0.387456234,0.065423454,0.487234569,0.003234565,0.421234567,0.612345678,0
0.734890234,0.934567232,0.053245656,0.492345679,0.002345678,0.390234567,0.523456789,0
0.562345678,0.809875634,0.094566789,0.712345678,0.005678234,0.643456789,0.732345678,1
0.897654322,0.587901265,0.078123456,0.654321098,0.004567892,0.57654321,0.631234567,0
0.423453456,0.654321098,0.065432145,0.562345678,0.003421235,0.534567891,0.623456789,1
0.710246,0.819149,0.078934,0.499579,0.005225,0.589728,0.371491,1
0.208526,0.542553,0.058915,0.509749,0.003316,0.41824,0.259912,0
0.571854,0.393617,0.06372,0.460747,0.003593,0.430027,0.312982,1
0.987586,0.180851,0.034184,0.348559,0.002605,0.398324,0.398859,0
0.307241,0.648936,0.049404,0.534206,0.003004,0.399529,0.384649,0
0.95249,0.021277,0.085602,0.401317,0.002822,0.312843,0.266491,1
0.899956,0.574468,0.036124,0.565324,0.003314,0.455381,0.391763,1
0.776699,0.489362,0.042319,0.36636,0.003187,0.398827,0.316358,1
0.809363,0.531915,0.066428,0.481757,0.003466,0.436598,0.270961,0
0.69697,0.255319,0.049245,0.343685,0.002852,0.337648,0.515365,1
0.104297,0.585106,0.078354,0.645679,0.003011,0.425697,0.317168,0
0.597878,0.43617,0.072622,0.467199,0.003514,0.394723,0.442358,0
0.125678,0.319149,0.032458,0.283629,0.002984,0.332458,0.587931,0
0.429742,0.574468,0.038491,0.521348,0.003175,0.439927,0.471493,1
0.678321,0.659574,0.061235,0.439281,0.003677,0.392816,0.654831,0
0.875694,0.404255,0.074315,0.378192,0.004163,0.408192,0.723126,1
0.254367,0.723404,0.043981,0.466222,0.003211,0.492716,0.390123,0
0.987654,0.106383,0.028765,0.310967,0.002323,0.292816,0.618923,1
0.453289,0.361702,0.067123,0.332819,0.004192,0.331233,0.554123,1
0.983213,0.276596,0.062319,0.503294,0.003778,0.431239,0.718923,0
0.754123,0.978723,0.047159,0.624819,0.003954,0.554123,0.472831,1
0.745129,0.723404,0.056123,0.553471,0.003554,0.492816,0.521348,0
0.729103,0.553191,0.033125,0.390521,0.002356,0.350496,0.601286,1
0.217993,0.882979,0.026381,0.475413,0.003684,0.439258,0.750213,0
0.633056,0.276596,0.058412,0.366108,0.003119,0.319258,0.372149,0
0.217993,0.882979,0.026381,0.475413,0.003684,0.439258,0.750213,0
0.354779,0.340426,0.054731,0.512067,0.003032,0.495543,0.503156,0
0.186351,0.478723,0.041124,0.490052,0.002411,0.414295,0.588269,1
0.502933,0.234043,0.066017,0.632769,0.004421,0.58507,0.47523,0
0.200642,0.202128,0.051266,0.388674,0.002879,0.444511,0.348579,1
0.633056,0.276596,0.058412,0.366108,0.003119,0.319258,0.372149,0
0.06144,0.723404,0.082543,0.376867,0.005078,0.420057,0.80168,1
0.118831,0.734043,0.063718,0.499478,0.004226,0.475677,0.600135,0
0.354779,0.340426,0.054731,0.512067,0.003032,0.495543,0.503156,0
0.236145,0.695745,0.086281,0.452676,0.002853,0.414912,0.389175,0
0.725978,0.776596,0.074249,0.645988,0.005127,0.537481,0.576842,1
0.312458,0.712766,0.089702,0.356779,0.004361,0.452914,0.464812,0
0.890524,0.148936,0.049193,0.275531,0.003278,0.360405,0.526912,1
0.476589,0.744681,0.073491,0.672012,0.003467,0.422915,0.414912,1
0.038742,0.893617,0.093747,0.278932,0.003467,0.422915,0.414912,0
0.804589,0.606383,0.035821,0.597812,0.002456,0.312345,0.678923,0
0.422687,0.361702,0.065876,0.532198,0.003467,0.422915,0.414912,1
0.718954,0.351064,0.046917,0.329468,0.004231,0.398641,0.592841,0
0.723698,0.329787,0.054319,0.496872,0.003467,0.422915,0.414912,1
0.003467,0.478723,0.098766,0.422915,0.003467,0.422915,0.414912,0
0.633567,0.882979,0.082935,0.452826,0.002758,0.334812,0.658124,0
0.050678,0.638298,0.076325,0.583274,0.002364,0.344752,0.421085,0
0.098345,0.542553,0.091653,0.429717,0.003146,0.355821,0.489552,0
0.850123,0.712766,0.037544,0.529287,0.002671,0.465432,0.514367,1
0.344758,0.744681,0.065235,0.478534,0.003574,0.399283,0.448769,0
0.288906,0.946809,0.079164,0.301237,0.003267,0.377712,0.346582,1
0.785678,0.617021,0.041122,0.643279,0.003067,0.312345,0.503456,0
0.632097,0.489362,0.085421,0.492345,0.002893,0.394123,0.472345,1
0.976543,0.723404,0.031234,0.612345,0.002345,0.234567,0.423456,0
0.129563,0.574468,0.096578,0.513478,0.003732,0.369873,0.473289,1
0.812345,0.744681,0.032456,0.523456,0.003456,0.312345,0.504567,1
0.235678,0.882979,0.042356,0.432654,0.003456,0.312345,0.502345,0
0.912345,0.893617,0.025678,0.312345,0.002345,0.412345,0.543456,0
0.543299,0.234043,0.045678,0.502326,0.003221,0.342651,0.721899,1
0.324678,0.670213,0.069832,0.289465,0.003788,0.407865,0.562987,0
0.786654,0.12766,0.054321,0.412345,0.004567,0.379876,0.632154,1
0.257692,0.893617,0.031246,0.653201,0.002345,0.421834,0.408874,1
0.489076,0.489362,0.075432,0.458723,0.003123,0.324567,0.695234,0
0.654321,0.542553,0.060987,0.385691,0.003456,0.351234,0.678912,1
0.129876,0.06383,0.088432,0.221345,0.004567,0.374653,0.598765,1
0.432156,0.723404,0.047813,0.527048,0.003221,0.341235,0.728906,1
0.692307,0.042553,0.080123,0.468902,0.003567,0.389765,0.670123,0
0.769432,0.404255,0.076543,0.435678,0.003456,0.350123,0.684321,0
0.508401,0.191489,0.092345,0.493248,0.004567,0.372139,0.609234,1
0.246809,0.585106,0.072134,0.402189,0.003123,0.331234,0.698765,1
0.702386,0.808511,0.071141,0.340653,0.003467,0.422915,0.414912,0
0.726515,0.340426,0.093755,0.682214,0.002637,0.698792,0.510965,1
0.033263,0.670213,0.078314,0.322081,0.003467,0.422915,0.414912,0
0.059692,0.542553,0.092895,0.36019,0.003467,0.422915,0.414912,0
0.528199,0.43617,0.043663,0.491788,0.003467,0.422915,0.414912,1
0.93441,0.680851,0.098776,0.503378,0.003467,0.422915,0.414912,1
0.139834,0.93617,0.062194,0.65557,0.003467,0.422915,0.414912,0
0.652144,0.021277,0.107886,0.35944,0.002643,0.698017,0.575877,1
0.103587,0.085106,0.098223,0.281115,0.003467,0.422915,0.414912,0
0.644089,0.095745,0.045879,0.684118,0.00256,0.719476,0.54254,1
0.152316,0.446809,0.076009,0.24618,0.003467,0.422915,0.414912,0
0.169221,0.12766,0.114162,0.619001,0.003467,0.422915,0.414912,0
0.024689,0.744681,0.083588,0.385328,0.003467,0.422915,0.414912,0
0.453019,0.691489,0.039928,0.362688,0.002844,0.379932,0.568421,1
0.031491,0.319149,0.037989,0.212413,0.003467,0.422915,0.414912,1
0.443947,0.638298,0.061573,0.412551,0.003074,0.276342,0.72193,1
0.004547,0.191489,0.111618,0.446147,0.003467,0.422915,0.414912,0
0.03247,0.829787,0.034775,0.471311,0.003467,0.422915,0.414912,0
0.408211,0.659574,0.045932,0.366352,0.003467,0.422915,0.414912,0
0.020455,0.106383,0.119788,0.59051,0.003467,0.422915,0.414912,1
0.926268,0.021277,0.052894,0.366352,0.003467,0.422915,0.414912,0
0.044353,0.276596,0.03839,0.516035,0.003467,0.422915,0.414912,1
0.68031,0.404255,0.073299,0.392944,0.003467,0.422915,0.414912,0
0.774231,0.212766,0.064136,0.628908,0.00274,0.285344,0.726316,1
0.235481,0.87234,0.045678,0.134678,0.003467,0.422915,0.414912,0
0.998426,0.12766,0.104529,0.663429,0.004562,0.582633,0.313892,1
0.650981,0.191489,0.032472,0.185478,0.003467,0.422915,0.414912,1
0.176939,0.255319,0.098197,0.407871,0.003467,0.422915,0.414912,0
0.900642,0.595745,0.053469,0.370153,0.003467,0.422915,0.414912,0
0.497988,0.276596,0.058298,0.544983,0.002644,0.668824,0.498684,1
0.470863,0.648936,0.083381,0.162343,0.003467,0.422915,0.414912,0
