fLength:,fWidth:,fSize:,fConc:,fConc1:,fAsym:,fM3Long:,fM3Trans:,fAlpha:,fDist:,class
36.8867,6.68,2.575,0,0,-35.1643,0,-5.4108,48.45,193.486,0
21.7497,12.2654,2.447,0,0.3775,-3.0876,0,0,23.814,154.034,0
29.549,11.0881,2.4664,0.4748,0,8.5728,0,0,44.2222,201.4609,0
35.5287,0,2.7781,0,0.169,-6.0393,0,9.8226,29.604,175.914,0
27,12.8667,2.4728,0,0,0,0,-9.2854,64.889,186.242,0
17.5145,10.4125,2.6248,0,0,14.5013,5.1819,0,21.5884,148.14,0
27,14.6912,2.6,0.381,0,8.7709,0,-5.9963,16.919,1487000,0
71.0173,34.2395,2.9462,0,0.1362,-37.4363,-29.0542,23.6154,36.8149,267.8,0
44.49166,18.3528,2.4636,0,0,0,-31.5809,0,58.189,182.961,0
57.0302,19.8032,3.1347,0,0.1205,-7.2974,0,10.2891,74.7581,213.4341,0
87.8497,0,2.9905,0,0.0959,-21.8489,0,0,27.125,162.919,0
18.9069,7.9082,2.032,0.7044,0,23.1089,13.1777,0,51.243,205.656,0
143.756,83.0238,3.5829,0,0.0802,-132.412,0,39.6365,88.879,291.48,0
32.0599,14.9,2.6912,0,0.2185,0,-17.1383,0,42.629,204,0
23.2389,6.7284,2.1549,0,0.3556,0,0,-4.1776,68.914,205,0
21.4271,8.0848,2.4125,0,0,-7.4161,12.5605,0,44.829,219.755,0
23.3685,11.4904,2.4541,0,0.3889,0,0,0,41.5846,224.929,0
27.0409,14.5534,2.5441,0.3872,0,-13.1461,0,-12.9985,29.601,229.897,0
21.6176,10.5582,2.4565,0.5173,0,-4.9081,-17.2721,-4.6856,47.489,182.601,0
56.7814,17.9402,2.5263,0,0.1654,-33.249,36.6993,4.4193,32.895,220.09,0
56.0604,14.486,2,0.2957,0,0,47,0,16.1488,227.975,0
18.058,10.2417,2.4844,0,0.3614,0,5.6288,0,71.0368,195.4564,0
38.0873,10.3058,2.4793,0,0,-13.3465,0,9.6577,8.995,212.639,0
39.5296,0,2.8231,0,0.1882,-4.0569,0,8.9061,45.5051,175.4185,0
155.174,88.4967,4.2445,0,0.0438,72.6848,-117.879,0,56.445,305.376,0
37.2407,0,2.5862,0.2894,0,0,-20.4343,0,8.412,134.553,0
21.817,6.7138,2.2553,0.7139,0,17.5585,-9.5461,0,46.996,194.064,0
38.695734,10.6702,2.6422,0,0.325,0,14.0608,0,49.969,182.243,0
19.817,6.6892,2.1708,0,0.2627,14.6942,0,0,47.059,177.443,0
0,16.2717,2.3848,0.4435,0,-8.8684,-14.6241,0,38.682,159.8848,0
43.5165,23.9457,3.0459,0,0,-30.9409,0,-10.4845,28.494,195.29,0
86.5179,53.9962,3.1256,0,0.0757,-31.0608,0,0,85.4893,238.3256,0
138.577,46.9887,3.5653,0,0.0842,-107.59,0,-12.9072,32.654,234.448,0
34.787581,16.6294,2.5093,0,0.2653,8.4795,7.6607,7.7121,15.7992,225.271,0
21.4641,14.0663,2.494581,0,0.2453,-0.7963,0,0,22.819,217.939,0
12.6913,10.0144,2.1255,0,0.4033,-15.3078,-7.2634,0,43.0483,168.098,0
12.9969,10.8683,2.3243,0,0.3524,-7.1455,-4.9368,11.8389,24,186.234,0
116.286,32.6149,3.1297,0.2719,0,-74.9017,85.8245,0,24.095,233.94,0
23.7282,15.5366,3.0049,0,0,0,0,6.9292,41.2494,161.1769,0
24.5087,12,2.5793,0,0.2654,21.9076,14,-2.4927,17.05,203.147,0
11.9238,0,2.22734,0.5012,0.2657,7.7923,-9.2987,0,58.454,242.518,0
27.4132,14.9918,2.6637,0,0.1589,-25.6355,-16.3276,10.5231,2.443,183.552,0
42.6512,32.8454,2.7459,0,0.1439,-38.1393,-31.1899,-1929.0732,10.89,188.8342,0
44.0999,26.9172,2.7824,0,0.1768,-34.9,0,-16.1045,51.2573,158.147,0
23.1659,10.1741,2.5567,0.4891,0,0,-9.7907,0,62.9478,185.24,0
156,71,3.5478,0,0.0689,-85.5078,-157.597,0,59.9342,225.798,0
0,6.4572,2.46366,0.7148,4325,1.5446,0,0,38.0473,176.512,0
23.4332,15.4241,2.7882,0,0.3064,-2.8989,-17.1656,0,45.796,196.94,0
17.5556,11.5478,2.5084,0.613,0,0,0,0,58.2528,230.376317,0
121.9887,66.0409,3.7763,0,0.0612,-112.6577,-89.5024,-37.0383,26.6964,243.5173,0
41.8059,14.917,2.6955,3877,0.2102,7.0544,0,0,60.909,162.074,0
20.812,10.5686,2,0.5941,0,-8.9673,-11.2463,-4.5605,62.37,162.512,0
0,16.4133,2.6232,0.4435,37.3766,19.695941,0,-5.7443,4.157,133.404,0
23.5058,11.49,2.7599,0,0,-27.556,0,0,49.054,189,0
77.1817,43.0378,3.4175,0,0.1935,0,-50.9041,0,46.3243,294.368,0
26.2857,11.1836,2.6015,0,0.2484,-30.9382,0,0,44.839,126.469,0
77.8286,39.1247,3.4191,0,0.1408,-56.9072,-39.6878,-18.3361,45.618,281.569,0
13.9072,0,2.3444,0.6438,0,3.018,0,6.395,30.1411,171.055,0
42.2896,9.6869,2.3393,0.3938,0,-26.8113,-29.4232,-6.0609,54.9193,161,0
26.6304,20.9483,2.3064,0,1.2401,0,-15.2168,0,51.755,195.372,0
23.4088,9.5287,2.2407,0,0.2868,0,0,0,47.614,161.948,0
25,0,2.4939,0.4133,0,-0.9462,0,0,81.076,225.264,0
28,0,2.7712,0,0.1696,25.8113,0,0,7.2953,220.768,0
23.7365,9.5269,2,0,0,-25.4193,0,11.5491,66.087,196.094,0
52.6349,23.5802,3.0959,0,0.1364,-22.2824,0,-11.8139,41.7899,217.361,0
30,17.1081,2.7848,0.3265,0,-18.8245,0,-8.9292,71.1659,179.4157,0
32.2445,19.7348,2.8883,0,0.1796,-0.9688,0,0,17.501,185.406,0
0,21.358,2.867,0,0,-17.9279,-38.7167,0,7.366,162.46,0
22.5053,11.5999,2.3464,0,0,18.9,15.5446,0,23.368,212.244,0
29.749,11.2825,2.6758,0,0.2697,4.8296,25.8116,0,59.024,188.027,0
33.6435,17.1633,2.695928,0.2752,0,44.0567,15.9442,-4.8309,32.989,194.247,0
23.7197,9.8998,2.6512,0,0,3.6739,18.6902,0,21.309,208.354,0
17.0394,10.0994,2.2677,0.7332,0,-2.1272,-0.5139,0,45.299,198.693,0
25.9072,0,2.5569,0,0.2689,0,0,-14.4182,26.666,148.79,0
33.8454,18.5113,2.2975,0,0.2152,-45.8494,0,-16.3788,17.824,180.396,0
70.2533,27.5832,3,0.2161,0.1238,-63.1768,-39.2687,0,37.552,243.145,0
23.599,6.2405,2,0,0.3386,-1.1642,-8.7177,4.9906,44.418,195.394,0
64.0536,20.8245,2.993,0,0,0,0,-12.1025,37.678,257.895,0
39.5553,25,3.4933,0.2672,0,-14.3298,-17.1336,-15.2188,15.752,224.48,0
25.8287,0,2.5397,0,0.3243,0,-17.8497,0,41.849,160.938,0
25,8.9876,1.44,0,0,-14.9017,0,3.5772,69.588,177.81,0
78.9203,20.1273,2.7697,0,0,49.5309,-34.1341,0,48.8162,235.9582,0
45.2893,17.7384,2.9467,0,0.1853,5.5257,-25.8484,0,40.7921,186.7198,0
22.8666,0,2.1888,0.7079,0,2.6196,17.4277,10.9945,78.6077,212.9085,0
19.9348,10.716,2.2275,0,0.4638,0,0,-4.8309,7.6988,204.642,0
33,10,2.2647,0.4203,0,22.8395,-14.4905,-6.3115,58.5231,158,0
13.8287,12.8309,2.372,0,0.2508,7.57,-3.5179,0,43.817,184.294,0
26.7887,6.9673,2.4097,1,0,-6.5853,-26.6956,0,56.2527,213.3878,0
32.9253,22,2.73,0,0.1822,30.1037,29.2532,-7.617,62.456,148.897,0
38.7409,16.1722,2.5397,0,0,-24.7548,0,0,26.239,212.841,0
0,14.714,2.6149,0,0.2328,17.7404,-16.018,-12.2435,6.482,188.949,0
12.486,4.2615,2.2867,0.7796,0,13.8476,0,1.7185,61.9452,119,0
68.7105,22.7592,2.8309,0,0.2437,0,-35.5165,0,44.8482,230.883,0
37.0394,0,2.546,0,0.1908,33.6365,0,0,19.827,237.583,0
77.8226,69.4722,3.6735,0.1096,0,-56.9491,62.1813,-31.7887,50,239.861,0
56.3386,15.3273,3.1231,0,0,12,-35.2665,0,62.573,182.752,0
23.9081,20.1405,2.4778,0.5043,0,0,0,-10.7697,50.652,0,0
21.8442,19.5463,2.5917,0,0.2322,18.6299,0,-11.374,42.271,126.9303,0
59.0872,20.7698,2.7905,0,0.1376,-37.1858,0,0,62.914,221.148,0
106.481,745054,3.3611,0.2888,0,0,114.148,0,29.079,277.446,0
31.7793,10.9062,2.4862,0,0.2444,0,0,-6.8984,58.7,180.469,0
39.3197,0,2.59,0,0.1744,41.0876,0,0,8.6607,234.357,0
22.7485,8.7824,2.2985,0,0.2755,0,17.3868,0,12.665,177.488,0
27.4826,21.289,2.7867,0,0.1402,7.7384,22.0957,-11.2741,25.439,159.774,0
19.2403,15.8484,2.5283,0,0.3139,-20.4241,17.6741,0,53.414,162.371,0
13.1782,9.3584,2.5031,0,37.3634,0,11.6335,0,36.3664,0,0
19.2672,6.9993,2.5883,0.7017,0,-22.6736,5.6457,0,42.517,199.597,0
19.1219,10.417,2.3139,0,0.2876,-1.4192,-17.0941,0,60.073,211.151,0
24.8442,15.6223,2.8654,0,0.1741,30.749,-18.1667,-5.9846,45.9982,207.4183,0
13.8132,11.3835,2.3044,0,0,1.5875,0,4.5139,56.996,2177200,0
36.5869,0,2.875,0,0.1857,0,0,0,44.612,205.8698,0
27.7296,14.3238,2.4669,0.4203,0,0,19.0334,0,47.356,138.3094,0
12.9846,10.8273,2.485,0,0.4244,-14.0879,-9.6856,-6.5716,53.666,199.103,0
38.7106,11.2782,2.7769,0,0.2746,-28.4902,0,-8.8296,0,187.895,0
32.9442,16.7149,2.5931,0,0.2541,-6.5447,0,0,2.7456,183.984,0
0,29.7584,3.1404,0,0.0734,-70.9483,0,0,43.4343,290.6878,0
12.8951,105218,2.485071,0,3725,0,8.6361,0,48.049,148.444,0
27.7282,9.727,2.4393,0.5667,0,-0.1849,0,0,64.616,197.734,0
46.1585,15.1478,2.9143,0,0.1667,0,-28.3165,0,54.6604,161.8494,0
16.5478,103301,2.4731,0,0.2982,6.4265,-2.2968,0,51.1572,196.1254,0
19.7192,13,2.4493,0,0.1954,-23.4398,0,8.596,49.9906,196.482,0
44,33.8976,2.7766,0,0,0,24.9074,-23.1854,21.363,204.348,0
133,74.2453,3.5272,0,0.0796,-121.62,0,-56.7762,70.331,242.574,0
24.0548,-11.7296,2.3353,0,0,-19.3182,0,0,46.273,147.458,0
13.5051,12,2.4354,0,0,-9.1719,0,12.3354,51.9658,148.363,0
34.417,19.4591,2.4749,0,0.194,27.6274,0,0,7.616,142.665,0
13,11.1639,2.4354,0,0.3343,-14.8017,0,0,59.7356,191.2892,0
31,23.5802,2.7868,1,0.1434,-1.0277,9.0232,0,46.776,139.246,0
28,23.0574,2.7889,0,3861,0,0,-30.5231,46.324,186.909,0
20.2487,7.6441,2.3393,0.7946,0,-0.5441,-7.9081,0,56.629,166.599,0
26.2923,12.5673,2.6071,0,0.2072,0,14.2953,0,38.999,189,0
122.684,0,4.0618,0.0841,0.0547,-106.604,-89.5153,0,82.92,227.372,0
34.8287,8.7348,2.2867,0.601,0,-18.8476,-12.9081,-8.9494,40.917,187.278,0
11.9069,10.5801,2.1487,0,0,0,-17.2426,0,62.792,188,0
13.2985,10.6426,2.3263,0,0.4191,1.6385,0,0,68.769,186.829,0
12.9184,11.5442,2.2864,0,0.4222,0,0,-1022.3686,58.917,148.5256,0
21.2912,6.5971,2.4729,0,0.3814,7.9494,0,0,15.8846,207.914,0
36.724,16.5649,2.7923,0,0.1538,-22.4241,-5.6147,0,56.755,138.14,0
27,0,2.3044,0,0.2632,-24.0833,0,0,14.445,213.437,0
12.4698,111742,2.3139,0.6718,0,-2.9077,-6.5105,0,33.121,148.049,0
26.7113,9.5513,2.4874,0,0.2344,0,-14.6335,0,0,193,0
20.483,11.0832,2.4232,0,0.2453,-8.5449,-19.4795,-9.0706,48.912,155.945,0
19.1672,7.6134,2.4762,0.6365,0,-8.8231,0,5.3795,74.1567,202.9742,0
53,26.3915,2.8231,0.229,0,-32.549,-50.3577,-11.2872,34.718,225.832,0
17.0731,9.3857,2.247,0,0.3085,0,-11.9228,-8.9305,73.686,171.85,0
34.5686,10,2.6966,0.4132,0.2654,11.3872,15.3793,-6.4175,43.132,223.103,0
23,0,2.6385,0,0,-1.1202,0,0,18.8247,162,0
37,13.6496,2.57,0.4157,0,0,-13.2972,0,31.558,161.594,0
32.817,30.5152,3.0942,0,0,-13.6026,0,0,74.69705,151,0
0,24.4125,3.2277,0,0.2684,0,0,19.016,74.6335,205,0
52.4108,24.2523,2.7592,0,0,0,0,-17.8482,48.229,206.866,0
28,0,2.6274,0.3563,0,-3.2757,0,0,5.7562,160.801,0
29.5446,15.3392,2.6065,0,0.2468,0,-13.4138,7.4828,47.887,0,0
58.5172,24.4567,2.9408,0,0,13.9393,0,0,12.601,212.617,0
18.9405,8.8139,2.4763,0.5532,0,1.2616,13,0,65.082,194.901,0
24.7271,18.4132,2.4934,0,0.2896,15.3852,0,-11.3381,36,223.293,0
28.5673,0,2.5531,0,0.2957,-39.0278,-9.3234,0,40.676,199.799,0
29.8058,8.4912,2.484,0,0,-6.9079,-15.7409,0,40.3894,206.4524,0
30,20.5478,2.6061,0.3631,0,15.6691,0,-14.1747,35.0678,171.4164,0
28.0887,0,2.9862,0.2514,0,-15.5837,0,-12.4539,85.6607,185.458,0
17.1385,11.9287,2.4722,0,0.2591,-4.0334,0,-7.8606,63.4562,122.4354,0
19.5449,9.7282,2.3714,0.5893,0,16.2755,21.6871,-7.4232,39.912,201.754,0
12.6154,0,2.5581,0.6594,0,6.9073,-8.9886,0,44.3314,217.917,0
28.8299,10.2493,2.6045,0,0,0,-13.8598,0,47.3182,173.797,0
0,7.3631,2.5694,0,0,-1.4244,6.1218,-9.6882,47.2825,187.324,0
34.5244,16.0661,2.9085,0.4578,0,-13.658,-25.5816,0,41.232,204.79,0
32.5703,13,2.4029,0,0.2258,-29.1462,-10.4281,-7.8982,46.3943,212.0643,0
69.2556,59.6541,3.5132,0.2306,0,-74.5331,0,0,54.909,243.08,0
0,6.7493,2.6096,0,0,-13.4157,-15.2382,0,80.1647,136.4104,0
17.9062,11.4139,2.2429,0,0,-26.3444,0,0,80.8492,226.47,0
27.6785,15.7204,2.4346,0.4362,0,10.8442,0,-7.4908,56.9452,208.3904,0
36.1595,0,2.8666,0,0.1685,0,-27.8951,-13.0146,51.9777,233.7204,0
53.7889,19.0657,0,0.2754,0,2.6335,-21.8387,0,48.9082,224.895838,0
30.1553,16.8494,2.5899,0.3883,0,-12.7889,15.217,-14.9203,34.482,212.979,0
63.9898,20.2885,2,0.3195,0,0,45.3581,0,49.012,245.714,0
98.3096,38.9963,0,0.1493,0.0662,0,0,34.1742,49.7553,282.736,0
24.6622,17.6034,2.4788,0.417,0.241,21.2821,19.6596,-17.9287,84.899,194.049,0
75.8161,35.4141,3.3057,0,0.0595,-32.6864,0,0,14.0385,217.862,0
35.6494,0,3.0392,0.2707,0,25.8264,0,-9.9082,3.338,158.26,0
245211,9.0842,2.5198,0,0,-0.4182,0,7.89,16.681,201.794,0
17.3957,12.4595,2.3222,0,0.2962,4.2544,0,7.7749,31.673,162.593,0
30.05,12.4362,2.4548,0,0.2047,5.9777,0,0,13.666,179.939,0
22,22.1815,0,0,0.2753,29.5498,0,0,62.7187,159.366,0
21.6143,10,2.4289,0.4494,0,16.9072,0,0,24.62,0,0
19.8042,8.3338,2,0.6869,0,-1.9078,-4.0815,-6.6339,46.447,223.865,0
20.9887,12.9162,2.5581,0.5687,0,-2.0382,0,7.9015,65.639,0,0
29,165211,2.6149,0,0,-1.7384,18.099,-8.6881,0,142.801,0
16.3107,9.4717,2.2668,0.4598,0,4.3542,0,-5.7288,44.386,196.884,0
46.801,29.4718,3,0,0.2334,0,-42.8245,18.7395,25.0532,202.2521,0
19.3964,9,2.4771,0.5314,0,-14.9658,-16.6457,-11.1857,53.4163,224.3899,0
58.6604,22,2.7537,0.5687,0,-57.7356,0,-14.7697,47.126,201.393,0
48.1527,0,3.0187,0.4722,0,-0.8231,0,-5.417,1.8926,217.5441,0
48.8686,9.2344,2.5447,1.4797,0.2695,-30.8139,-9.3274,-7.4377,74.9162,59.3558,0
12.7581,0,2.3493,0,0.2962,9.278,0,-7.2367,46,194.92,0
21.3449,11.5667,2.3064,0,0.5178,31.0832,10.5484,-11.371,48.7206,200.309,0
1114.365,0,2.3424,0.5074,0.2893,13.9487,0,0,4.984,277.892,0
19.8247,114224,2.3493,0.6192,0,-1.4132,0,4.9287,54.477,176.032,0
27.5676,13.8482,2.5179,0,0,-20.2473,0,0,50.488,226.177,0
34,20.7017,2.7541,0,0.1474,14.2611,0,0,0.501,175.842,0
32.8383,19.3892,2.6916,0.3041,0,-6.4813,-24.5772,14.6604,16.8894,139.06,0
27.8148,10,2.4465,0,0.2811,23.9494,6.5082,-2.6015,58.5291,190.4331,0
20.1559,9.4132,2.3517,0,0.2946,3,0,4.6595,76.348,168.857,0
28.2593,28.8383,3,0,0,-10.7899,0,0,54.9292,235.9766,0
84.6726,65.8116,4.306,0,0.0753,-96.5999,66.8484,0,59.3136,276.9279,0
13.9159,1162.2619,2.0793,0.7859,0,0,0,0,62.5181,182.436,0
19.0769,9.4955,2.5179,0,0.3368,0,6.8,-10.1208,21.888,1117690,0
47.8125,27.7169,2.6816,0,0,-53.9074,0,-15.2891,31.451,217.92,0
28.2934,9.4538,2.4914,0,0,0,-24.6998,-5.0987,46.234,205.219,0
19.9457,11.6015,2.3064,0.6489,0,-11.1716,-14.8454,0,47.817,162.989,0
39.5678,22.1697,2.4116,0,0.1372,-15.0586,17.5478,-11.2485,48.8144,205.4163,0
53,17.886,2.5733,0,0,0,0,-18.1836,8.6015,223.883,0
35.478,16.3531,2.5682,0.4163,0,-15.0701,0,9.8903,26.6103,134.5153,0
17,5.3973,2.3399,0.6258,0,-19.0271,0,-9.1785,86.6095,208.527,0
24.0153,8.3022,2.2188,0.6487,0,0,0,-7.5198,29.916,180.684,0
15.6365,10.5478,2.5871,0,0,-6.9901,0,0,33.152,200.654,0
41.5486,12.9452,2.9206,1.3539,0,-12.7074,-20.4794,0,84.9858,212.519,0
61,37.2685,3.1859,0.2044,0,-57.8494,-54.3946,0,42.7542,136.366,0
22.5676,10.8299,2.4338,0,0,-16.4539,0,0,44.614,214.7,0
16.0348,11.6176,2.483,0,0,-1.171,0,0,74.654,166.945,0
51.477,20.7933,3.0351,0,0.1386,0,0,5.8095,36.441,179.742,0
32.2425,9.4794,2.4338,0,0.3896,-18.2378,15.4262,0,42.136,195.6194,0
27.9373,14.3391,2.790789,0.360149,0.1887,0,0,-4.7447,66.0896,138.256,0
18.298,10.1853,2.8982,0,0.2899,-16.6487,0,3.6702,74.792,187.937,0
47.8,11422041,2.073775,0,0.3876,-28.4862,0,-7.017,14.129,200.414,0
26.5366,11.9348,2.2753,0.748,0,-18.417,0,5.2379,75.0498,179.5586,0
33.0667,17.6106,2.6345,0,0.1591,0,0,-12.9987,26.501,212.879,0
66.895,26.9162,2.942,1.3598,0.1795,-8.5556,-45.6176,-15.6349,25.1288,149.049,0
19,15.0683,2.7615,0.5647,0,-17.0753,0,-10.7193,64.124,122.682,0
21.8021,0,2.3731,0,0.2899,0,11,11.3444,32.516,129.6494,0
32.0879,13.8497,2.5478,0,0.2408,0,-32.2347,-10.3341,6.355,168.143,0
17.29,0,2.6107,0,0.3598,14.5653,0,-8.4281,56.777,177.596,0
21.171,115080,2.2901,0.7412,0.4116,15.8651,0,0,64.6241,148.686,0
21.2792,12.6881,2.3572,0,0.2287,1.6128,-11.1734,10.4696,63.724,201.016,0
32.2978,13.4839,2,0.4594,0,-1.9292,-8.6262,0,60.614,187.627,0
0,79.5145,3.6851,0,0.0683,-185.285,0,-54.4234,78.829,266,0
84.8397,0,3.5121,3874,0.0882,-15.6894,0,0,43.7111,185.818,0
79.4102,48.4609,3.5366,0,0.0684,63.6588,28.9922,0,7.589,237.959,0
83.5152,35.8397,3.3897,0,0,-44.9382,72.24,23.1706,3.6349,276.693,0
40.6703,10.5961,2.5478,0,0,0,-21.3284,-11.9203,53.6144,154.81,0
30.8113,19.3385,2.5884,3828,0,14.4273,-14.7255,0,52.647,226.365,0
28.4281,26.9452,2.8442,0,0,-5.5983,0,12.7348,17.358,166.016,0
25.2618,11,2.5198,0,0.3436,-24.4738,-9.2819,0,43.2715,144,0
28.0569,13.8982,2.6799,0,0,-16.4605,0,-12.2327,19.39,203.847,0
57.7854,0,3.0471,0.1744,0,-28.9667,50.4534,-12.4882,0.3901,204.773,0
19.2444,0,2.5738,0,0.3632,4.3961,0,0,62.924,122.343,0
19,9.8125,2.2548,0,0.3339,-1.8019,0,-6.8098,30.24183,177.812,0
72,30.5446,2.7271,0.2624,0,-66.8482,-45.6031,-19.2712,74.1323,224.2319,0
26.4605,18.9081,2.8162,0,0.2041,-14.1333,0,-12.6385,51.1539,229.2494,0
23,11.4867,2.5612,0,0.2226,-14.1613,8.1853,-5.6821,29.573,139.69,0
21.2912,10.7407,2.133,0.7045,0.3801,1.5821,6.0676,0,25.0948,221.9086,0
27.4125,0,2.6543,0,0.2361,-27.219,-21.5145,0,47.283,193.849,0
39.8249,8.8122,2.4362,0,0,-22.1513,0,0,43.949,208,0
21.8454,15.6996,2.3493,0,0.2924,25.2443,0,7.3921,19.586,136.847,1
22.0999,14.306,2.3586,0,0.2366,5.7802,-17.2727,0,29.42,197.465,1
34.8269,20.367,2.8017,0,0.1773,28.8951,0,0,4.376,179.664,1
47.9452,32.9897,3.1459,0,0.1038,-0.0154,0,10.549,5.29,175.878,1
24.0607,17.7277,2.4935,0,0,15.8299,0,0,11.7801,195,1
19.0818,18.6947,2.2172,0.6317,0,-8.791,-7.5919,0,11.5261,190.588,1
52.7642,0,2.6772,0,0,-29.8082,0,0,15.792,194.393,1
35.6299,20.4123,2.657,0.3674,0,-27.9754,0,9.7282,4.098,203.996,1
43.9162,22.9184,3.1032,0.1648,0,25.2369,0,-12.3314,14.683,208.036,1
27.5447,22.4393,2.5849,0,0.1646,-19.9162,-18.1734,11.7139,13.705,180.551,1
27.49,18.5263,2,0,0.2372,-17.5287,-19.6335,-12.6908,16.789,138.388,1
22.3524,12.5463,2.585311,0,0.2988,17.9472,0,0,25.1216,177.137,1
33.9408,14.0967,2.4946,0,0,0,0,3.9087,31.751,117.48,1
22.9773,12.2446,2.4916,0,0.2636,-17.3514,-13.0568,0,11.818,167.156,1
44.7377,16.1075,2.6599,0,0,28.9648,34.5179,7.0953,24.167,207,1
17.0188,9.6611,2.1849,0,0.4265,-1.4796,7.7642,0,28.0869,171.847,1
29.424,0,2.9862,0.5,0.1483,-4.0581,-25.9204,0,3.472,193.53,1
65.8677,20.5816,3.2901,0,0.1412,-80.5684,0,0,1.596,186.677,1
28.0286,12.4899,2,0.4574,0,-10.1655,-20.2637,-6.9114,23.749,170,1
43.5676,21.7449,2.8302,0,0,36.4125,0,0,3.501,230.021,1
35.0496,17.4866,2.5308,0.4241,0.1867,-32.0871,14.8245,-19.0527,10.603,194.65,1
22.7449,13.2768,2.5629,0.5837,0,22.4167,-14.7287,11.3661,54.098,199.654,1
23.2722,13.4392,2.7703,0,0.3126,3.5834,0,8.9307,14.794,200.688,1
0,34.5821,3.0226,0.1887,0,-43.1218,0,0,1.039,243.889,1
29.5605,10.4429,2,0,0.2058,0,-6.0922,5.7267,44.7,117.353,1
51.0269,27.7593,3.0635,0.189,0,0,0,-16.7288,1.7945,213.035,1
61.8698,26.9122,3.1274,0,0.1385,-48.5353,54.8847,-10.3933,4.3867,209.987,1
30.0682,22.5772,2.4749,0,0.2283,-5.5484,0,0,4.997,161.481,1
29.7202,21.9087,2.3948,0.3693,0.1822,0,0,16.9487,36.2655,138.017,1
48.9409,0,3.0097,0.2429,0,-1.1792,-43.6738,-19.5686,11.887,203.908,1
24.0663,17.1716,2.5,0.4955,0,12.477,10.9811,-9.3839,9.258,182.464,1
24.9114,15.5447,2.3729,0,0.2385,-15.4824,0,8.0407,16.7,199.742,1
18.2326,10.3327,2.2915,0,0,0,-19.4921,-11.8017,3.657,189,1
27.4351,19.0346,2.7459,0,0,-15.1714,0,-8.9072,17.2687,109.761,1
27,11.3744,2.5461,0,0.2762,-0.7016,0.0001,0,22.7852,188.367,1
0,0,2.0632,0.7901,0,5.3766,-10.3629,3.5132,7.264,176,1
29,17,2.3664,0.4475,0,-4.7139,10.0954,-12.3304,6.39,160,1
33.917,17.8176,2.7604,0.3729,0,24.8286,-13.2441,0,4.027,204.166,1
48.7384,0,2.5353,0.3672,0.2077,28.4156,0,-7.4646,13.132,203.843,1
52.2405,0,3.6821,0.1246,0,63.3871,0,0,8.596,230.364,1
64.8162,33.1241,3.0439,0.2508,0,-25.4813,0,0,0.267,208.719,1
25.5441,13.8176,2.2755,0,0.3391,4.1084,0,-10.3057,0,179.248,1
12.7838,11.6365,2.1695,0,0.3962,0,-12.7189,10.749,63.084,162.031,1
24.4822,0,2.6054,0,0.2648,3.7566,-8.1483,0,40.678,161.533,1
0,10,2.1748,0.5914,0,14.4799,-9.9777,5.4271,16.684,197.512,1
21.3053,12.9204,2.5463,0,0,14.1205,0,-9.786,9.457,194.768,1
53,23.6349,3.0252,0,0.1276,-16.917,-26.8686,0,3.7728,245.799,1
20.0112,17.2365,2.5041,0,0,13.4362,4.7831,-8.5449,12.778,136.919,1
38.2832,0,2.7848,0,0.2242,-16.5551,0,0,2.32,194.936,1
33,14.3638,2.5058,0.4087,0.2294,-0.2856,-23.2755,-9.3398,29.472,194.157,1
77.9981,24.3344,3.2636,0,0.0908,-37.6482,0,10.5548,0,252.144,1
27.5179,11.0663,2.3284,0.4902,0,0,-15.2822,9.1797,28.086,187.568,1
39.1451,17.9409,2.7604,0,0.1915,13.9673,28.8677,-11.9373,7.085,189.973,1
56.1486,2624.1099,2.9472,0.2076,0,-34.7835,0,0,12.605,251.468,1
31.7703,17.8951,2.7497,0,0.256,5.2103,21.8782,0,12.572,158.297,1
82.9043,33.818,3.3501,0.1647,0,-55.0057,37.2627,0,6.0689,287.801,1
22.9479,12.5498,2.3861,0,0.295,0,-14.0841,5.9443,54.6102,163.679,1
28.9113,15.85,2.4563,0,0,0,-22.7356,7.8249,5.782,201.427,1
27.4281,16.1225,2.5961,0.4795,0,2.1702,-18.0511,0,19.402,193.24,1
28,10.0273,2.4346,0,0.2934,14.9077,19.3353,-8.8892,15.79,199.135,1
34.5565,27.6977,2.7953,0,0.1839,15.5295,22.576,8.9078,9.365,179.133,1
29.901,15.6812,2.77,0,0.1624,10.8598,0,-6.6518,4.586,188.279,1
41.6265,19.6106,2.8971,0,0.1582,-27.9462,0,0,2.3232,235.642,1
25.0741,20.36,2.7589,0,0.1591,0,19.0834,-9.8689,3.936,157.561,1
19.6015,10.5691,2.58,0,0,-5.2851,-14.1821,7.9287,27.689,203.332,1
12.9969,0,2,7113,0,50.8226,0,5.9491,38.397,141.847,1
61.9041,33.4863,3.2737,0,0,0,72.8095,-17.549,5.712,245.436,1
56,28.6183,3.0286,0,0,0,39.7395,0,2.912,267.832,1
41.5545,15.7992,2,0,0.2071,0,0,-5.8309,9.9228,236.464,1
18.6493,16.8686,2.4338,9.8092,0.2606,0.7278,-9.8484,11.3733,27.142,175.529,1
29.1074,16.9074,2.8762,0,0.1637,-29.8596,0,10.2893,2.589,158.653,1
21,16.6462,2.5884,0,0.2444,14.9287,0,0,17.924,208.701,1
28,7.2447,3.3,0,0,17.2736,15.6196,0,23.939,132.28,1
36.372,11.3391,2.5739,0,0.2233,-25.2436,18.9483,-4.3598,3.085,148.889,1
33.356,16.293372,2,0.4191,0,0,0,-8.3139,26.783,194.875,1
29.8981,10.2636,2.4605,0,0,-28.9082,0,0,6.4466,151.654,1
41.4579,24.9894,2.7308,0,0.1437,-10.5575,-29.5673,14.5016,4.358,186.473,1
40.0162,18.3084,2.5882,0.4273,0,19.7836,28.5116,-11.8827,9.152,204.031,1
93.3914,51.8786,4.0899,0,0.0802,-75.7743,63.6027,-36.3362,21.639,369.281,1
36.8901,14.0459,2.8494,0.3379,0.1949,-18.4946,18.6768,7.7808,34.6138,206.97,1
39,9.487,2.4654,0,0,0,0,10.9408,14.103,212.471,1
41.6831,19.2401,2.7069,0,0,-13.8686,-18.9885,0,13.769,201.073,1
20.3958,6.9515,2.1855,0,0.4383,18,11.9882,0,14.85,206.961,1
41.1716,22.58,2.7889,0.3759,0.1904,3.8666,28.0867,0,5.7745,203.064,1
65.3166,26.4346,3.051,0.2326,0,-53.4537,66.2952,0,2.575042,0,1
28.8982,18.0027,2.5999,0.3564,0.1957,3.5016,0,0,2.288,196.345,1
41.8125,18,2.5308,0,0.184,0,-16.4232,13.1362,6.386,212.361,1
15.6739,0,2.2892,0,0.3801,-4.4646,0,0,51.752,155.736,1
44.2785,0,2.6667,0.2919,0,16.5198,32.8998,0,8.054,189.601,1
22.7443,15.9292,0,0.4102,0,-23.6262,0,0,5.048,190.47,1
40.5179,0,2.7945,0,0.1792,9.1585,0,0,1.126,229.682,1
34.8932,20.5276,2.687,0,0.1946,3.5498,0,0,14.267,176.662,1
28.816,18.3697,2.6438,0,0.1824,-10.7887,0,16.7705,2.617,197.447,1
19.0811,7.4528,2.2751,0.6438,0,24.3378,17.5553,-6.5126,7.4698,145.294,1
30.6846,0,2.567,0.4947,0,22.6709,-15.2653,0,18.769,203.941,1
36.5441,29.9668,2.8345,0,0.1144,-28.7387,32.7016,-18.0534,0.603,166.864,1
26,16.0402,2.5581,0.5257,0,-12.6349,0,-9.6138,7.669,179.384,1
31.1383,22.7029,2.6385,0,0.1926,-10.9602,0,-7.7355,20.355,143.273,1
25.2156,15.0069,2.5459,0,0.2328,13.8484,0,3.4393,10.82,155.277,1
39.4827,0,2.7899,0,0,3.4746,-18.5272,15.338,7.57,231.765,1
56.8998,39.8667,3.1287,0,0,-0.9479,-34.0573,0,1.985,176.861,1
38.0544,24.2384,3.0402,0,0.1347,0,37.8176,-10.4377,0.969,171.539,1
74.0956,33.2891,3.5172,0,0.1067,-63.4826,41.9253,13.9923,1.96,207.829,1
39.5834,17,2.4771,0,0.287,-10.2148,0,3.8383,8.3682,199.501,1
41.3846,18.9443,2.6749,0,0.1743,0,0,-8.9462,3.969,186.348,1
31.8695,0,2.7447,14.4551,0,-5.9063,9.9016,0,16.619,200.444,1
84.9368,34.3548,3.2037,0,0.1479,-70.5597,0,-25.5484,3.99,276.873,1
19.749,12.901,2.5058,0.6289,0.3201,18.1721,-7.2348,0,31.986,177.917,1
36.7914,16.0143,0,0,0,14.6497,-11.4161,-6.7282,26.685,185.468,1
36.1882,15.5691,2.6395,0,0.2295,27.9483,26.6881,-8.7113,44.588,160.243,1
24.408,9.9373,2.4539,0,0.2746,-3.5203,20.7291,0,12.755,197.676,1
27.8931,20.1833,2.6871,0,0.1412,38.5463,0,8.8877,8.618,189.168,1
45.774,24.049,3.1599,0,0.1172,0,0,11.3694,1.988,236.566,1
24.69,16.3034,2.5224,0,0.2684,0,19.9483,-10.1469,8.539,204.037,1
31,18.8247,2.6547,0.369,0,23.1575,22.237,0,14.0966,165.086,1
26.0471,0,2,0,0,-6.7642,-14.8667,4.9442,25.183,139.142,1
12.8092,9.8482,2.1742,0,0,7.5172,0,0,0.2953,179.939,1
41.6248,22.9204,2.5465,0,0.1858,5.2319,0,-14.8677,8.259,148.132,1
34,17.3034,2.4933,0,0.2029,0,-15.1746,0,24,220.975,1
31.8579,18.2867,2.6528,0.3614,0,-1.9805,13.6255,15.7308,6.5784,171.948,1
22.0772,11.0351,2.4568,0,0,0,0,-9.6275,39.8846,203.778,1
38.2624,18.6279,2.9085,0,0,32.3094,40.7642,9.0546,3.671,207.385,1
51.0481,23.0986,3.0277,0,0,-48.5179,-33.5017,13.6457,7.85,235.969,1
22.7642,17.917,2.3693,0,0.2339,0,12.9087,-8.6154,32.888,151.409,1
34.1539,15.749,2.7864,0.3693,0.1888,-24.9771,0,-17.395,0.142,201.27,1
16,12.3896,2.4429,0,0,14.0775,-5.9444,0,37.353,191.936,1
22.5366,10.1851,2.5983,0,0.2401,15.4866,0,-11.5105,9.14,129.462,1
39.6335,0,3.0276,0,0.1575,-14.6299,0,0,7.827,206.026,1
23.6522,15.2627,2.8222,0,0.2584,-3.6221,0,-13.7139,11.3897,209.068,1
20.0169,17.457,2.3739,0,0,-1.0366,0,0,0.4456,188.585,1
0,14.5686,2.6018,0.4393,0,1.2825,-15.5092,6.4891,31.586,194.169,1
28.4916,0,2.3354,0,0,-23.4342,13.719,0,12.7875,155.296,1
17.6641,15.2873,2.2717,0.5012,0.2692,-4.6586,0,0,37.518,163.941,1
25.5776,11.6514,2.4786,0,0.2491,0,29.1433,5.2444,7.69057,201.285,1
22.6839,8.4847,2.240462,0,0.3832,7.3102,0,11.3155,2.277,196.774,1
85.0545,39.2373,3.0473,0,0.0882,-44.7121,0,-23.9072,1.527,323.752,1
52.0496,27.6444,3.2597,0.269,0,-34.5449,-46.8686,-23.7356,3.584,267.368,1
29.5514,19.5447,2.4842,0,0.2044,10.8383,0,-10.0487,15.3629,220.562,1
30.1785,19.7044,2.6746,0,0.1801,29.0737,0,0,14.344,187.149,1
36.4595,24.1535,2.6793,0,0.1605,14.6389,0,-13.3857,29.71,110.14,1
20.0483,16,2.6499,0,0.2448,0,10.7185,9.6817,63.052,154.786,1
27,11.8139,2.3711,0,0.3527,0,9.5722,0,7.086,161.954,1
21.9553,18.2159,2.3983,0,0,0,-17.8371,-9.4132,19.427,158.425,1
17.7493,12.2919,2.2951,0,0,-12.6737,4.8245,0,36.13,161.394,1
28.8255,16.5198,3.055038,0,0.2279,7.8494,19.9452,-11.4605,4.089,218.104,1
20.5962,12.6549,2.4023,0,0.2293,-15.9071,-8.6981,-6.1362,13.799,155.762,1
90.9443,29.3936,3.4744,0.1408,0,0,61.6335,0,2.752,294.036,1
28.501,17.4667,2.696,0.4519,0,-15.8982,0,-9.2353,14.289,235.652,1
26.8816,18.094,2.495543,0.429,0.2267,14.9462,0,0,20.44,166.766,1
24.8666,11.0597,2.3294,0,0.2742,-4.5979,0,7.5353,13.387,186.931,1
21.387,12.0284,2.6719,0,0,7.5941,0,0,33.359,190.482,1
21.1659,15.0666,2.4746,0,0.3586,-1.3232,-9.5463,0,3.576,158,1
20.0874,10.474,2.5263,183482,0.3026,0,0,-6.3448,42.51,188.148,1
34.7872,19.5441,2.616,0,0,-30.7088,-26.7642,-8.4281,7.396,189.401,1
33,15.4241,2.573,0.4523,0,26.1487,0,-9.5938,17.2698,117.61,1
94.3733,33.4784,3.1702,0,0,-63.8151,74.9409,0,6.6642,268.584,1
22.5678,18.9673,2.5566,0.5153,0,-2.1702,-12,-9.8984,3.447,166.382,1
0,20.5901,2.6288,0,0.2194,4.8231,0,5.3107,15.949,186.287,1
21.9882,0,2.2707,0.6839,0.3372,0,0,-4.801,6.4486,139.011,1
18,6.8848,2.4785,0.6176,0,-15.3852,0,0,5.801,187.397,1
22.9802,15.0672,2.4346,0.5184,0,-11.5565,0,-14.6155,5.89,211.794,1
22.5046,0,2.0663,0.6144,0.3491,-1.6701,0,6.3132,7.987,189.73,1
35.9204,16.3341,2.5526,0.4249,0,10.3562,0,-11.4523,2.69,167.601,1
29.1733,11.8397,2.6449,0,0,-2.8,26.4577,8.5231,20.184,166.363,1
93.6968,33.0388,3.3111,0.1777,0,57.7282,-91.5255,0,1.893,236.966,1
41.1857,23.5226,3.0471,0,0.1402,-30.44,0,-20.3201,20.474,223.888,1
21.8247,10.373,2.238,0,0.4385,-15.6736,0,7.4125,0,0,1
12.1559,10.2692,2.082,0,0.3868,-20.5563,4.3396,-5.8247,38.059,171.452,1
29.4533,10.8442,2.5898,0,0,0.5484,-18.3584,0,44.049,195.011,1
24.4726,17.3569,2.3389,0.4123,0,-4.9077,-11.6134,8.8176,18.934,136.663,1
397.329,20.0673,0,0,0.1896,-23.6054,0,0,11.549,207.388,1
52.9077,22.9602,3.231,0,0,12.9462,23.0932,17.8686,13.683,207.549,1
25.4563,17.6894,2.59,0.5145,0,17.6047,19.42,-3.3528,11.062,194.468,1
29.1846,16.7649,2.5084,0,0,3.6426,14.6852,-9.8989,48.79,177.971,1
31,17.6015,2.5927,0,0.179,15.4786,-16.7908,0,6.885,193.647,1
39.7642,17.5017,2.6047,0.4046,0,0,0,0,9.479,154.331,1
31.7387,19.3099,2.8939,0.2792,0,-14.9848,32.6604,14.2829,7.084,234.161,1
40.2786,35.5257,3.3064,0,0.1033,-24.486,21.9203,-19.1405,15.0104,226.894,1
34.619,17.4646,2.6041,0,0.2439,3.8831,0,0,24.9409,160.667,1
122,68.3629,4.2555,0,0.0673,-133.554,0,0,7.098,245.46,1
18.4249,0,2.3901,0.5194,0,-8.8497,0,0,8.88,201.986,1
29.8984,15.9162,2.5872,0.37777,0.2063,-39.6713,0,4.4842,26.72,212.518,1
0,22.8686,2.7812,0,0.1412,0,16.8484,10.5441,11.5538,161.289,1
28,17.1567,0,0,0.1885,0,0,-5.474,44.077,120.038,1
19.9754,14.6775,2.4362,0,0,16.8494,0,0,8.939,195.867,1
23.0271,19.0999,2.4116,0,0,0,-11.2891,9.5486,4.379,138.596,1
35.5244,21.0348,2.932,0.2328,0,15.2963,0,-18.4082,1.601,38.869,1
19.394,12.8667,2.2899,0.5308,0,2.0845,6.0784,0,4.181,182,1
34.4066,18.1287,2.8212,0,0.1383,8.5605,-26.2985,0,3.6191,229.285,1
39.9857,18.9348,2.68,0,0.1677,29.8247,32.3884,0,5.2811,245.272,1
50.8698,30.8839,2.5529,0,0,0,35.9409,23.4116,4.386,266.284,1
79.4455,28.3868,3.0291,0.2751,0.0942,-14.7449,-52.7308,0,6.054,252.754,1
18.0651,15.5944,2.5605,0.4045,0,-6.661,5.9887,-9.3536,4.089,175.387,1
18.9886,10.4986,2.2673,0,0.3238,0,0,-8.7856,21.701,140.365,1
34.8226,0,2.736,0,0.2308,-22.495,-19.4716,0,3.72,137.744,1
0,17.3115,2.3917,0,0.2226,4.4646,-12.0302,0,18.999,138.919,1
25.0663,15.347,2.5691,0.4531,0.242,3.0891,0,-6.472,6.818,129.374,1
0,10.5772,2.643,0,0.3424,16.2789,0,0,12.592,188.847,1
24.8251,0,2.487,0,0.2951,0,13.1677,0,5.583,117.374,1
34.917,17.7384,2.5484,0,0,49.8156,5.9017,-11.9777,2.47,182.982,1
17.8846,11.5883,2.1262,0,0.3368,5.9299,-4.4249,0,12.59,204.388,1
47.9063,21.4718,2.5788,0,0.2054,-40.8951,0,-12.9479,4.105,220.553,1
28.6207,13.4062,2.4654,0,0.2787,-5.8056,0,-6.9443,17.667,235.241,1
17.8982,12.9287,2.2267,0,0,14.4,0,-10.1462,9.94,171.527,1
36.714,23.9444,2.968,0,0.139,-2.4942,33.1421,0,3.686,218.981,1
26.5231,17.5449,0,0,0.1936,9.7802,-16.549,0,7.2852,243.58,1
30.787,17.5034,2.7447,0.3904,0,15.4355,19.9984,-6.8837,12.5131,130.031,1
34.7897,22.9457,2.7889,0,0,-20.0649,0,-19.9081,37.901,186.385,1
41.2657,33.7802,3.1597,0.1921,0,-13.5461,22.8156,20.0278,5.401,243.948,1
37.599,16.0897,2.6584,0,0.2367,14.2485,-10.6183,-13.5145,6.283,229.986,1
43,23.0943,2.8723,0,0.1082,16.8971,38.8226,-11.0348,8.701,187.879,1
25,15.4128,2,0,0.2706,-2.5145,-16.5203,-10.8653,1.604,206.049,1
28.7827,20.5226,3.2107,0.2368,0,5.6204,-20.9574,-11.3967,19.443,139.038,1
38,18.8031,2.6041,0,0.2045,29.4278,0,0,3.159,191.064,1
21.8354,10.8269,0,3101,0.3226,-23.104,0,0,22.266,161.717,1
18.5688,17.4605,2.3571,0.5633,0,0,0,7.6222,50.992,206.467,1
41.9922,19.0349,2.806,0,0.1459,26.4958,-28.0113,-4.4609,6.5856,199.761,1
18.8116,11.3629,2.0394,0.6176,0,6.5662,0,7.2539,23.5587,206.947,1
30.0971,18.8189,2.596,0,0.2049,-12.2893,0,-11.3324,5.572,168.145,1
39.849,29.0888,2.8942,0,0,-15.4305,0,-10.7459,5.596,231.847,1
18.9302,7.9292,2,0,0.4257,10.8255,0,3.1845,46.086,159,1
28.6641,27.0409,2.903,0,0.1248,-24.8078,-8.9981,0,39.372,179.355,1
41,34.982492,3.0243,0,0.1148,-10.1803,0,-27.8606,9.573,138.639,1
32.6852,21.498,2.8613,0,0,22.4182,0,-8.9882,8.555,203.772,1
22.7447,10.5772,2.1708,0,0.3801,13.7377,-15.9238,0,38.938,159.463,1
30.0074,18.9885,2.601,0.3392,0,-12.9886,0,0,1.912,230.836,1
13.3627,11.0122,2.4842,0,0.5198,-9.5551,0,0,12.712,138.447,1
23.9017,13.4138,2.235,0,0,-6.8082,0,-8.7307,0,189.44,1
27.6148,15.0672,2.6863,0.5244,0.2194,7.7,0,-11.135,10.061,199.073,1
37.839,0,2.4609,0,0.1951,-29.0187,0,7.1066,14.379,161.766,1
43.3537,22.9081,3.1203,0,0.1347,27.3259,-21.9077,0,8.981,0,1
35.927,0,2.7048,0,0,30.1656,-31.9858,-10.7368,13.5139,188.449,1
20.8971,16.7197,2.5676,0.4341,0,10.6711,-16.4086,7.671,34.818,117.36,1
18.6265,10.9405,2.4562,0,0,0,-7.6244,-8.9802,19.681,189.276,1
59,21.329,3.2212,0.194,0.1036,18.0994,0,17.3835,1.093,236.937,1
23.0149,12.9368,2.2899,0,0,16.9901,0,-9.9959,8.104,162.045,1
24.7404,17.0483,2.5308,0,0.2651,-0.4141,0,0,16.786,0,1
46.477,16.9673,2.6701,0,0.1424,23.6087,0,0,24.317,178.647,1
56,0,3.1353,0,0.1147,11.584,-27.7846,0,4.106,203.442,1
35.8287,23.1408,2.7332,0,0.1207,2.3554,-26.8131,8.7997,0.258,184.29,1
24.0459,7,2.4064,0,0.3382,-26.9405,0,0,4.057,196.793,1
29.2631,21.1272,2.525,0,0.1735,-27.4762,0,-13.3294,26.778,183.78,1
27.2136,18.5598,2.4393,0,0.2385,34.487,22.7269,0,10.77,137.229,1
25.1459,7.8442,2.0853,0,0.3867,-13.9203,5.3243,11.4396,29,186.97,1
26.8247,16.9494,2.6201,0,0,-2.8762,-13.7841,0,15.485,140.362,1
19.9088,6.8686,2.2412,0.6077,0,13.2987,0,0,14.816,222.524,1
34.5605,23.5113,2.5375,0.3688,0.2034,0,-10.3794,0,15.6356,138.14,1
51.2863,23.0382,3.38,0.2617,0,0,38.1401,0,1.861,235.833,1
39.7669,40.9167,3.6927,0,0.081,-55.1858,-24.1531,0,8.485,237.343,1
27,16.0941,2.634,0.4435,0.2333,3.8819,13.8477,-9.0546,42.37341,208.84,1
34.7894,16.8689,2.5468,0,0,1.2757,0,9.7997,0.364,195.966,1
21.4922,11421812,2.1915,0,0,7.8966,0,-8.9667,13.739,223.401,1
28,15.7443,2.3521,0,0.2618,1.8354,0,-15.1378,24.704,212.943,1
22.0689,12.1456,2.5653,0.5795,0.2453,-13.9491,-12.644,9.4533,39.057,162.909,1
32.6242,23.6148,2.9716,0.4102,0,0,0,-9.8952,11.88,177.261,1
0,0,2.2268,0,0.3943,-7.3155,0,-5.6103,12.077,191.539,1
29.34,17.4116,2.4541,0,0.269,-24.7868,-9.5287,9.7701,23.888,109,1
23.0188,6.5139,2.1492,0,0,9.6279,0,-4.3538,25.757,179.79,1
17.1279,11.5478,2,25.4714,0.2957,0,6.6922,4.3946,31.995,166.336,1
32.5463,0,2.8908,0,0,-26.656,0,10.8116,8.938,159.482,1
34.5855,0,2.4346,0,0,-24.9287,0,-6.9368,1.27,138.941,1
20.8684,15.2834,2.3671,0.5907,0,0,0,-7.4605,6.599,162.689,1
16.9287,12.4156,2.616,0.5892,0,0,-13.8309,5.4132,29.5261,183.358,1
24.549,19.769,2.2944,0,0,11,-10.5947,-8.9279,23.527,180.836,1
42.8028,19.3729,2.695793,0,0.1816,-39.8901,0,10.8484,2.5888,203.73,1
65.4273,26.4138,3.4099,0,0,32.5384,0,-11.9487,13.772,202.846,1
26.2633,0,2.3901,0,0.2892,-7.5231,-18.23,0,15.1435,199.463,1
33.156,18.4926,2.794,0,0,-27.5172,0,0,0.392,226.487,1
59.5687,25.9478,2.8017,0,0.1082,34,0,-6.4698,3.3522,224.855,1
32.7892,21.5964,3.0586,0,0.1332,23.6847,0,-9.8017,2.0934,186.561,1
25.3974,17,0,0,0,12.0397,0,-13.6339,10.883,223.662,1
20.0473,9.7899,2.2964,0,0.3383,16.9472,0,-6.5353,50.496,187.801,1
20.8245,12.9204,2.2584,0,0.2937,9.7255,-16.099,0,45.645,117.27,1
0,7.3344,2.5728,0,0,-5.8144,-8.2756,4.2601,34.312,229.83,1
0,0,2,0,0.2448,8.4667,14.3117,0,4.1563,162,1
23.9348,15.4838,2.3028,0.4072,0,0,0,6.9073,12.2422,189,1
26.9143,19.4923,2.6637,0,0.1605,27.7493,20.2924,0,34.1492,154.153,1
30,10.3695,2.3493,0.5017,0,-18.0785,-15.8484,0,11.451,154.666,1
52.7896,14.3092,3.1855,0,0.2037,33.2401,33.0034,0,2.859,238.629,1
27.9081,21.8946,2.5347,0,0.2035,-27.6744,-16.0587,8.0278,11.4925,155.997,1
29.4999,20.0277,2.7846,0,0,-15.0394,-21.6092,0,5.668,235.79,1
49.6149,27.3946,3.2393,0,0.135,-29.2621,-30.8168,0,4.0385,241.648,1
29.2878,19.6947,2.48,0,0.2029,6.5866,-17.8253,-14.3087,17.939,223.061,1
19.3149,17.3864,2.5962,0,0.2976,0,0,-6.8162,39.335,138.584,1
21.2338,16.5139,2.2655,0,0,11.1314,0,0,7.491,166.377,1
57.2412,35.2613,3.0233,0,0.1134,0,-40.2936,-28.0939,5.574,255.271,1
13.839,9.2377,2.4766,0,0,0,-4.9179,10.7016,18.501,171.343,1
24.8181,0,2.39,0,0.3427,14.241,0,0,27.812,182.485,1
18.3336,0,2.1286,0.5437,0,14.85,7.9796,0,88.3904,201.296,1
22.7387,12.0663,2.4789,0,0.2962,3.6,-18.9444,-10.9474,35.054,160.501,1
25,16.7549,2.490737,0,0.3126,-14.5262,-17.3382,0,5.629,133.584,1
77.2758,35.8395,3.2935,0.1204,0,25.8878,0,0,2.572,299.014,1
19.849,17.1538,2.4191,0,0.2655,-17.0496,-13.5794,-5.9368,21.295,180.801,1
51.4814,25.4194,3.052,0,0.1377,23.5667,0,-7.9062,11.388,212.684,1
58.5295,26.917,3.0459,0,0,-3.0981,60.6092,-20.6839,4.214,251.679,1
0,19.8442,2.5999,0,0.2322,2.7694,15.8271,13.0481,8.7111,135.433,1
20.9072,9.3855,2.0851,0,0,-15.7,-11.3265,3.6845,2.39,191.986,1
34,23.4814,2.832,0,0.1696,16.9204,0,-12.6607,3.371,205.582,1
19.5658,0,2.4464,0,0.2862,0,10.9077,0,45.518,117.519,1
18.9409,10.1654,2.3393,0,0.4262,-17.1206,0,-11.6792,7.89,183.442,1
27.3298,16.2708,2.804,0,0.2047,0,11.5017,0,9.9413,195.847,1
35.2414,17.0574,2.57636,0,0.2435,-21.189,15.3055,-4.6018,40.827,160.447,1
27.6194,21.8146,2.7395,0.3856,0.1347,-14.9859,0,0,8.356,207.397,1
34.3936,19.3322,2.4639,0,0.2535,-27.9669,-23.4138,0,4.296,189.494,1
23.6789,14.5179,2.391755,0.5605,0,6.6567,0,0,8.29,188.861,1
32.5276,14.7287,2.5231,0.3988,0,7.6853,19.2787,0,16.331,171.942,1
43.7802,0,2.8542,0,0.1543,0.999,-29.8476,0,13.796,206.342,1
27.9837,16.4362,2.6758,0,0,-0.5368,21.8457,0,6.583,201.245,1
23,21.5585,2.4338,0,0.2219,-10.1563,0,9.2438,16.8969,76.8231,1
0,14.0774,2.4544,0,0.3529,11.6294,0,0,23.554,200.055,1
42.8,10.2653,2.1351,0,0.2894,-2.5565,41.8079,0,10.573,182.912,1
66.1331,18.5593,3.1553,0.2896,0.1417,49.667,44.8245,-12.9483,8.514,228.582,1
30.7047,13,2.274481,0.4432,0,-8.5016,15.0946,0,11.998,186.394,1
31.2787,18.0274,2.7944,0,0.212,-14.5447,0,-7.3155,11.993,162.451,1
18.4885,10.5667,2.0874,0.8226,0.3623,5.3825,-5.2955,6.7969,32.582,183.164,1
28.9151,9.789812,0,0.4933,0,6.9279,20.5172,5.9017,46.266,162.371,1
25.8,9.3272,2.2213,0,0.3373,-1.6646,0,0,25.157,168.305,1
21.1641,7.9063,2,0,0.3863,-22.5673,0,3.5949,28.0834,179.734,1
42.549,23.2941,3.0661,0.2639,0,21.799,0,8.9082,0,225.441,1
44.8686,17.8226,2.9983,0.3685,0,-27.5366,-34.6703,12.8497,4.355,183.727,1
28.4604,19.9462,2.4905,0.6294,0,0,-12.3692,-10.555,53.389,139.963,1
32.2975,16.7404,2.7493,0,0.1173,-24.1359,0,-8.8122,27.44,139.948,1
32.3138,12.693,2.5851,0,0,0,17.5986,-4.1364,1.246,226.332,1
41.2399,11.4496,2.4166,0,0,-16.4729,-17.1539,0,12.899,0,1
39.2421,0,3.06,0,0.1055,14.8951,0,6.2742,24.6685,180.401,1
34.0277,15.2407,2.6494,0,0.2242,0,0,10.4022,13.487,138.389,1
32.8906,21.2106,2.7852,0,0,8.8998,17.5449,0,18.453,155.373,1
30.5484,22.6522,2.5676,0,0.1544,-25.3274,-23.4593,-19.3617,15.402,159.357,1
21.2132,16.8249,2.4393,0,0.2383,-25.5498,-19.0897,0,25.135,186.289,1
12.1259,11,2.2282,0,0,0,-7.1702,-8.6828,23.924,196.998,1
23.9442,21.9462,2.639,0,0.2348,26.7351,0,0,29.181,187.59,1
39.6207,23.1159,2.7923,0.2616,0,-12.2419,-22.7785,0,4.585,230.89,1
22.679,7.4157,2.5179,0,0.3379,15.8389,0,11.5019,12.369,181.961,1
37.1562,7.7592,2.6263,0,0.2851,-26.9238,0,0,4.489,193.147,1
25.4257,17.9113,2.406,0.4236,0.2449,0,9.9918,0,33.7492,160.389,1
21.5843,16.0536,2.5752,0.4234,0,13.4798,-13.9348,0,5.779,138.973,1
32.576,15.4281,2.7882,0,0.1692,-14.6607,0,0,7.089,166.93,1
24.9151,12.4281,2.5792,0,0,-14.3311,11.0956,-2.8099,7.261,0,1
42,19.1836,2.8019,0.2844,0.1573,-0.5575,0,11.0683,8.571,187.138,1
28.0186,21.5026,2.889,0,0.1539,14.1053,0,0,12.914,117.793,1
19.3059,0,2.1347,0,0.5226,16.4281,0,6.1703,48.28,195.497,1
50.8494,24.9287,2.8943,0,0.1391,47,-40.9078,22.3146,12.946,182.391,1
33.6143,18.1032,2.7694,0,0,44.8668,0,0,3.056,208.089,1
18.6714,11.0394,2.5172,0,0.3454,15.6299,0,5.801,23.181,122.786,1
19.5851,17.8226,2.6444,0.6686,0.2689,0,9.2795,0,16.063,177.461,1
0,17.6828,2.644,0.4847,0.2049,0,9.8484,13.9945,5.0657,195.661,1
32.0879,20.5481,2.8873,0,0,0,0,-7.0501,11.692,147.403,1
104.47,52.0608,4.3059,0,0.0997,-37.1021,-91.5863,-23.0778,2.817,299.468,1
21.2715,0,2.1659,0.657,0,0,0,-0.0001,62.549,170.833,1
74.9062,27.0206,3.5094,0,0.0887,54.7395,60.3985,-15.2467,5.45,291.28,1
44.897,17.5,2.5866,0.3879,0,0,0,-9.4241,14.356,180.738,1
24.9041,18.2867,2.7875,0.3088,0,0,-10.5481,11.4157,19.078,186.339,1
35.8482,17.1071,2.5478,0,0,-21.1546,-22.6196,0,3.389,187.663,1
21.9081,10.6968,2.3364,0.6067,0,18.2727,18.0276,-6.0175,58.298,126.038,1
23.3928,12,2.5742,0,0.3037,0,-16.7453,0,14.755,163.368,1
47.3532,24.5565,3.0471,0,0.1337,37.9348,-12.2898,0,8.738,224.783,1
20.9754,15.4795,2.3922,0.5868,0,-16.4273,-11.224,0,53.959,194.334,1
74.529,25.6957,3.07,0,0.156,-8.1278,-33.1287,-23.7708,9.471,305.938,1
40.8683,23.6103,3,0,0.1392,-0.5676,35.7149,0,4.597,230.011,1
0,20.2537,2.7799,0,0,-0.4592,-23.9885,-7.4123,6.973,176.276,1
55,24.0683,2.732,0,0.1462,-7.7105,0,-19.9923,2.931,242.451,1
80.4346,29.6914,3.0676,2201,0.1363,-52.9846,0,0,4.324,0,1
33,20.8088,2.4931,0.4353,0,-16.6646,-19.2984,-10.0253,37.38,141,1
29.7697,14.2335,2.8017,0.4761,0.2589,0,0,-4.5676,18.972,160.53,1
37.6457,16.8041,2.4489,0,0,5.6936,-21.9143,0,13.0609,236.971,1
34.9292,16.6041,2.5688,0,0.3171,0,-21.8179,-9.5152,8.616,0,1
26.6349,18.8497,2.6494,0.385,0,0,-17.7351,12.3327,6.7785,157.245,1
23.9162,0,2.2624,0.6427,0.3181,4.5474,-13.6339,0,4.475,133.062,1
29.585,20.9777,2.5571,0,0.2076,9.9078,-17.4813,-7.5486,8.4933,138.436,1
22.7992,0,2.38,0.4231,0.2591,5.4183,-14.5447,0,35.827,188.436,1
28,10.6299,2.5366,0,0.3783,5.2411,12.0848,0,23.899,180.977,1
0,11.917,2.5455,0.5921,0,15.7384,0,6.8818,1.81,137.4,1
19.2957,7.6196,2.193086,0,0.4089,-23.3815,-16.5308,-6.6207,35.886,177.144,1
29.087,9.4,2.5231,0.4175,0,1.9162,0,3.4971,25.586,160.444,1
37.6933,18.9452,2.6837,0,0.2163,-16.417,0,-6.8482,10.231,200.152,1
33.714,16.8273,2.6248,0.312,0,-14.8983,-12.1048,0,13.3784,159.67,1
46.3891,23.8383,3.9457,0,0.1032,25.8054,-24.5113,0,0,188.949,1
12.0145,9.4241,2.2788,0,0,-14.3128,-7.491,0,24.927,181.346,1
28.8476,19.8038,2.7445,0,0.1776,15.2967,13.9777,0,4.146,180.565,1
41,30.9452,3.0616,0,0.1403,-18.8482,-25.5557,14.2447,3.283,191.449,1
35.5667,0,2.6723,0,0.1895,-32.2758,-17.2687,0,15.6241,166.262,1
22.7926,1824.8358,2.5904,0.3901,0,0,-10.2755,0,4.354,171.876,1
21.6767,15.8998,2,0.5194,0,7.2174,0,0,45.869,187.383,1
36.5179,17,2.5883,0,0.1942,33.7,0,-6.6852,8.936,189.919,1
0,0,2.743593,0,0,23.7368,28.0994,-10.5885,4.3498,227.297,1
34.9969,24.5172,3.015,0,0.0983,8.9143,-16.0259,0,7.918,205.639,1
50.0065,38.4767,3.0541,0.1733,0,-47.0778,0,0,2.971,233.668,1
25.9443,17.5498,2.582,0,0.1805,3.4669,-15.8371,0,14.353,206.97,1
22,12.8245,2.4354,0,0.2238,0,0,5.4273,27.8951,190.576,1
26.801,17.307,2.5478,0,0.2344,3.6663,-11.571,-8.6279,8.936,180.296,1
59.3093,19.407,3.2051,0,0.1246,0,51.7705,0,12.039,245.967,1
21,10.8862,2.2856,0.5547,0,23.4208,20.2327,0,11.581,189.141,1
71,28.6899,3.8296,0,0.0675,-1.4371,45.1523,-17.8598,7.345,235.076,1
19.9204,17.3923,2.5548,0.4463,0,9.8122,-16.8139,0,49.576,189.334,1
19.9483,16.8286,2.4058,0,0.2491,-13.0874,0,0,14.501,163.392,1
23.1093,14.3267,2.5961,0,0,0,-13.0487,-7.0908,8.66,161.762,1
24.5179,12.6123,0,21.0861,0,0,0,-10.7443,26.778,28.4175,1
33.5447,17.8,2.6021,0.3557,0.1858,0,-16.4561,-8.0607,46.753,182.862,1
34.2381,12.9107,0,0.3032,0,-6.0712,-15.7105,0,7.71,194.541,1
22,10.1219,2.5294,0,0.3055,13.8461,14.0549,0,27.932,184.791,1
0,19.5676,2.4175,0,0,26.8029,-14.354,12.899,21.361,212.649,1
27,20.4116,2.3747,0,0.2073,31.0121,0,-10.616,12.5588,177.031,1
41.7556,21.4943,2.7447,0,0.1404,30.1655,0,-13.3364,5.451,177.442,1
28.5353,16.979,2.3711,0,0,14.7368,0,-5.6015,38.242,136.026,1
41.0394,19.4646,2.6299,0,0.1687,-13.7238,-30.5278,0,1.685,196.442,1
18.4183,13.8309,2.42,0,0.3547,-12.7889,-11.0125,7.801,25.107,214.395,1
35.9393,28.6149,2.8774,0,0.1239,0,-29.9287,-7.7827,4.075,204.047,1
13.1801,10.3516,2.454,0,0,17.9393,0,-11.9368,41.055,179.242,1
28.8245,0,2.671,0.3959,0.1206,0,-18.9802,8.0191,1.669,138.41,1
25.4273,13.3572,2.5714,0.5534,0,26.9408,14.293,-10.0044,20.752,176.078,1
19.343,11.9,2.1746,0.749,0,13.4377,5.0825,-5.6365,0.77,188.952,1
18.7197,7.8255,2.2068,0,0.5484,14.3592,0,0,13.819,179.844,1
28.8245,16.1835,2.6529,0,0,-8.7443,0,0,11.588,118.942,1
20.6395,18.490165,2.4188,0.4871,0,17.7372,0,-11.2338,19.76,117.579,1
30.0085,20.8383,2.6849,0,0.1691,5.0485,0,0,19.319,166.629,1
27.8454,0,2.5978,0,0,-1.5676,0,10.0591,53.182,182.937,1
29.3363,10.5932,2.6018,0,0.2676,-12.8116,0,0,28.375,117,1
33.3379,18.5105,2.9112,0,0.1346,-11.924,0,-8.5593,12.519,162.255,1
24.1555,0,2.4464,0.4265,0,-15.0599,0,0,39.171,138,1
43,28.0459,3.0035,0,0,1.1447,0,19.6897,4.593,159.864,1
33.7105,0,2.3729,0.3673,0,-39.5688,-21.263,0,2.739,196.696,1
28.3371,10.8457,2.48,0,0,-13.8497,0,-10.4566,17.582,223.068,1
31,16.6927,2.7029,0.4096,0,8.4265,0,0,3.602,191.66,1
12.5,10.7788,2.180951,0,0.4021,-14.263,-7.0027,10.9668,16.382,212.841,1
16,11.8457,2.5647,0,0,0,0,7.2548,48.9,189.295,1
27.8162,15.2651,2.5296,0,0.1947,9.4863,13.3681,0,7.932,151,1
26.5231,15.3568,2.3691,0,0.2279,8.7404,0,0,5.5686,199.97,1
29,14.2327,2.5653,0,0.1782,18.6947,0,-8.0402,43.079,203.985,1
20.8579,14.6149,2.3974,0,0,16.7116,9.9919,0,13.894,189.861,1
25.9773,0,2.5549,0,0.1712,-1.8695,7.0336,0,13.489,160.871,1
34.9968,21.2394,3.1337,0.2944,0,-25.7867,0,14.4908,15.739,200.147,1
34.8716,19.2,2.6669,0,0.2286,-13.886,31.1701,-10.6703,34.714,199.087,1
39.3066,21.1578,2.6971,0.336,0,-17.5827,-17.5353,9.6149,14.182,182.984,1
29,18,2.5571,0,0,10.8494,0,0,4.334,171.346,1
35.2963,13.3547,2.8497,0.42,0,-17.6748,-10.6138,0,0.259,201.276,1
63.8596,15.6176,2.903031,0,0,-56.7351,0,-10.5145,3.797,245.648,1
33.1562,15.9076,2.3589,0,0.1934,-49.3294,0,-6.6581,7.483,189.684,1
21.2706,15.6768,2.7139,0.5538,0.2434,-21.0971,-11.549,0,19.77,200.152,1
24.6194,17.3532,2.6269,0.3463,0,-16.8255,-10.3797,0,3.937,146.669,1
13.4868,10.2107,2.3139,0,0.3783,14.091,0,0,24.789,159.387,1
26.98,18.749,2.5321,0.474769,0.2484,-9.6207,-16.8113,0,23.66504,126.716,1
23.7449,17.3548,2.6093,0,0.2422,-13.0496,-17.4749,0,27.085,138.347,1
36.8387,15.3263,2.6669,0,0,-12.7368,-35.596,8.4385,14.979,182.833,1
51.4351,0,0,0,0.1247,23.8082,43.6826,0,0.085,204.974,1
43.5582,15.9405,2.8296,0,0.1642,-12.6256,38.3033,10.1572,8.679,227.791,1
39.3124,23.6858,3.0626,0,0,9.9162,0,-15.2347,1.939,194.846,1
47,23.3444,2.7549,0,0.1404,-25.4161,0,5.8484,8.9867,212.362,1
51.5287,35.4792,2.8902,0.2826,0,0,0,-24.8255,1.366,240.331,1
28.5941,15.9804,2.5484,0,0.4208,0,0,-9.9409,31.892,201.473,1
14.69,6.3676,2.1865,0,0.479,13.8249,0,0,47.292,0,1
19.417,10.6484,2.2401,0,0.3821,15.5272,0,7.5179,24.0689,219.046,1
23.2585,16.0717,2.5539,0.3901,0,22.9593,15.0651,-13.8457,0.586,198.477,1
66.8146,39.916,4.1456,0,0.0684,-2.6852,47.4355,11.6395,5.747,230.07,1
35.8176,18.6201,2.644,0,0.1757,-21.4265,0,-12.9886,1.799,180.26,1
21,10.601,2.3021,0,0.2988,-17.5164,-9.8108,-4.9174,16.2787,158.759,1
30.517,21.0856,2.7239,0.3074,0,15.0041,0,0,8.601,189.958,1
26.4795,18.2327,2.6235,0,0.2103,-9.9405,0,3.6516,11.057,187.256,1
21.0773,17.3735,2.5551,0,0.2976,-25.5486,11.5736,-8.9905,43.92,202.44,1
46.5528,0,3.0145,0.2785,0.1712,13.6977,42.5294,-10.8139,5.44,186.684,1
13.181,10.6784,2.3738,0,0.3532,12.1462,9.0526,-11.4517,17,235.586,1
24.7116,10.4415,2.6586,0,0,0,20.7698,0,1.89,201.644,1
23.2668,17.85,2.5314,0,0.2036,-17.4824,-16.1665,0,43.549,166.71,1
26.9861,10.0682,2.5308,0,0.3344,20.38,19.6703,-4.4241,11.153,196.972,1
78.4257,24.5772,3.0189,0,0.1392,-28.5484,0,0,1.5563,282.09,1
23,16.302,2,0,0.2953,-2.1536,-11.24,0,45.759,213.866,1
30.3537,16.8698,2.5687,0,0,0,0,-9.8309,14.138,180.431,1
20.5852,11.0476,2.0593,0,0.3879,-9.5262,-16.1892,7.0936,3.2342,187.031,1
35.2593,0,2.9206,0.308,0,-35.3948,-20.9863,-9.1689,4.056,209.791,1
18.9989,17.05,2.4401,0,0.2773,22.7384,-9.8125,0,7.97,66.8497,1
24.1839,11.4303,2.7395,0,0,0,-10.9408,0,22.804,197.271,1
106.812,33.3156,4.2484,0,0.0842,-70.3243,74.5179,0,1,297.883,1
18.9253,0,2.3664,0,0.3043,8.0676,21.8146,-6.4271,12.932,166.738,1
25.5776,11.3304,2.2095,0,0.2505,0,0,7.4116,14.107,159.7,1
22.1025,12.6949,2.5647,0,0.3152,0,-13.8092,0,29.6851,194.245,1
22.3853,0,2.3483,0.6505,0.2214,9.7395,16.2419,-12.2737,23.1887,145.544,1
25.9462,14.1651,2.4354,0.5067,0,0,0,11.2712,8.588,188.947,1
39.5265,18.3282,2.8944,0,0,-5.5289,-25.585,0,11.524,207.962,1
12.0775,10.7348,2.1899,23.5964,0.3692,11,-8.9279,0,16.441,190.496,1
26.6248,23.9802,2.6612,0,0.1652,46.6221,0,0,14.512,185.552,1
57.6186,28.71,2.8969,0,0,-57.5605,37.1278,0,2.8896,254.834,1
33.9287,0,2.98,0,0.1429,18.6604,31.7802,0,5.91,229.135,1
12.5145,10.3155,2.2853,0,0.4908,15.4141,-2.7168,0,42.376,168.278,1
31.4332,19,2.4654,0,0.1305,-28.0174,-17.9368,-14.3298,6.612,204.231,1
22.0206,16.5587,2.5496,0,0.3115,0,-12.4153,0,7.72,117.779,1
0,13.3919,2.3766,0,0.2377,4.0175,0,10.452,44.0718,163.086,1
53,28.5584,3.0047,0,0.1489,-39.9593,29.5605,12.8017,4.691,241.011,1
22.4332,16.4562,2,0,0.295,-23.9402,-16.9078,0,12.82,139.012,1
27.849,23.0498,0,0,0.1892,-33.3865,0,17.8442,7.582,129.927,1
17.2021,10.6405,2.2903,0,0.4844,3.6832,-2.2759,0,53.85,159.801,1
28.171933,25.1404,2.6816,0,0.2125,44.1398,22.0496,-15.0874,2.107,138.835,1
59.4577,27.7997,2.987,0,0,5.6872,0,-9.8849,4.753,244.862,1
30.549,14.3664,2.6263,0,0.1941,8.2918,0,-8.1205,36.887,189.437,1
27.4587,18.9368,2.4853,0.4667,0.2399,22.7272,0,-6.7493,12.9292,189.837,1
18,7.6884,2.27,0,0.3897,-12.8296,-15.8484,-6.774,37.695,186.866,1
22,16.3395,2.5431,0,0.2638,-1.8125,14.6103,-9.1707,5.49,186.441,1
20.397,6.5276,2.0663,0.7516,0,0,9.9462,-6.5933,13.266,196.032,1
28.4577,17.6,2.3961,18.1188,0.212,-0.6812,15.3098,0,8.498,137.401,1
22.9,16.4882,2.5712,0.4901,0,-4.6339,-24.7407,-10.8497,10.006,162.436,1
47.9443,28.7368,3.0727,0,0.1359,-26.0994,0,14.7299,10.007,231.948,1
51.6335,28.8267,2.785,0,0,12.7539,-14.9478,-12.0496,3.0918,180.432,1
34.9581,19.5667,3.1773,0,0,0,0,8.5353,13.789,212.88,1
40.3862,28.4271,3.0904,0,0.1339,-26.9082,0,-15.9918,19.147,189,1
25.8476,10.8273,2.4735,0,0.3376,-0.5368,-14.2546,0,20.6908,139.866,1
22.5486,10.9409,2.554579,0.5173,0,6.4262,20.8497,0,39.3888,189.774,1
24.917,17.3981,2.5384,0,0.2473,5.6814,0,-11.0348,18.816,179.832,1
50.3962,29.8683,3.0252,0,0.0906,37.5592,0,0,14.801,229.79,1
42,39.4828,3.2662,0.1856,0,36.0278,24.817,-19.5605,1.636,212.448,1
23.2942,12.0823,2.4465,0.4766,0.258,0,0,-5.0673,14.161,154.971,1
66.6998,39.5244,3.3728,0,0.0955,44.4265,0,0,0.9292,250.831,1
28,17.6128,2.5682,0.4477,0,-9.1258,-11.2898,5.0518,31.088,199.39,1
28.1225,16.2889,2.7889,0.4163,0,-24.0859,19.4646,8.2434,1.24,158.479,1
33.0031,25.7493,3.01066,0,0.1345,15.0291,0,0,2.681,158.778,1
30.8874,18.2667,2.5079,0,0.2402,5.0151,0,0,14.686,0,1
21.1808,16.5688,2.6069,0,0.2201,-5.9017,18.2479,-12.7836,38.727,117.332,1
0,17.088,2.642,0,0.2577,-2.4116,-17.0336,0,39.812,204.552,1
29.376,19.1815,2.5949,0,0.2453,17.4717,18.2788,0,20.917,183.26,1
27.9771,19.4866,2.5964,0.4138,0,12.154,23.9491,0,25.05,148.867,1
22.9081,18.3675,2.5691,0,0.2211,7.6539,-14.1857,-10.385,23.1541,139.015,1
26.8181,0,2.3664,0,0.2382,-17.8989,0,-11.999,8.784,203.283,1
36.9115,24.5129,2.855,0.2442,0.1232,28.7867,34.2765,0,7.749,154.374,1
52.9876,16.1894,2.789,0,0,-17.2746,0,0,4.2835,189,1
28,19.549,2.6463,0,0.1833,-26.8951,-14.9777,-10.9382,37.629,212,1
20.0841,12.8892,2.5999,0.5781,0,15.3561,-19.8387,0,10.23,189.93,1
26,12,2.5632,0,0.2695,28.9462,0,-7.0574,2.67,181.063,1
56.6196,23.8354,3.1665,0.4713,0,59.3102,0,-19.5527,4.704,264.456,1
43,27.1413,3.0291,0,0.1276,19.7459,37.1655,0,4.9073,268.451,1
31.417,14.5802,2.3181,0,0.2795,0,-14.5686,0,8.132,195.438,1
45.7452,21.7597,2.6564,0,0.1944,-39.4914,-26.0184,-9.7703,3.243,189.364,1
26.6786,16.6069,2.3057,0.4581,0,0,19.8989,0,12.885,137.596,1
25.016,12.2917,2.5912,0.4516,0,-21.0769,-6.5226,-7.7572,31.3799,133.435,1
19.6834,7.4835,2.42,0,0.3943,0,0,-7.8156,33.067,187.164,1
31.8876,10.7269,2.4338,0,0.2443,-14.4902,0,-5.9082,26.712,185,1
30.2982,0,2.6971,0,0.1667,13.6047,-20.4919,0,3.869,208.724,1
25.5447,16.3249,2.4108,0,0.2591,-22.9984,-12.6154,-13.2455,41.473,208.071,1
28.7802,21.9673,2.5999,0,0.1792,-14.6595,-21.2664,0,18.2982,94.8131,1
49.7296,26.3315,3.1992,0,0.1676,0,47.8176,0,7.657,211.871,1
17,15.8998,2.2467,0,0,-1.5231,-13.0586,6.8497,11.639,180.431,1
37.2836,0,2.4969,0.5237,0,14.7236,0,0,8.982,160.844,1
58.0596,0,3.1039,0,0.1486,0,-45.8666,10.9087,2.696,194.683,1
19.0928,6.224,2.48,0.616,0,0,13.0476,0,26.901,198.28,1
0,19.9238,2.6748,0.5686,0,22.0185,14.0706,9.6568,5.266,182.03009,1
0,17.5776,2.593942,0,0,-28.1674,24.4609,-7.4698,2.496,230,1
16.3155,11.2665,2.5447,0,0,-13.2919,0,6.8231,39.449,171.402,1
0,9.8359,2.4793,0.785,0.4383,11.8168,0,-6.9597,4.612,204.296,1
48,18.5673,2.7462,0,0.1445,34.9856,24.8099,0,14.446,177.252,1
57.3243,17.4208,2.7892,0.2484,0,0,0,-10.3717,2.89,206.998,1
31.7936,14.3362,2.4042,0,0,0,-19.4811,0,22.656,156.277,1
18.1293,12.0146,2.6248,0,0.3155,5.0663,9.9017,0,43.7889,206.878,1
34.6536,17.7992,2.4573,0.4346,0.2537,13.9861,18.7585,0,11.682,159.939,1
43.7121,17.9203,2.596,0.3598,0.1757,26.9287,0,-7.5931,13.919,0,1
26.4537,15.2857,2.6742,0,0,-11.7853,0,0,16.483,171.942,1
27,15.2962,2.6675,0,0.2393,-27.9081,0,-14.2648,5.588,191.881,1
20,13,2.4139,0,0.2441,-0.5353,-21.0678,-4.2368,17.934,162.865,1
23.4067,11.3382,2.5528,0,0.3043,0,-16.4749,-6.5584,13.898,166.935,1
38.9114,20.0494,2.742405,0,0.2349,-25.7537,0,12.3851,4.601,203.342,1
28.8354,20.4385,2,0,0.2267,0,-17.5179,0,18.771,0,1
19.6269,17.5853,2.4749,0,0.2634,-12.8692,0,0,53.794,208.997,1
82.4338,27.5686,3.1201,0.2364,0,-15.0609,0,11.9984,4.485,245.938,1
34.9,26.979,2.7132,0,0.1213,-10.6934,-18.4116,12.3249,24.885,138.389,1
12.9204,0,2,0.7924,0.4422,7.3868,-15.7997,0,7.732,211.365,1
62.5943,22.8251,2.5276,0,0,-56.2978,-19.0851,8.9462,16.827,235.888,1
25.769,16.0581,2.637,0.4184,0,-1.9348,0,0,3.016,159.759,1
30.8833,9.5906,2.547,0,0.2827,-2.6894,23.6015,0,17.818,195,1
30.0394,21.9688,2.693783,0,0,-0.8989,0,7.6154,3.097,194.98,1
20.334,16.2924,2.5359,0,0.2821,3.0845,-6.7988,-9.3905,23.42,189.448,1
28.1541,16.2793,2.6955,0,0,-25.1219,0,15.9454,16.686,188.173,1
46.6196,0,3.3374,0.2105,0.1032,44.3762,0,0,12.7078,235.154,1
12.7449,10.7094,2.4609,0,0,-12.5461,0,9.1267,19.579,155,1
34.6927,19.6744,2.6149,0.479,0,-26.2482,-11.7142,12.6365,9.579,230.427,1
81.6365,22.4123,2.774,0,0.1383,-41.79,38.8269,-14.7277,3.447,251.942,1
19.2328,18.927,2.4393,0,0.2241,-2.3564,-11.056,0,12.379,196.022,1
41.4826,0,2.4914,0,0.2887,45.0607,-20.1055,0,1.296,231.444,1
34.8494,18.7493,2.2589,0,0.2228,-14.6274,0,-5.3531,25.72,227.163,1
65.7017,0,3.2541,0,0.0601,35.5056,55.5453,0,4.5011,262.29,1
17.179,10.9373,2.3243,0,0,25.6493,-7.1201,-5.8145,14.394,162.471,1
21.7276,17.0123,2.4744,0,0.2535,30.4957,0,0,36.458,188.977,1
18.5802,10.9826,2.1735,0,0.4895,0,6,0,12.699,194.285,1
22.4581,12.5463,2.3414,0,0.3191,6.8231,0,10.8151,11.3942,184.644,1
21.049,7.0591,2.5647,0,0.3861,0,-11.2341,0,3.6258,148.229,1
47,26.9777,3.046,0,0.1203,-4.1428,0,0,0.539,240.767,1
28.8226,19.1812,2.6258,0,0.2033,0,0,0,13.714,235.665,1
0,12.9886,2.5962,0,0.2738,8.6349,-13.3531,9.7459,15.469,229.574,1
14.8894,9.8956,2,0,0.3767,3.0397,-6.1554,5.0177,23.281,182.692,1
12.6871,10.0851,2.3243,0.7198,0,4.4746,-6.8919,-10.9383,40.229,186.485,1
89.4157,30.9143,3.3922,0,0.1033,49.0841,0,0,5.712,291.266,1
21.0974,11650162,2.6299,0,0.2408,0,12.0459,0,16.701,187.884,1
36.5541,15,2.7703,0,0.1391,-2.4232,0,14.5165,4.892,230.037,1
63.9851,25,2.746,0.2617,0,-68.0766,0,-14.9238,3.134,225.588,1
26.0657,12.8442,2.6544,0,0.2448,-0.0651,-9.0923,9.97,20.712,186.472,1
29.0764,18.6932,2.5329,0,0.2091,0,0,1.9804,10.228,171.275,1
28.0271,18,2.6426,0,0,-2.4232,-19.9081,0,7.767,189.35,1
38.7887,13,2.6548,0,0,-25.3931,0,0,14.8672,189.03,1
19.5856,12.6994,2.4222,0,0.2926,23.8113,-14.1367,-11.1833,24.394,195.539,1
20.0394,17.9981,2.4166,0,0.2087,26.9279,-17.4926,11.7642,36.1055,200.536,1
22.27,16,2.4578,0,0.2056,22.4396,0,-7.8269,19.669,196.531,1
51.1648,33.3811,3.3065,0,0.1015,-66.9479,-42.6928,21.1473,7.27,231.801,1
27.9886,9.661,2.2788,0.5582,0.2126,-15.3884,-11.2595,-5.6279,32.279,138.373,1
23.099,11.5446,2.3054,0,0,0,15.0735,0,7.788,159.021,1
22.2636,11.6786,2.5328,0,0,0,15.6015,-8.6961,5.274,189.971,1
22.7271,16.0496,2.4273,0,0.2269,-29.8116,17.4716,0,13.2767,126.847,1
27.319,16.307,2,0.4346,0,21.7387,0,8.8132,15.98,191.103,1
22.1665,16.6748,2.3944,0,0.2541,0,20.661,10.5051,26.759,171.363,1
36.0297,23.8454,3.0235,0,0.1282,-37.7709,39.4262,-8.6946,2.8938,226.651,1
21,16.5441,2.2135,0,0,0,0,-14.1836,15.82,138.944,1
45.8476,24.4605,3.4061,0.216,0,29.1271,35.1038,0,10.6622,140.479,1
18.7741,11.2962,2.2412,0,0,0,13.6339,-5.1563,26.262,117.876,1
30.6933,21.9073,2.6528,0,0.1558,24.717,0,0,3.88,203.837,1
75.1462,33.6846,3.3014,0,0,-36.9834,0,23.9078,6.938,278.844,1
37.295,29.3891,2.9069,0,0.1509,-5.2541,0,-8.8984,4.139,159,1
12.5152,11.0966,2.1699,0.648,0,14.3936,-6.7282,0,31.089,164.972,1
27.8136,18.7569,2.8071,0,0.1493,-8.4527,-15.3787,-10.7277,23.766,245.255,1
20.3462,0,2.0955,0,0.4533,14.8497,-9.2789,7,19,168.051,1
81.5484,37.3276,3.0481,0,0.0897,-12.1473,0,19.6385,5.286,294.476,1
18.1623,11.0122,2.5017,0,0.2938,0,6.624,-9.5105,25.432,171.81,1
19.6822,15.0891,2.4338,0,0.2479,7.8017,0,0,9.959,117,1
24.5276,15,2.5792,0,0.3122,20.4907,0,0,11.824,126.766,1
26,16.3687,2.7889,0,0.1761,-0.7772,0,-6.8811,17.459,176.939,1
29,16.1463,2.6299,0.3787,0,5.8247,-16.5536,0,21.048,138.291,1
65.0169,31.7579,2.8859,0,0.1499,-66.2402,-43.9777,0,3.818,260.481,1
18.8876,10.9368,2.4346,0,0,0,-7.5203,-9.0774,16.4485,194.836,1
60.5257,20.6959,2.6299,0,0.1348,-1.2138,-30.6798,12.4738,3.586,250,1
31.9136,17,2.3811,0,0.2215,-2.7642,-24.0973,0,3.293,182.917,1
20.1383,10.6349,2.4738,0,0.269,0,9.5491,0,8.278,0,1
23.3351,11.5695,2.3064,0,0.2485,0,0,-10.4896,20.89,161.587,1
24.2862,14.2651,2.6924,0,0.3055,-23.4262,11.6835,-7.9667,28.939,180.48,1
13.3695,10.7012,2.0855,0.7898,0,4.8497,-5.0112,-6.9558,46.753,193.588,1
12.5945,0,2.1713,0.6596,0,19.2631,8.0266,11.5832,27.183,151.898,1
29.049,10.4604,2.6435,0,0.3194,-21.8904,-15.6955,0,53.065,138.144,1
43,0,2.6427,0.4231,0,10.3945,0,4.4929,1.781,136.901,1
19.8269,10.5956,2.3201,0,0.4378,15.8786,-9.5955,0,16.029,168.947,1
12.5495,10.2985,2.4354,0,0.4244,0,0,-11.8484,31.396,187.793,1
22.0999,16.4157,2.3927,0,0.3012,9.8176,15.7705,6.4768,23.369,188.801,1
13.45,10.6018,2.5412,0,0.3308,-13.9174,-5.6946,11.2793,37.82,166.871,1
82.8683,34.9921,3.5814,0,0.0895,-29.1541,0,17.6812,6.393,205.462,1
27.914,12.9989,2.4378,0,0.2551,11,-9.7742,0,8.901,211.612,1
35.749,0,2.6599,0,0,-31.4527,0,7.2867,13.056,199.873,1
26.52,17.2418,2.639,0,0.2336,0,15.508,0,27.4917,200.847,1
21.4849,0,2.3851,0.5047,0,6.0761,-18.398,0,13.4377,121.462,1
39.553,16.8841,2.8017,0,0.1862,25.2782,17,0,3.624,204.092,1
34.8156,11.7697,2.4354,0,0,0,-30.9184,5.7643,6.4401,238.644,1
34.7914,17.0544,2.5459,0,0,0,-22.8354,6.5179,7.2866,129.432,1
25.8,19.2336,2.5968,0,0.1756,-7.4052,0,-10.8247,28.679,229.287,1
30.7368,19.2851,2.4471,0,0.2167,13.8901,0,0,16.624,0,1
22.8176,17.0718,2.3544,0,0.289,17.3278,0,-6.2537,23.588,187.401,1
18.7584,0,2.5569,0,0.3385,-13.4964,7.1257,-5.0147,19.912,204.674,1
27.9373,16.7946,2,0,0.2706,-15.8287,0,-10.2249,20.517,166.032,1
13.9855,11.0775,2.2374,0,0.3731,19.7477,0,0,52.917,197.182,1
23.1401,9.941,2.2771,0,0,-14.0402,-5.4528,0,18.793,155.39,1
23.4562,10.5461,2.3284,0.5583,0.2949,18.5551,0,5.8901,4.179,160.245,1
23.017,17.6047,2.6289,0,0,13.7709,19.6827,0,14.59,1114190,1
22.8309,10.2667,2.444,0.5465,0,-15.9821,-19.0288,0,8.4377,187.799,1
33.9041,28.7282,0,0,0.1362,-30.3147,14.3593,0,4.7709,161.366,1
24.8813,10.9253,2.6051,0,0.1812,36.7277,22.0163,-10.6837,34.155,1116190,1
26.3701,15.6604,2.3572,0,0.2028,0,8.8482,-11.8698,7.9962,160.935,1
23.3782,17.4052,2.5826,0,0.2567,-13.8253,0,0,4.291,226.643,1
59.4846,28.7121,3.1652,0,0.1201,-30.5449,0,-11.2422,12,225.619,1
17.9872,11.6262,2.3243,0,0.4257,0,-10.1855,10.391,26.056,126,1
32.5866,15.4113,2.4191,0,0.2444,38.5152,19.9882,-6.2619,4.459,126.877,1
84.9494,34.0368,3.2379,0,0.0987,-82.8168,0,-30.7851,3.761,258,1
44.5223,19.6604,2.8936,0.5872,0.224,26.8686,33.1877,0,7.9364,225.783,1
20.4132,16.2592,2.4354,0,0.3139,6.7512,5.7453,0,25.68,133.965,1
39.0853,18.4796,2.8654,0,0.1424,26.4667,-25.7697,0,2.558,171.342,1
61.656,34.7447,3.0662,0,0.1332,-74.7078,-31.3327,-16.6955,8.699,242.061,1
29.717,19.016,2.8222,0,0.1712,30.0962,0,-13.5116,14.293,133.96,1
21.7287,17.1468,2.5809,0.5426,0.2735,0,0,10.7443,11.553,200.136,1
32.9462,17,2.5929,0,0,4.3243,-22.1455,0,14.578,155.885,1
51.929,26.0649,2,0,0,-44.1785,50.0487,0,10.401,240.29,1
19.157,15.4167,2.2417,0,0.2792,15.9934,-8.7898,-9.4241,27.398,200.266,1
19,18.5139,2.4749,6,0.268,-1.7705,8.5653,-9.417,28.796,137.449,1
46.917,0,2.6718,0,0.1589,-6.2334,-26.7351,0,0.52,201.369,1
12.7282,0,2.1703,0.7475,0,0,6.3175,0,62.981,219.933,1
27.9443,16.0792,2.5728,0.4132,0,7.2148,-18.5231,0,8.9824,186.796,1
66.0487,29.5033,3.2956,0.1799,0,-23.9287,47.4342,-13.5256,8.9744,162.812,1
27.0476,17.8837,2.5653,0,0.24,14.5265,-8.4132,-3.3156,13.42,203.955,1
29,18.2985,2.4475,0,0.2408,-4.9604,0,0,0.663,227.436,1
18.7271,0,2.4265,0,0.2972,-3.6154,0,0,6.969,199.32,1
38.1692,11.5821,0,0.5072,0.1835,3.5395,0,8.9771,4.9194,161.788,1
41.8482,13,2.4434,0.5172,0,15.9279,0,-6.2393,1.258,139.624,1
29,12.9079,2.541,0,0.1961,-22.7384,0,-5.9802,37.247,159.265,1
41.09,21.1802,2.5793,0,0.1612,-14.7802,0,-9.5366,12.081,227.493,1
23.9997,16.3394,2.3901,0,0.2724,22.6917,13.3304,0,3.999,203.619,1
21.7139,7.9203,2.5942,0,0,0,16.3861,0,48.366,139.427,1
26.6607,23.4822,2.8684,0.362,0.1858,11.2109,0,-15.2759,0.79,175.296,1
13.5839,12.4609,2.4628,0,0.3493,7.1585,-5.3599,0,22.983,160.867,1
24.417,15.5488,2.3222,0.5667,0,10.0959,0,8.0496,14.986,119.759,1
20.8299,12.6604,2.3821,0,0.2851,18.9087,0,-9.1582,26.354,191.978,1
50,22.6289,3.0242,0,0,45.2656,0,0,7.601,250.272,1
24.0286,15.0348,2.5495,0.4167,0,0,-17.9309,0,10.187,203.133,1
13.7395,11.6134,2.595531,0,0.3159,-1.7532,6.9887,0,46.663,194.941,1
19,17.8442,2.5645,0,0.2673,-4.0812,-13.4761,-11.6731,30.969,184.99,1
31.8653,16.0661,2.604951,0,0.2283,14.0532,18,-7.4713,11.236,199.573,1
51.0485,21.8947,2.7368,0,0.1454,8.5272,0,12.7906,18.0918,177.057,1
62.6196,27.7348,3.0393,0,0.0903,-56.7811,0,-17.8998,2.588,238.327,1
36.5255,10.8786,2.3304,0,0.2399,6.5308,0,-7.4812,4.346,0,1
36.7493,18.939,2.6514,0,0,14.4967,-17.7167,12.9443,7.469,166,1
0,16.0104,2.5942,0,0.2541,6.839,-17.2201,13.2116,3.71,137.961,1
66.6913,31.3863,2.7882,0.2344,0.1476,-39.7922,0,-10.6436,2.614,0,1
43.9087,0,2.6031,0.2667,0.1435,41,-15.8484,-17.2743,2.82,238.841,1
29.8666,20.285,3.8255,0,0,-10.9077,0,0,26.512,212.058,1
48.9773,0,2.5581,0.6201,38.3717,-23.6081,-28.2156,0,9.924,186.484,1
12.8998,10.9978,2.2082,0,0,12.599,0,0,15.6026,167.644,1
28.5198,17.7857,2.39,0,0.2943,-0.6481,0,0,12.8923,173.789,1
28.3923,16.9452,0,0,0.2299,-4.7473,-15.0896,0,6.552,201.05,1
18.6196,10.2635,2.221,0,0,-18.6728,-8.9852,0,18.085,190.253,1
23.6255,16.8354,2.6908,0,0.2402,8.8156,-15.9479,9.9136,19.2696,235.731,1
73.0651,26.3667,3.1418,0.1672,0.0923,32.8226,47.8686,0,1.59,229.975,1
85.4927,0,4.3857,0.1036,0,-28.6542,73.6046,0,2.772,271.265,1
20.1551,8.6593,2.4771,0,0.3572,-25.6642,0,4.2188,13.959,171.435,1
37.2547,0,2.4609,0.4547,0.281,-14.9668,-24.2893,0,15.599,151.698,1
12.3395,114210,2.3098,0.7839,0,-12.6926,5.1407,-7.1653,24.049,182.892,1
33.9204,14.1858,2.6693,0.4411,0,-21.0295,-20.0553,0,14.385,157.947,1
47.8969,25.6562,3.2105,0,0.0646,-1.6847,0,-10.2884,14.236,187.964,1
56,26.9077,3.1678,0.2215,0.1039,-2.9908,-40.6425,-15.6134,20.668,254.759,1
37.9934,21.8,2.8299,0,0,0,0,10.5695,3.5832,173.772,1
41.8476,31.5673,3.2195,0,0,16.0273,-30.4571,0,4.289,179.928,1
51,29.0125,3.0683,0.2788,0.1398,-54.393,0,-23.1593,1.4938,245,1
50.2404,29.3536,3.5139,0,0.0939,14.6196,0,-23.5868,6.9193,243.535,1
31.1074,19.7032,2.5999,0.3679,0,35.8269,0,-11.7167,12.549,196.13,1
31.5347,0,2.5397,0,0.1797,-23.7304,0,-19.058,47.281,129.654,1
35.5581,15.6377,2.7332,0,0.231,-48.0728,27.2436,-5.0676,21.9,187.96,1
17.2105,7.6223,2.3811,0.8075,0,3.5172,-6.491,0,12.616,212.281,1
25.3243,21.4117,2.8442,0,0.2084,13.9916,0,0,8.949,166.536,1
24.3,0,2.4743,0.5872,0,-0.4547,15.2433,0,19.605062,137.801,1
30.8921,19.4143,2.5308,0.3387,0,-14.0832,-11.5028,0,3.72,180.38,1
28.8838,23.8151,2.6782,0,0.2136,-14.2453,25.6113,9.9777,4,203.862,1
28.749,10.486,2.4741,0,0.3075,-14.3531,18.408,-7.7992,6.496,200,1
29.7826,19.2107,2.4042,0,0.2845,-14.1659,-18.6262,0,1.569,194.389,1
27.9483,13.4467,2.5551,0,0.2175,-8.889,0,10.8698,24.387,167.837,1
26.0546,22.295,2.6628,0.4265,0,1.5011,0,9.0402,3.479,201.978,1
29.0861,12.6869,2.567,0,0.3039,0,-9.6196,9.7016,4.518,199.433,1
46.4114,21.1714,2.8017,0,0.1638,0,37.7169,-11.5165,5.083,238.486,1
22.585,13.2936,2.5653,0,0.2677,14.4844,8.3097,-8.4102,4.5172,197.33,1
0,11.8457,2.2788,0,0.2897,3.4955,-4.8354,8.7356,32.485,158.447,1
28.2772,22.4038,2.7642,0,0.2294,6.6196,21.317,-9.9408,7.751,196.985,1
90.5351,29.6669,3.0575,0,0.1372,-37.2757,0,-19.9443,5.314,245.974,1
34.4739,21.7387,2.8525,0.244,0,14.4249,-21.3877,-12.9085,12.692,154.796,1
47.8492,21.9063,2.6723,0,0.1822,-48.5489,26.0898,0,2.386,194.342,1
31.899,18.0523,2.8829,0.3511,0,-31.2745,-20.4727,-14.9897,9.919,155.308,1
29,13.0587,2.5447,0,0.2612,-27.6521,0,-7.1403,4.614,167.333,1
35.9089,0,2.6258,0,0.2178,1.5851,0,6.6593,4.418,186.53,1
36.645,19.679,2,0,0.1488,0,0,9.8162,8.107,203.893,1
28.0955,20.7282,2.6898,0,0.1792,-20.6759,0,0,7.439,187.661,1
28.269,15.9855,2.5384,0,0.2044,22.013,18.2857,-13.4073,6.527,220.401,1
18.7185,0,2.0534,0.7038,0,0,11.8813,-4.324,17.7916,188.585,1
26.4205,21.9287,2.5584,0,0.2054,0,-11.4362,-8.5898,24.77,186.033,1
28.616,15.3582,2.5447,0,0.2101,19.9658,0,-6.1281,2.272,200.571,1
38.456,29,3.0995,0,0,-12.5085,0,0,0.919,235.578,1
18.8597,16.8653,2.646,0,0.2898,-20.9669,0,-10.3259,26.574,0,1
