lineNo,assgNo,prevFixDur,firstfixDur,firstPassFixDur,nextFixDur,firstSaccLen,lastSaccLen,prevFixPos,landingPos,leavingPos,totalFixDur,meanFixDur,regressLen,regressDur,pupilDiamMax,pupilDiamLag,timePrtctg,titleNo,wordNo,label
0,304,139,179,0,99,0,0,0,51.8079,606.4649,0,0,0,0,-0.0024,0,0,2,2,0
0,0,0,0,159,179,0,0,683.3513,35.9077,33.5423,0,0,0,1610,0,-0.0048,0,2,3,0
9042,315,0,0,0,119,0,0,0,50.5432,57.61643112,0,0,0,71664,0.1469,0,0.0536,2,0,0
9485,336,0,80,0,1191,0,125.1539,0,53.7257,57.6157,0,179,0,0,0.1365,0,0,2,1,0
3270,30,0,239,0,139,0,0,0,80.8249,75.806,0,238.5,0,516,0.0666,0,0.0114,8,1,0
10657,178,0,0,0,0,0,688.9078,95.0479,47.0028,43.4567,0,99,0,0,0,-0.016,0,1,2,0
8483,0,80,159,0,179,0,579.7548,0,61.80592,64.62211,0,0,0,139,0.2658,0,0,5,1,0
8103,213,0,80,0,99,0,0,109.5014,33.7946,37.6208,0,0,796,0,-0.0184,0.27,0,2,0,0
10059,277,0,119,80,179,0,0,393.8011,491.5403,51.0079,238,0,0,0,-0.0172,0,0.0312,4,2,0
3045,78,80,0,99,0,0,0,0,68.2402,68.6155,0,0,0,199,0,0.278,0.0296,4,1,0
9078,240,0,0,139,0,0,151.5015,0,41.6172,40.2077,0,159,0,536,0.0672,0,0.0196,0,3,0
2193,166,0,0,139,8066,0,0,0,54.6234,51.0374,0,0,0,0,-0.0105,0,0,4,1,0
906,336,219,0,0,0,0,0,583,41.391,40.9086,0,99.5,0,179,-0.013,0,0.0316,6,0,0
8096,256,0,179,0,0,0,0,110.5539,69.8368,77.5015,0,0,0,0,1.1327,0,0,2,3,0
6757,78,0,0,238,1194,0,0,0,1034.76063,832.512,0,0,139,0,0,0.3941,0,3,1,0
1132,66,0,0,179,199,122.5092,0,142,0,36.0395,0,0,6153764,0,-0.0065,0,0,3,0,0
6893,0,0,0,0,0,0,0,0,481.6271,47.403852,0,0,0,0,0,0.2461,0.0253,10,0,0
7351,136,219,0,457,139,0,1502.1299,0,86.7568,76.5677,0,0,755,0,-0.0954,0,0.0118,8,0,0
0,42,0,0,0,179,584,0,0,44.283,45.9238,0,258.5,0,139,0.1708,0,0.0229,1,2,0
0,308,0,0,0,179,721.8153,0,753,44.0488,48.5184,0,99,454,0,0.1816,0,0.0129,1,0,0
8825,194,0,0,139,0,0,0,128.0393,70.8243,67.7941,0,0,0,0,0,0.556,0.0111,8,1,0
10578,43,80,0,0,0,581.2989,0,0,57.4041,481.0014,0,119.5,2152,0,0.2416,0,0,0,2,0
2590,227,0,179,0,139,0,0,131.006,55.2741,44.6718,0,199,0,0,0.2957,0,0.0231,1,2,0
0,52,0,0,139,1196,0,0,0,62.0089,0,0,0,9963,0,0,0.0837,0,1,3,0
10778,304,0,0,0,0,0,0,0,30.104712,40.0842,0,0,318,0,0,-0.008,0,6,1,0
0,148,80,0,0,219,91.1805,0,0,68.5169,70.0889,0,0,0,0,-0.1187,0,0,3,1,0
10586,0,0,199,0,0,0,0,0,44.5011,42.2091,0,0,0,556,0.0845,0.0945,0,8,1,0
2248,73,0,99,0,0,0,479.1651,75.2382,88.1177,79.6221,0,80,0,238,0.0708,0.0853,0,0,0,0
4962,30,0,0,179,0,0,0,807.0116,64.41386431,58.052751,0,0,0,0,-0.0084,0,0.0437,3,4,0
5961,0,0,0,4384,0,0,105,114.7257,54,51.5208,0,0,615,0,0,0.0562,0,1,4,0
9042,293,0,0,139,80,0,0,169.8551,18.5118,21.7083,0,0,0,0,0,0.193566,0,3,0,0
0,293,139,80,0,219,0,196.6073,0,57.5014,58.9855,0,1196,0,278,0,0.1387,0,3,0,0
664,57,0,0,179,139,0,0,0,46.6207,362.72001,0,179,2383,0,-0.1124,0,0.006,3,1,0
8605,306,0,139,0,179,0,142.271,0,69.2462,58.6491,0,139,3793,0,0.1815,0,0,5,1,0
10483,227,0,0,219,119,0,0,84.4138,41.3202,46.9012,0,139,2652,0,0,0.029,0,3,1,0
9791,277,0,0,0,199,0,0,0,0,0,0,89.5,0,179,0.1587,0,0.0169,1,3,0
0,166,0,0,0,139,0,0,0,57.5434,69.8166,99.5,0,0,159,0,0.0946,0.0184,1,2,0
9203,98,0,0,0,219,190.0018,147.5353,169.3241,54.7087,49.4177,0,139.5,8361,0,0,0.2926,0,4,0,0
4181,289,0,298,0,80,0,581.9607,506.0065,292.0417,21.065,0,298,0,0,0.1426,0,0.0239,2,1,0
0,311,0,0,20,239,0,104.6139,182,56.5232,45.7587,0,0,417,0,0,1.4382,0,5,0,0
10103,315,0,0,338,99,0,547.7268,0,51.5837,57.5079,0,179,677,199,0,0.122,0,8,0,0
8076,78,0,0,159,139,0,0,0,87.5373,76.9707,0,0,239,0,0.1776,0,0.0208,3,2,0
7264,78,139,159,0,179,0,0,0,59.6241,491.7347,0,0,0,457,0.082,0,0,8,4,0
0,187,0,0,278,159,0,0,0,31.0037,22.6151,0,0,1273,0,0.3482,0,0,10,0,0
8053,289,0,0,159,179,0,1504.9173,0,73.7902,76.2344,0,0,0,278,0,0.152,0.0106,4,1,0
2599,44,80,139,0,239,0,128.501,0,45.0929,43.5814,0,199,0,199,0.2432,0,265,7,1,0
5962,236,0,0,80,99,0,0,486.1787,79.1442,87.7257,0,0,1193,0,0.0522,0.1358,0.0153,2,3,0
8403,277,0,119.5,0,139,0,442.2729,73.9014,40.9487,42.859,0,0,0,0,0,0.1656,0,1,5,0
10335,153,0,80,0,159,0,128.5692,775.1401,60.5631,65.117047,0,0,477,0,0,0.2625,0.0329,3,0,0
6863,73,0,0,338,199,0,95.0083,97.5947,502.7185,495,0,0,576,0,0.1461,0,0.0256,0,0,0
4608,306,0,0,0,0,0,0,0,61.6177,75.4331,0,0,0,0,-0.0125,0,0,3,2,0
9777,289,0,139,0,0,0,128.3173,0,76.5232111,77.6016,0,0,0,0,-0.0026,0,0.0167,2,3,0
9098,321,0,139,0,159,0,543.6482,0,381.9487,362.6191,0,0,4473,0,-0.0136,0,0.0569,3,1,0
8113,0,0,199,0,298,0,128.6056,6897.5178,65.9003,64.5819,0,0,2902,0,0,0.1622,0.0143,0,1,0
3108,0,0,179,0,99,0,138.6609,0,31.5381,35.7787,0,0,0,0,0,0,0.0172,6,1,0
0,311,0,0,139,119,0,467.5016,603.8173,45.5563,0,0,0,0,0,0,-0.4368,0.0434,2,1,0
8749,0,99,0,0,1195,109.8378,579.7548,0,41.2104,38.3121,0,0,179,0,0,0.1822,0,8,1,0
685,229,0,159,0,80,0,96.5165,0,73.8151,68.0271,0,139,298,0,0.053,0,0.0107,3,4,0
0,0,0,0,99,80,0,0,0,65.0076,70.551,0,0,139,0,0.1946,0,0.045,1,0,0
7954,52,0,0,99,199,0,0,0,43.9069,50.0156,139,0,994,0,0.1371,0,0.0234,2,4,0
8367,78,0,0,0,219,449.9674,0,0,77.5106,83.1072,0,378,3795,0,0,0.0761,0,2,1,0
3351,256,0,99,0,179,0,0,87.5015,79.0106,75.3302,0,119,0,238,0.053,0,0.0231,10,2,0
3816,0,0,139,0,1192,0,0,543.0237,87.1805,87.7294,0,0,0,278,0.131,0,0,1,2,0
9897,0,0,139,0,0,0,0,581,58.5685,45.303556,0,0,0,0,0.1211,0,0.0251,4,1,0
7722,0,0,0,0,80,0,0,506.8388,44.72,0,298,0,1036,0,0,0.0861,0.0172,7,0,0
7954,321,0,99,0,139,0,0,681.8079,44.3611,58.5012,0,0,318,1708,-0.0025,0,0.0155,4,1,0
0,0,0,0,318,99,0,0,0,69.4473,76,0,318,0,258,0,0.1056,0,6,0,0
2639,171,0,119,258,0,0,125.0994,0,51.9076,57.5692,0,0,914,0,0.1597,0,0.0154,3,2,0
5483,0,0,179,0,119,0,0,117.5486,5214.005982,53.62363,0,199,278,0,0.0756,0,0,2,1,0
1343,307,0,0,179,139,0,0,0,58.8132,63.4133,0,0,0,0,0,0.3612,0,3,1,0
9081,321,99,139,179,199,0,0,0,72.74442,7280.013987,0,0,0,80,0.275,0,0,7,0,0
3181,306,0,0,0,159,0,0,0,36.785,34.7705,0,0,0,0,0.0796,0,0.0208,7,2,0
9354,311,0,239,0,259,0,0,0,45.0202,56.0734,0,0,597,0,0.1471,0,0,7,0,0
2842,57,0,0,80,99,0,87.7661,94.0763,47.8207,401.5017,0,0,935,516,0.1183,0,0.0155,7,0,0
917,70,0,0,80,139,0,0,518.8048,54.5,40,219,0,816,0,0,2.5288,0,10,4,0
2360,0,0,0,179,139,0,449.2146,0,38.264577,45.7001,0,0,576,0,0.0652,0.0412,0.0167,7,1,0
9791,309,0,0,0,199,0,208.5592,719,87.5014,91.5791,239,0,0,816,0,0.1771,0.0246,3,1,0
0,150,0,139,0,199,0,0,73.0026,55.5438,56.102,0,0,0,1192152,0.0861,0,0,7,0,0
0,289,0,0,219,159,0,0,118.0778,75.5677,69.7883,0,0,103655,0,0,1.6465,0,3,0,0
0,287,0,0,179,159,0,1502.4181,467.9125,62.2708,56.5091,0,0,796,0,-0.0525,0,0,1,3,0
7761,98,139,199,0,80,0,0,0,40.8123,48.8207,99,0,0,0,0,0.3797,0,6,3,0
0,78,0,0,199,139,0,95.0319,0,49.318130331206,40.0454,0,0,0,0,0,0.2895,0,7,0,0
576,225,0,0,0,159,177.9885,0,182,363.0237,0,0,100,1212,0,0,1.2888,0,2,3,0
2690,73,139,258,0,259,0,135.0186,0,104.1279,1121.469,179,0,0,159,0.0975,0,0.0205,5,2,0
10483,0,0,0,0,199,0,0,491.81182,52.0479,59.0743,0,119.5,0,0,0.0914,0,0.0059,3,2,0
9076,31,139,199,0,179,0,0,0,24.7731,28.7171,0,0,873,0,0,1.4366,0,10,4,0
9368,169,0,0,0,179,0,0,0,49.8179,46.61031,0,0,0,0,0.0971,0,0,2,1,0
0,304,0,0,278,99,0,0,653.0068,25.8811,34.7255,0,159.5,707,0,0,0.2042,0.0116,2,3,0
1173,135,0,0,278,239,0,0,73.0319,47.6028,53.0437,0,139.5,796,0,0.1338,0,0,2,1,0
0,78,0,0,219,179,0,0,482.3616,126246600697850.0,1151.394965,0,0,397,0,0.1385,0,0,1,0,0
1296,135,0,0,0,99,154.6744,0,105.5076,42.5,53.3135,159,0,0,0,0,-0.0427,0,0,0,0
983,150,179,0,0,139,0,0,0,33.8203,34.61033095,0,0,0,0,0,1.799,0,4,3,0
4608,0,239,139,0,0,0,0,0,39.0713,0,0,0,955,0,0.0958,0,0,0,0,0
10535,225,199,0,0,1192,0,0,0,42.8118,41.0043,0,0,0,0,0,0.2033,0.0145,5,1,0
1669,0,0,0,139,258,0,173.5124,151.0386,40.0019,38.3163,0,0,516,0,-0.0559,0,0.0118,2,1,0
3839,0,0,0,0,179,100.1789,0,100.9083,44.7602,48.4033,0,139.5,796,0,-0.0065,0,0.02,1,1,0
9079,169,0,0,139,99,0,0,0,546.4177,482.3231,0,0,4592,0,0.0958,0,0,7,2,0
1401,240,0,159,0,219,0,0,0,47.9012,55.0892,0,0,936,0,0,0.1931,0.0306,7,2,0
8703,0,0,0,198.5,199,0,0,124.8608,75.89,0,0,258,0,0,0.0861,0,0.0167,2,1,0
3275,315,0,0,80,139,0,0,81.0606,482.4133,506.8123,0,0,9924,0,0,2.5288,0,7,0,0
4884,28,0,298,0,0,0,194.4799,0,1103.5186,1127.8178,0,0,0,457,0.1043,0,0.0166,0,1,0
4608,0,0,139,0,80,0,0,177.3283,502.8035,37.8473,0,179,974,0,0.2775,0,0,1,2,0
7991,30,80,0,0,99,85.0954,1502.0788,0,40.664558,42.9685,0,119.5,1392,0,0.1469,0,0,0,3,0
6961,256,0,0,99,119,0,0,0,76.5017,51.71063249,0,0,0,556,-0.0428,0,0,0,0,0
7051,155,0,0,0,238,159.5059,0,0,47.6202,44.3565,0,0,2363,0,0.0921,0,252,0,1,0
3302,0,0,0,0,159,151.5015,558.9012,79.6208,53.3901,71.774,0,0,0,0,0.3161,0,0,1,2,0
6092,0,0,0,1194,80,0,0,0,83.9835,73.0628,0,0,337,0,-0.0169,0,0,4,1,0
2198,289,0,258,0,99,0,0,87.2885,43.5145,39.7061,0,258,0,0,-0.0845,0,0.005,1,3,0
8192,44,0,0,179,238,0,85.3292,592,25.5976,46.8038,0,119.5,80,0,0.1637,0,0,1,2,0
7096,289,0,0,0,139,327,0,536.8674,137.5124,1251.2043,0,0,1345,0,0,0.1706,0.0247,0,1,0
9292,0,0,0,0,80,104.4869,109.9403,107.0393,55.054462,73.2765,0,0,318,319,0.0961,0,0.0328,0,1,0
4797,78,0,99.5,0,159,0,191.5421,1102.2691,31.9596,401.363856,0,0,0,835,0,0.3131,0.0226,3,1,0
9087,0,239,159,0,279,0,0,0,46.0022,65.9203,0,0,676,0,0.1628,0,0.0288,2,0,0
7403,135,0,0,0,119,1506.9368,0,542,22.4385,34.0043,0,0,179,0,-0.0097,0,0,0,3,0
7961,57,0,120,0,80,0,0,569.9595,78.0116,68.0016,140,0,0,0,-0.0946,0,0,6,1,0
10256,21,179,239,0,139,0,0,0,52.5127,31.7177,0,0,4761,0,0,0.0569,0,3,1,0
5910,155,0,0,298,338,0,0,0,27.0672,0,0,0,0,1192152,0,1.7582,0,4,0,0
1216,78,0,0,99,139,0,0,89.8233,62.9836563,71.9012,198,0,994,0,0.0929,0,0.0317,5,3,0
0,0,0,99,0,0,0,133.4177,0,452.1753,55,0,0,0,1198,-0.0182,0,0.0071,0,2,0
8388,76.5,0,0,119,99,0,0,0,48.5014,49.6035,0,0,596,1036,-0.0176,0.1416,0,1,0,0
8093,134,0,0,219,179,0,0,0,482.5157,55.287801,0,0,597,0,0.1793,0,0.0616,6,0,0
0,229,179,0,159,99,0,0,711.6154,382.4728,453.771,0,0,1253,0,-0.0199,0,0,4,2,0
10588,178,0,0,0,219,432.4302,196.5692,0,70.5083,66.5569,0,0,0,0,0.0295,0,0,3,1,0
0,293,179,0,278,0,0,0,0,44.5,41.6221,139,0,0,199,0,0.0708,0,3,4,0
2323,149,0,139,0,159,0,0,122.4839,52.384701,482.4169,0,0,0,199,0.1661,0,0.0099,4,1,0
3795,227,0,119,0,139,0,147.0414,709.3527,65.78463,65,0,179.0000663,1690,0,0,0.2467,0,6,1,0
4128,130,159,139,0,99,0,842.1858,0,75.7721,76.2746,278,0,0,0,0,0.1465,0,2,3,0
10335,134,0,80,0,179,0,587.0834,57.0454,89.5014,77.1175,0,0,1112,0,0,0.0961,0.0085,1,4,0
5777,308,0,99,0,179,0,0,0,59.0022,52.9495,0,119.5,337,0,0,0.1206,0.0251,5,1,0
5483,293,0,99,0,199,0,147.0362,0,63.2403,69.6561,139,0,756,0,-0.0192,0,0.0534,1,3,0
0,52,179,0,0,99,103.514,142.1459,0,73.4133,72.0933,0,0,0,239,0.0651,0,0.0129,10,0,0
0,336,119,0,278,80,0,1308.0172,0,81.7057,62.8868,0,0,636,0,0.0471,0,0.0067,1,2,0
957,22,0,119,0,179,0,121.9366,102.4138,483.2128,64.0628,0,0,597,0,0,0.1211,0.0259,3,1,0
5368,148,179,0,0,1194,609.5288,0,0,53.084,55.2212,0,99.5,139,0,0.33,0,0,1,2,0
10228,293,0,80,199,139,0,0,588.7341,44.6142,46.9674,0,99.5,576,0,0.1812,0,0,1,4,0
8731,78,0,0,119,139,0,1305.7943,0,85.6177,0,0,0,0,735,0.122,0,0,9,1,0
10893,307,0,0,0,80,113.2843,0,117.1392,45.14661,58.4038,179,179,358,0,0,0.1271,0.027,8,5,0
5861,315,0,0,0,139,1009.0354,0,0,61.241,63.1402,0,0,0,318,0,0.3395,0.0156,4,2,0
1381,171,0,0,0,179,0,487.9012,95.0226,65.2394,65.22509,0,139,0,298,-0.0433,0,0.0145,3,1,0
7388,163,0,0,99,80,0,95.0073,0,46.5231,0,139,0,0,179,-0.0822,0,0,4,1,0
1443,130,0,0,0,139,0,0,0,58.3526,73.0178,0,0,656,0,0,0,0,4,1,0
5479,166,0,0,338,179,0,210.5936,576.9232,42.5435,58.7087,0,0,616,0,0.1077,0,0.0149,4,1,0
4053,148,0,199,0,179,0,0,65.7764,56.11366,62.0052,0,199,418,0,0,0.0326,0.0234,3,2,0
6051,134,0,0,219,159,0,0,559.2249,93.5014,81.6154,0,0,0,1331,-0.0165,0,0.0239,10,1,0
854,73,0,159,0,179,0,125.5124,95.2599,42.003,37.7647,0,159,477,0,0,0.1286,0.0189,2,3,0
2772,148,119,0,0,99,1302.2752,0,0,75.61573029,75.7159,0,139.5,1710,318,0,0.2406,0,9,0,0
6925,148,239,0,0,99,206.7342,0,0,38.4358,0,0,139.5,0,0,-0.0178,0,0.0067,5,2,0
2123,78,0,119,0,219,0,0,633.4047,63.9239,67.1227,0,0,0,278,0.0961,0,0.0539,1,3,0
0,78,239,0,179,119,0,1112.556,69.9292,59.814,62.77,0,0,516,0,-0.539,0,0.0467,7,0,0
0,309,0,0,99,80,0,722.7255,0,72.1296,76.6926,0,0,0,0,-0.0593,0,0.012,3,1,0
7692,91,0,239,0,99,0,0,0,50.2568,53.2061,0,159,0,338,0,0,0.0087,2,0,0
0,78,159,139,0,179,0,0,141.6342,65.7308,67.0271,0,139,2248,0,0.1852,0,0,1,8,0
5778,78,0,119,0,179,0,155.9125,0,76.8831,602.07,0,0,0,358,-0.0475,0,0.0123,1,2,0
7071,311,0,199,0,139,0,1127.0199,0,76.8103,77.2784,0,0,0,0,1.9487,0,0,10,1,0
8123,0,0,179,0,239,0,484.5022,0,502.859,53.2713,0,0,0,0,0.2479,0,0,7,2,0
4834,289,99,139,0,1007,0,103.9231,651.859,56.121902,66.8826,0,0,0,0,1.7067,0,0.0145,5,0,0
559,194,0,278,0,99,0,0,596.3548,85.2479,71.0237,0,139,0,895,0,0.3264,0,2,4,0
0,31,0,0,119,0,0,1126.8019,687.2095,61.092966,59.3135,0,0,318,0,-0.0893,0,0,5,0,0
8716,73,0,139,0,80,0,91.5173,125.1385,65.62083,79.81181,0,0,298,0,0.1447,0,0.0172,0,1,0
1340,0,139,119,0,159,0,575.1553,0,71.9203,7220.6336,0,0,0,80,0,0.2776,0.0265,3,0,0
3181,78,0,159,239,199,0,468.8207,0,52.0115,40.1131,0,0,1491,0,-0.0523,0.0837,0,5,1,0
0,135,0,179,0,99,0,0,122.0939,55.6623,58.3,0,0,0,0,0,0.175,0,9,0,0
2900,0,139,199,0,99,0,0,0,52.0123,48.413899,0,219,795,0,0.1288,0,0,4,0,0
1472,8112,0,179,0,279,0,0,0,58.5771,63.859,139,0,4573,0,0.081,0,0,0,0,0
1641,169,0,99,0,179,0,0,95.0052,59.5932,54.4425,0,0,576,0,0.0295,0.1837,0,1,3,0
5920,309,0,99,0,80,0,0,0,55.5936,452.7955,0,0,0,417,0,0.2283,0,7,0,0
4117,169,0,0,139,179,0,1507.0092,587.9657,65.0984,51.7257,0,0,0,0,-0.0145,0,199.021,2,6,0
9123,225,0,0,139,199,0,0,90.0019,77.469,63.5523,0,0,0,0,0.2497,0,0,7,1,0
6408,0,0,0,199,99,0,0,0,0,33.5199,0,0,0,0,-0.0813,0.2283,0,4,0,0
7561,178,0,0,199,119,0,105.1099,0,29.8151,42.9014,0,0,139,0,0,0.1465,0.0153,1,0,0
4452,321,0,199,0,139,0,0,589.2724,40.0061,29.5842,0,0,0,656,0,1.7487,660131,7,0,0
0,0,139,0,0,0,147.0105,0,0,45.5688,58.1022,0,119.5,0,0,0,-0.0845,0,9,0,0
6697,187,0,0,239,199,0,0,94.5123,81.1652,75.0062,0,0,0,0,-0.055866,0,0,0,1,0
3999,229,0,139,0,179,0,0,135.0759,76.2569,76,0,0,2085,0,-0.0122,0,0,4,1,0
0,0,0,0,0,219,0,0,57.7647,20.2115,21.6177,0,0,932,0,0.26,0.1336,0.0119,1,0,0
4607,225,0,0,0,239,0,105,1011.8473,84.6828,91.804569,0,0,576,0,0.0861,0,0,8,0,0
0,304,0,0,318,80,0,805.0085,103.074,67.1572,65.5206,0,0,139,0,0,0.2243,0.027,4,0,0
4105,135,0,119,0,179,0,0,0,69.5016,53.469,0,149.5,0,298,0.0561,0,0,2,1,0
8388,293,0,0,179,99,0,96.7975,0,71.0421,7215.2749,0,0,219,298,0,-0.0567,0.0108,3,4,0
3864,293,0,0,0,179,163.9895,0,85.1437,79.5014,76.241,159,0,0,199,-0.0154,0.0889,0.032,10,1,0
8061,309,80,0,99,179,0,715.7341,0,55.8151,52.0104,0,139,577,0,0.0861,0,0.023,6,3,0
4984,304,179,0,99,199,0,114.8378,0,53.6,40.8151,0,0,0,0,0,0.1392,0.043,1,3,0
776,0,0,0,139,179,0,0,0,59.9087,0,0,0,795,0,0,0.3172,0.0265,0,0,0
7965,148,0,199,0,80,0,125.5059,121.0049,56.0862,58.0711,0,0,1036,0,-0.1436,0,0,8,4,0
7973,0,0,0,0,199,0,181.5014,541.2122,76.0792,73.5412,0,0,13953,0,0.1336,0.0981,0,3,0,0
5607,256,0,159,0,99,0,98.0348,84.9378,31.5807,33.8332,0,119.3333,0,0,0.0631,0,0,4,0,0
1732,30,0,139,0,239,0,105.0868,116.0194,55.9012,51.6206,0,0,1253,0,0.1529,0,0.0267,4,2,0
9031,44,0,99,0,119,0,0,0,47.4424,46.2776,0,0,4914,0,0,-0.0129,0,7,0,0
9886,225,0,0,0,179,547.7125,85.6381,0,363.0454,362.5142,199,0,0,457,0.0534,0,0,2,0,0
0,169,0,199,0,139.0000609,0,0,506.3918,65.0792,71.5135,0,0,616,0,-0.5227,0,0,0,1,0
9001,277,159,0,139,0,0,0,0,75.6611,69.238469,0,0,1112,0,0.283,0,0,3,1,0
472,78,0,0,0,139,0,0,0,70.5692,50.5953,417,0,955,0,1,1.2476,0.0129,6,0,0
0,73.00002396,0,0,0,159,0,0,0,77.5255,76.8123,219,0,716,0,-1.0984,0,0,1,4,0
8092,31,0,0,139,179,0,103.5028,0,33.0632,0,0,0,3776,0,-0.0067,0,0,0,1,0
6897,166,80,0,179,139,0,0,0,41.0656,48.3118,0,0,0,0,0,0.1876,0.0317,10,1,0
3568,0,139,199,0,1191,0,0,0,37.2406,394.8118,0,0,0,198,0.265,0,0,8,0,0
867,213,0,0,0,80,0,0,506.71,55.5047,56.0494,0,0,1115,0,0,1.5602,0,0,0,0
4933,289,0,0,199,0,0,0,100.0852,54.503,56.5598,0,0,477,0,0.1931,0,0,9,1,0
0,22,0,0,159,179,0,0,715.4166,62.0154,63.859,139,0,0,0,-0.1138,0,0,2,0,0
5772,73,0,139,0,119,0,0,104.0013,48.4647,481.0312,0,0,239,0,0.0981,0,0,4,1,0
3697,277,179,159,0,259,0,1012.6526,0,46.9657,56.5196,0,0,0,0,-0.004,0,0.0166,1,2,0
3341,21,0,0,0,0,463.6298,609.0719,0,35.086,37.324,0,0,0,318,0.1322,0,0,8,0,0
8907,73,159,0,0,179,0,0,0,78.41386613,691.7015,0,0,656,0,1.5602,0,0.0231,0,2,0
473,0,139,0,298,1196,0,0,0,56.5395,609078,0,199.5,0,7163112,0.2522,0,0,0,0,0
8106,0,0,99,0,219,0,442.7155,109.3582,62.0992,61.264587,0,0,0,358,0.1325,0,0.0166,3,2,0
0,22,0,139,0,99,0,0,0,58.5123,64.41662132,219,0,4792,0,-0.0535,0.1575,0,5,1,0
4123,42,0,139,0,179,0,0,0,59.0946,79.5019,0,0,0,0,-0.053,0.0465,0.019,3,0,0
3124,0,0,0,298,199,0,0,0,63.2423,71.255,0,0,796,0,-0.1622,0,0,4,0,0
0,289,179,139,0,99,0,0,0,61.6207,67.1176,0,0,0,0,-0.0467,0,0.0554,2,1,0
2946,0,0,159,0,99,0,0,103.6377,76.5841,0,0,149.5,199,0,0.083,0,0.0169,1,4,0
4961,308,139,0,318,199,0,138.749,0,42.9487,21.9556,0,0,0,0,-0.0179,0,0.006,8,2,0
2153,227,0,239,0,179,0,0,0,43.4366,45.6231,0,0,1312,0,0.2126,0,0,0,1,0
7001,0,0,80,0,99,0,0,0,54.7661,41.5774,0,0,3909,0,0,0.2116,0,1,2,0
5969,309,0,139,0,100,0,468.556,0,51.6205,507.9232,0,0,836,1470,0,0.279,0.0321,0,1,0
0,0,0,119,0,139,0,154.8607,0,71.1073,65.5288,0,119,0,516,-0.0859,0,0.0148,4,0,0
2944,135.0000605,199,0,159,139,0,1306.5038,0,68.5692,54,318,0,537,0,-0.0327,0,0,1,3,0
8692,150,0,0,0,80,0,0,0,58.5017,507.0862,0,0,4116,0,0,0.3242,0.0053,3,1,0
0,166,119,0,219,139,0,0,0,483.182949,482.9831,0,20,0,716,0.2719,0,477.0422,9,1,0
8919,73,0,179,0,219,0,81.5585,104.6154,69.7741,73.3181,0,80,516,0,0,0.3535,37.008,3,1,0
953,22,0,0,0,100,494.4124,0,0,31.9012,41.6206,0,0,0,0,0,0.1619,0.0115,3,1,0
3181,256,0,0,198,1002,0,151.0095,0,87.5692,0,0,0,0,0,0,-0.132,0,2,4,0
8797,293,0,0,0,179,0,0,113.8683,58.0783,71.0536,0,0,557,318,-0.0074,0,0.0431,3,1,0
6094,306,0,99,0,119,584.5692,0,4891.0536,58.4888,73.1274,0,139,0,0,-0.005,0,0.016,8,1,0
5691,149,0,0,258,119,0,0,0,382,381.8674,0,0,596,0,-0.1132,0,0,3,4,0
7354,306,0,0,378,179,0,0,0,52.7714,58.9012,0,109.5,0,4951,0.2126,0,0.0153,10,1,0
6891,0,0,99,0,80,0,0,907.4183,79.7062,60.9231,0,0,278,0,0.2508,0.1308,0.0129,0,2,0
10589,42,0,0,0,99,0,0,77.3273,71.8111,45.541,0,0,0,179,0,0.3622,0,1,2,0
9041,321,0,0,0,119,131.6499,87.5184,0,73.544,76.1688,0,139,0,0,0.1325,0,0.0127,10,1,0
9672,169,199,0,139,0,0,1102.5353,0,67.5774,76.0444,0,0,0,20910152,0.2612,0,0.061,6,0,0
4105,0,239,199,0,139,0,0,0,73.5,69.8828,0,0,299,318,0.1525,0,0,1,7,0
8919,213,0,0,239,219,0,0,0,65.848,71.8181,119,0,0,457,0.106,0,0.0266,1,3,0
8559,306,0,199,0,179,0,0,0,37.0308,35.5118,0,0,936,0,0,0.275,0.0112,7,2,0
3550,81,179,0,0,0,699.0789,0,0,58.5142,53.9685,0,0,219,0,0,0.0984,0.042,3,0,0
7691,43,0,0,0,179,0,541.0116,0,63.5462,63.1721,0,0,1652,0,1.814,0,0,3,2,0
10832,0,0,0,80,179,0,0,549.5208,57.3189,56.7926,99,0,795,0,0,0.4076,0.0258,8,4,0
6607,0,99,179,0,219,0,0,0,63.0362,64.0054,80,0,119,0,0,0.3796,0,4,2,0
0,22,0,99,0,0,0,519.5172,381.2827,75.5103,68.5821,0,0,2086,0,0,0.2636,0.0233,3,0,0
8062,150,0,219,0,179,0,167.0118,624.0385,55.6297,57.5947,259,0,0,0,0.1656,0,0.0146,10,1,0
5479,240,139,0,0,199,129.0025,0,0,481.5685,41.115,0,0,179,0,0,0.1856,0.0124,3,2,0
7961,169,139,180,0,0,0,0,0,36.0056,382.805913,0,0,0,0,0.0534,0,0,3,5,0
3697,157,0,139,0,159,0,158.6067,1104.2926,45.6103,58.10893,0,0,0,657,-0.075,0,0,10,1,0
3811,157,0,139,0,219,0,0,0,66.9558,62.7403,0,0,0,159,1.5288,0,0,3,1,0
2472,0,119,0,0,179,0,0,0,52.107,53.0062,0,0,4473,0,0,0.1167,0,10,1,0
7861,148,0,0,139,159,0,0,0,17.3182,21.6142,0,0,1076,0,0,0.162,0,6,2,0
7257,134,0,0,0,119,0,0,98.8151,76.5014,68.4649,0,99.5,0,0,0.0112,0.1342,0.0096,2,1,0
9078,239,0,0,179,119,0,0,0,45.556,42.7495,0,0,676,0,0.1396,0,0.0143,1,5,0
1483,163,258,0,179,0,0,609.5172,0,69.5091,73.271,0,0,0,159,0.1532,0,0,2,1,0
10893,306,139,0,0,1198,542.0123,0,0,66.0028,56.2424,99,0,896,0,1.4382,1,0,4,2,0
0,304,0,0,0,179,0,0,68.2556,61.2083,64.6154,199,0,676,0,0.1724,0,0,8,0,0
5897,0,0,0,119,0,0,576.0824,0,67.8243,65.3841,0,0,0,0,0,0.1165,0,0,1,0
8956,0,0,80,0,0,0,0,896.7349,57.8055,78.4358,0,0,0,0,0.0752,0,0,0,0,0
10863,166,199,179,0,139,0,0,0,69.0023,79.9151,0,0,0,219,0.2297,0.3597,0.0145,2,1,0
3816,0,0,0,278,1193,0,0,179.8368,491.286,57.5843,0,139.5,0,83764,0,0,0,6,0,0
4198,289,0,119,0,179,0,157.578,134.1037,72.7931,55.0861,0,0,597,0,1.1746,0,0,0,0,0
696,0,0,179,0,199,0,0,0,51.5707,52.3136,239,0,1112,0,0.092,0,0.0229,10,1,0
9777,0,80,99,0,119,0,148.1439,0,69.9203,68.8816,0,129.5,0,258,0,0.0166,0,0,1,0
8192,166,0,99,0,119,0,0,543.7057,60.5024,69.41662,0,0,0,0,-0.1103,0,0,6,0,0
9091,0,0,0,0,80,0,158.0104,138.8132,46.6142,60.8103,0,0,0,0,0,-0.3162,0,2,1,0
8056,73,0,0,179,1192,0,0,117.0048,37.3249,0,0,0,974,0,0.1033,0,0,2,1,0
10408,277,0,0,298,80,0,774.5048,94.9253,81.81036,75.561926,0,0,437,0,-0.003,0,0,9,0,0
8607,134,0,119,0,179,0,0,0,56.33082116,481.6207,0,0,0,0,0.0686,0,0.0099,4,2,0
0,289,0,80,0,0,0,0,68.0523,63.4707,62.0025,199,0,3363,0,0,-0.1288,0,0,1,0
851,0,0,0,199,139,0,0,0,57.6236,73.1848,0,0,0,99,0,0.295,0.0123,6,0,0
6123,316,0,0,0,219,0,0,75.0799,28.8057,31.504,0,0,4,0,1.1165,0,0.0139,5,2,0
0,225,0,119,0,199,0,543.0111,193.0018,58.5232,53.615725,0,0,0,0,-0.0627,0,0,6,1,0
4,293,0,0,298,139,0,87.2788,619.2982,58,72.9123,0,119,797,0,0,0.1667,0.0154,1,2,0
816,315,179,0,0,0,210.502,0,0,74.9088,67.6907,0,129,0,318,0.0651,0.1561,0.0154,3,1,0
8098,0,0,0,99,139,0,0,792,508.0573,506.8948,0,99,0,199,0.1485,0,0.0107,0,4,0
4367,0,0,179,0,100,0,0,0,51.2796,54.3236,0,0,0,438,-0.0178,0,0,10,7,0
7764,57,199,119,0,0,0,0,0,66.8793,83.1455,238,0,4592,1316,0.131,0,0.027,5,7,0
9053,0,139,0,0,80,0,0,0,78.0454,93.41386601,0,0,1112,0,0,0.2974,0.0316,3,0,0
651,178,259,0,0,0,0,149.1887,0,50,743.9607,0,0,198,0,0.212,0,0.0126,3,1,0
8076,169,0,0,0,239,104.8388,125.6978,1137.0925,62.5204,61.4358,0,0,0,0,0.2753,0,0.0123,0,1,0
3296,0,0,0,179,1192,0,0,585,74.5135,78.5127,0,0,1132,0,0.0836,0,0.0283,0,0,0
10277,0,0,0,0,119,0,0,178.6755,96.0563,90.6427,0,0,0,0,-0.0194,0,0,4,1,0
2625,311,0,0,99,139,0,622.1755,0,55.7295,64.1215,0,0,0,179,0,0.1536,0.0084,0,1,0
5049,0,0,0,0,0,681.0454,0,621,59.5096,582.0027,0,0,0,103666,0.1576,0,0,8,2,0
7164,31,0,80,0,199,0,0,113.6095,76.3878,75.5903,0,0,557,0,0.3622,0,0,6,0,0
4771,163,199,0,139,159766,0,0,0,58.6609,57.4431,0,0,0,278,0,-0.123092,0,1,1,0
8963,163,179,119,0,139,0,0,114,54.0019,57.0294,0,0,0,199,0,0.1786,0.0185,4,1,0
2890,0,0,179,0,199,0,0,83.7257,29.0862,32.3846,0,0,205260,1311,0,1.5602,0,7,0,0
616,31,0,139,0,199,0,1506.0368,79.0019,45.6362,56.9003,0,159,717,159,0,0.1347,0,5,3,0
0,2403,0,0,160,1191,0,1504.5902,0,71.0124,0,80,0,0,159,0.0721,0,0.0066,2,1,0
10892,187,0,0,80,139,0,0,81.551,35.7931,361.5036,0,0,796,0,0,1.64,0.0221,4,2,0
5601,0,0,99,0,199,0,821.6032,381,31.002412,485.3123,0,119,0,179,0,0.2291,0,9,1,0
2195,57,0,0,99,179,0,483.0645,0,66.1271,70.161866,0,0,0,0,-0.0069,0,0.0179,4,1,0
0,42,99,0,278,199,0,173.0038,585.0451,81.9012,95.8151,0,139.5,0,1272,-0.0533,0,0.0189,10,0,0
4868,224,0,0,0,298,0,0,0,362.9014,391.3814,0,0,556,0,0.0219,0.1626,0,3,0,0
7762,153,219,0,0,99,1051.7971,0,0,397.5011,43.5118,0,139,1175,0,0,1.64,0,3,2,0
622,213,0,0,0,99,0,0,525.8116,97.0149,96.5774,0,0,0,0,-0.007,0,0.0208,2,0,0
6176,227,0,0,159,258,0,125.0025,0,37.571,0,0,0,1112,0,0,1.1165,0,10,2,0
3824,309,0,120,0,139,0,547.5941,454.6368,75.3273,79.21261064,0,0,0,0,-0.0567,0,0,2,1,0
1323,31,0,0,0,238,0,142.5124,684.1774,86.6496,60.4649,0,0,199,0,0.1106,0,0,1,0,0
7403,287,219,0,99,199,0,0,0,81.001549,79.2069,0,0,4592,0,0,-0.0119,0.0635,5,0,0
0,78,80,0,0,0,521.5047,0,0,90.70369,80.00411,0,99.5,179,0,0,0.173,0,1,0,0
7863,0,0,179,0,219,0,521.0073,0,58,54.5017,0,0,4116,0,-0.0725,0,0.018,0,3,0
1289,178,0,139,0,179,0,0,0,53.814,59,0,0,537,0,0,1.4382,0,2,4,0
8093,0,0,159,0,139,0,0,76.6208,46.4822,53.1411,0,0,0,0,0,-0.056,0.0154,3,1,0
8388,169,119,0,0,139,154.5534,0,0,76.8293,73.0883,0,99,576,0,0.0759,0,0.0133,2,1,0
3685,293,0,0,278,219,0,0,0,78.1496,76.2089,0,119,597,0,0,0.0741,0.0226,9,1,0
5928,289,0,199,298,139,0,0,0,0,33.0155,0,0,278,0,0.094,0,0.0071,7,1,0
9403,22,80,0,159,0,0,0,0,0,21.6036,0,0,2632,259,0.159,0,0.0142,2,1,0
4169,306,0,0,139,159,0,191.1433,99.4643,50.5774,51.6644,0,0,0,0,-0.0942,0,0.0224,2,1,0
6546,289,0,0,119,139,0,0,0,82.5145,74.0519,0,0,7361,0,0,0.2688,0.0227,2,1,0
10478,0,0,0,139,80,0,0,437.305,57.0238,52.5598,0,0,0,0,0,0.1645,0,1,1,0
1611,134,0,119,0,139,0,0,0,71.0039,72.9012,0,0,0,358,0.1385,0,0,9,2,0
10487,0,0,0,0,80,0,0,854.3852,58.0012,481.36,0,0,0,179,0.295,0,0,3,1,0
0,0,139,80,0,0,0,0,0,452.9154,507.8207,0,0,1112,0,0.1086,0,0,6,0,0
9589,157,119,179,0,159,0,469.4127,0,50.31211,52.8486,0,0,0,557,0.1422,0.1523,0,2,1,0
9894,70,0,0,139,0,0,210.9872,83.2618,104.501,96.0298,0,0,2903,0,0,0.1537,0,10,1,0
7054,0,558,0,179,159,0,0,0,75.5677,70.25326095,0,0,278,0,-0.0943,0,0,3,0,0
0,73,179,0,239,99,0,0,0,67.3232,74.6,199,0,0,159,0,-0.0081,0,5,0,0
0,31,0,139,0,119,0,0,945,37.8115,45.255976,258,0,0,0,0,-0.0088,0.0214,0,0,0
3059,0,0,0,199,179,0,0,0,40,58.5368,0,0,556,0,0,1.1761,0,6,1,0
7777,309,0,159,0,139,0,0,533.2218,53.2599,504.5106218,239,0,9,199,0.0703,0,0,0,1,1
8794,44,0,0,298,139,0,181.152,94.9282,63.5727,56.6094,0,0,0,0,0.3553,0,0.0112,0,4,1
10607,31,0,0,0,80,131,0,118.1189,77.7602,75.8179,0,159,0,0,0.1202,0,0.0179,5,2,1
0,22,119,0,0,199,0,0,0,481.1048,606.5022,139,139,239,0,0.2087,0,0,4,0,1
0,148,0,179,0,279,0,96.5692,735.3303,64.91662,56.6609,0,0,0,0,0.1623,0,0.0204,5,3,1
816,42,0,99,0,80,0,0,437.2776,40.5124,51.8207,0,99,20,298,0.1781,0,0.0292,7,3,1
2180,315,0,0,0,199,0,0,0,66.1147,65.5527,0,0,5761,298,0.0682,0,1196.0419,1,0,1
0,226,0,0,179,119,0,1122.0615,0,64.503,53.4142,0,0,0,0,-0.1183,0,0,0,6,1
9672,178,0,0,0,119,0,0,57.4362,97.5011,86.3262,0,0,418,0,0,-0.008,31.0144,7,2,1
0,225,0,0,219,99,0,671.2988,581,83.5949,81120194,0,0,0,80,0.085,0,0,10,0,1
5893,73,0,0,159,99,0,142.5039,135.2938,40.23,35.4169,0,80,0,0,-0.1428,0,0,0,2,1
3451,308,0,99,0,0,0,692.6368,0,481.9076,307.041,0,0,0,537,0,0.029,0,10,4,1
8076,229,0,179,0,139,0,0,113.0022,36.3242,33.1426,0,0,0,298,0,0.1647,0.0112,8,2,1
0,42,0,0,80,139,0,85.1457,819,58.2069,59,0,199.5,936,0,-0.0065,0,0.0194,2,4,1
6828,66,0,99,0,80,0,214.9258,447,483.5123,487.5885,0,99,179,0,0.1034,0,0,5,3,1
10674,98,0,0,99,80,0,101.91403,0,42.8238,39.5692,0,0,796,0,0,0.2667,0,0,6,1
4964,336,0,179,0,139,0,0,0,55,481.0955,0,0,0,0,0,0.3039,0.0255,2,1,1
5059,22,99,0,179,119,0,1114.279,0,64.9885,57.8673,80,0,0,0,0.0716,0,0,6,1,1
1275,136,0,180,0,0,0,0,0,46.523211,57.6605,0,0,0,199,-0.0529,0,0.0081,0,2,1
2890,0,0,119,179,199,0,596.3189,149.0119,70.5169,63.0308,0,0,854,0,0.1497,0,0,4,2,1
7192,306,80,0,0,179,103.9885,0,0,52.6432,39.5196,139,0,219,0,0.1924,0,0,6,2,1
58222,166,179,139,0,0,0,0,0,65.7172117,71.9076,278,0,0,358,0.1271,0,0,6,3,1
2822,163,0,139,0,179,0,0,1106.0238,76.055866,75.7711,0,0,516,0,0,0.1456,0.0301,9,0,1
6634,136,0,0,258,259,0,0,0,61.2404,0,0,179,1272,0,0,0.0769,0,3,4,1
5903,155,0,99,0,199,0,0,118.7697,53.5381,58.0941,218,0,536,0,0.0761,0,0,1,2,1
0,277,0,139,0,179,0,0,466,58.6555,46.541949,0,0,0,0,0.2116,0,0,8,1,1
6285,229,0,139,0,179,0,184.717,0,76.5446,96,0,0,0,796,-0.0327,0,0.0632,0,0,1
0,93,0,0,238,179,0,0,0,40.6234,45.5024,0,0,0,0,0.1467,0.1552,0.0154,0,4,1
8076,311,258,239,0,0,136.8207,174.5016,0,52.0934,63.0112,0,0,219,0,0,1.5022,0.0239,4,0,1
1096,256,0,0,0,139,131.914,0,0,76.981134,79.5057,0,0,0,0,-0.0179,0,0.0214,3,2,1
10368,0,0,0,0,1192,181.0188,0,0,52.9685,51,179,0,0,0,-0.0081,0,0.0319,6,0,1
7739,0,0,139,0,239,0,0,135.3687,69.5903,67.8011,278,0,537,0,0,0.1607,0.0259,7,2,1
3062,73,0,0,0,199,0,0,0,82.5546,89.2326,0,0,0,0,0,1.7775,0.0139,6,3,1
7125,98,0,0,139,99,0,0,135.807,66.2387,65.1468,0,0,0,0,-0.016,0,0.005,2,4,1
2325,194,100,0,139,1191,0,578.0208,0,79.23,75.5204,179,0,0,0,-0.055,0,0,0,3,1
7861,229,0,100,0,139,0,131.1356,0,43.4843,52.9292,0,0,0,1014,0,0.1611,0.0123,1,6,1
0,308,0,139,0,199,0,155.6157,109.8193,45.6526,42.5463,0,80,816,0,0,-0.0128,0,4,2,1
9062,22,139,0,159,99,0,0,0,90.9188,83.5017,0,0,716,0,-0.002,0,0.0142,2,1,1
4797,0,0,0,0,0,0,0,0,51.6015,53.6103,0,0,1342,0,0.2032,0,0.0256,7,3,1
7461,136,0,0,139,179,0,0,484.0538,82.8118,69.5018,0,0,478,0,0,0.2277,0.0239,7,2,1
0,229,0,0,239,219,108.6121,0,127.8068,52.0023,56.7308,0,0,139,0,-0.016,0,0.0536,3,0,1
0,256,0,0,278,179,584,0,0,1087.7707,21.5444,0,0,0,0,0,0.1767,0,0,0,1
7762,44,0,80,0,139,0,173.785,0,53.5186,56.5884,0,0,238,0,0.1059,0,0,8,2,1
0,225,298,139,0,199,0,0,497.8154,80.0479,73.0824,0,0,0,318,0,0.2242,0.0133,0,2,1
5961,203,0,0,179,139,0,157.4134,0,82.7851,83.8118,0,0,199,0,0,0.3303,0.0129,4,2,1
3068,22,0,139,0,219,0,0,98.0208,62.0787,65.6279,0,0,99,0,0,0.2955,0.0171,8,0,1
1272,0,0,0,218,139,0,652.9155,133.2893,57.61063,65.01,219,0,0,0,0,0.2942,0,3,0,1
651,98,0,0,179,199,0,122.2464,114.0769,76.5013,74.1746,0,0,915,0,-0.0625,0,0,5,2,1
8367,66,0,99,298,259,0,129.5206,96.1816,44.7929,48.2777,0,0,0,119,-0.0085,0,0.0283,3,0,1
0,130,199,0,0,179,0,0,0,25.5771,24.0052,0,0,0,278,0,0.2655,0.0762,4,0,1
867,225,0,0,139,100,0,0,0,61.814,62.5595,0,0,796,0,0,0.135,0,2,0,1
10039,0,0,239,0,139,0,150.9203,617.8779,52.2749,60.8055,159,0,0,0,-0.0327,0,0.0196,9,3,1
10386,150,99,0,0,80,755.2324,0,0,63.0026,65.9012,0,119,0,0,0,0.0761,0.0221,4,1,1
0,166,179,139,0,1194,0,0,0,492.582,56.285094,0,0,0,278,0,0.2633,0,8,2,1
0,0,0,0,199,1192,0,0,121,44.5933,0,0,0,378,0,0.1316,0,0,2,7,1
10666,309,0,239,0,139,0,0,765.504,58.8143,68.20239,0,159.5,0,318,0,0.3546,0,4,1,1
7561,134,0,80,159,99,0,0,0,65.5826,61.8473,0,0,0,0,-0.0175,0,0,8,4,1
10477,134,0,239,0,80,0,147.5094,583.287,51.3125,45.5308,0,0,0,0,0.0775,0,0.0124,3,6,1
3278,194,179,0,99,0,0,177.8293,0,69.794956,7112761,0,0,0,0,0,0.204,0,4,1,1
7097,0,0,0,0,199,0,0,572,82.0149,62.0479,0,0,0,318,0.3517,0,0,7,2,1
6905,296,0,0,119,219,0,0,458.2326,45.5842,406.4123,0,0,298,0,0,0.1522,0.0258,1,3,1
8096,78,1195,99,0,159,0,0,0,56.5519,47.0386,0,0,0,0,0,0.1169,0.007,1,9,1
7084,229,139,99,0,1191,0,0,0,40.8061,27.003094,0,0,199,1253,0.1333,0,0.0142,3,5,1
8705,73,80,0,0,0,165.0194,1122.2397,0,66.9674,70.4268,99,0,4363,0,0.1215,0,0,7,3,1
946,289,0,0,199,219,0,0,0,362.4711,0,0,0,2369,0,0.1216,0,0,7,2,1
4142,157,0,0,0,139,122.016,0,117.9107,36.4208,41.7185,99,0,199,0,-0.0085,0,0.0225,9,3,1
2766,336,0,99,0,139,0,0,461.1092,61.4181,65.9292,0,159.5,0,199,0.289,0,0.0311,3,5,1
3080,136,0,0,179,159,0,621.5273,0,31.7933,37.4819,0,0,0,0,0.1037,0,2092593,3,0,1
1672,227,0,238,0,99,0,0,0,72.5677,67.2899,0,0,0,0,0.1336,0,0,0,3,1
3026,78,0,139,0,80,0,0,0,90.5232,86.41663185,0,0,0,0,0,0.0568,0,0,2,1
8057,130,0,0,0,179,0,0,0,62.62393,60.5677,0,0,616,0,0.0372,0,0,10,3,1
10778,336,0,0,139,179,0,0,508.0237,40.5232,407.502956,0,0,576,0,0,0.1167,0.016,3,4,1
8255,22,0,119,0,239,108.159,0,73.0314,71.7906,74.0537,0,0,0,0,-0.0022,0,0.0184,0,0,1
10533,78,159,0,0,199,129.5452,0,0,66.8151,70.8847,119,0,0,298,0.1336,0,0,7,0,1
5682,130,0,119,0,0,0,0,93.5011,32.5844,0,179,0,0,715,0.1029,0,91.0249,4,2,1
0,324,0,0,0,99,721,524.7187,0,66.289,71.81881,0,179,239,0,0.2726,0,0.0292,3,0,1
8073,256,0,0,0,0,0,0,533.5926,481.5546,55.8091,0,0,1312,0,0.1045,0,0.0622,7,2,1
517,304,0,80,0,0,0,0,87.7386,84.5373,68.9118,0,0,836,0,0.1327,0.1387,0,6,0,1
2872,256,0,179,0,298,0,196.7775,519.1173,41.5644,45.0125,238,0,0,338,0.0839,0,0,10,3,1
5616,311,0,239,0,139,0,0,624.6594,72.6208,80.5016,0,0,0,0,1.4032,0,0.0144,9,0,1
4181,78,0,119,0,179,0,131.6111,181.0019,84.6729,88.6627,0,99,318,0,0.1395,0,0,2,1,1
2531,66,80,0,0,0,0,184.061,0,75.5407,85.2115,0,179,0,417,0.122,0,0.0145,5,7,1
3857,226,139,219,0,358,0,0,0,35.0022,362.5237,0,0,2249,0,0,0,0,8,7,1
3282,336,0,139,0,199,0,0,871.8702,56.142388,69.9644,0,0,1611,0,0,0.0865,0.0172,4,3,1
0,73,0,0,99,199,0,0,489.8178,42.648,481.2405,0,0,676,0,0.0845,0,0.0229,9,1,1
981,308,0,199,0,179,0,0,107.0926,51.0032,52.9596,0,0,1194,0,0.0819,0.1189,0,0,3,1
6017,0,0,99,0,80,0,0,0,74.0245,70.8794,0,0,536,0,0.1837,0.1708,0.0192,7,0,1
10356,21,0,20,0,179,0,0,585.0424,40.3654,30.90621163,0,0,0,0,0,0.1033,0,6,1,1
10386,187,0,0,0,139,0,845.1415,0,65.5208,56.0309,0,0,0,0,0,0.278,0.0107,3,5,1
6597,66,0,0,0,0,0,0,105.3195,77.5796,62.2527,0,0,874,0,0.0892,0,0.0153,3,7,1
0,240,0,179,0,199,0,605.4358,57.0139,35.7001,41.5036,0,497.5,0,477,0,0.2345,0,3,7,1
0,0,139,80,0,99,0,0,0,51.0016,0,0,159.5,0,0,0,0.4966,0.02,3,0,1
9961,227,0,99,0,199,0,1112.0711,487.8482,37.6123,0,0,80,1314,0,0,0.077,0.0069,7,0,1
10146,157,0,0,99,199,0,0,616.0023,66.4642,52.982666,0,0,80,198,0,0.2776,0.0114,2,1,1
4771,61,0,139,0,199,0,220.7867,128.9151,41.5123,36.8793,0,0,518,0,0,0.1358,0.0233,2,1,1
4117,0,219,139,0,298,0,210.5685,0,46.5296,57.3181,0,0,0,0,0.1533,0,0,3,0,1
8354,289,0,0,278,179,0,0,871.2861,73.6416,76.0792,0,159,0,0,0,0.8116,0.0179,1,2,1
2104,31,0,0,0,99,0,0,579.6279,77.1536,88.0231,0,0,0,0,0.3965,0,0.0188,6,3,1
8104,0,0,139,0,80,0,0,549.3118,56.554,52.8412,0,0,0,776,0,-0.7255,0.0187,4,0,1
8954,148,0,99,0,139,0,0,0,31.3697,34.3121,80,0,755,0,0.1032,0,0,0,3,1
9061,0,0,119,0,139,0,0,0,59.8207,54.504023,0,0,0,0,0.123,0,0,2,3,1
7666,0,0,0,199,139,0,449.0454,0,47.1607,53.981933,0,0,0,2091,-0.0364,0,0,3,2,1
8692,0,0,0,0,239,0,0,181.0378,59.6177,57.5061,0,0,0,0,0,0.1921,0.0045,2,4,1
6205,0,0,0,0,80,0,0,0,0,74.3263,100,0,596,0,0.1807,0,0,6,1,1
1642,321,0,0,0,199,0,142.0871,0,73.311301,78.1085,0,0,0,0,0.2531,0,0,4,0,1
10586,321,0,0,0,159,0,0,0,45.7083,58.859,0,139,179,0,0.1319,0,0.0114,2,6,1
6791,256,0,0,99,179,0,151.3449,0,69.7294,60.5021,0,0,1371,139,0,0.1172,0.0423,5,0,1
6757,308,0,0,0,278,0,0,0,61.2397,6112.6208,0,0,0,0,0,0.1433,0.0256,2,2,1
4109,0,0,0,119,279,0,1124.9292,0,88.5905,75.5441,0,0,1695,0,0.07,0.0295,0.0171,3,1,1
7091,135,179,119.5,0,258,0,0,0,57.79484902,62.7746,139,0,0,936,0.2087,0,0,2,1,1
7257,316,0,179,0,199,0,0,0,74.2462,55.8246,0,0,0,0,0.2632,0,0.0253,2,2,1
6901,203,0,0,278,0,0,0,0,0,24.4605,0,0,0,179,0,0.105,0.0223,10,0,1
5178,306,0,0,278,0,0,110.5016,98.7377,71.61542116661548,75.0348,0,0,824,0,0,0.4971,0,3,0,1
7692,135,119,80,0,179,0,0,0,64.5048,52.0017,0,0,1112,0,0.1427,0,0.0204,6,1,1
5692,30,179,0,0,139,0,581,0,40.9657,41.0022,0,0,0,457,0,0.1747,0,2,7,1
7894,78,0,0,99,80,0,558.4367,87.6705,46.212,45.5308,0,0,0,139,0,-0.0435,0.0155,0,2,1
1442,155,0,0,139,179,0,152.0956,0,52.7923,43.2402,0,0,0,0,0,0.0861,0.0208,2,1,1
7408,256,0,0,298,80,0,200.2387,85.0658,34.1277,31.9231,0,179,9,0,0,0.2184,0.0156,10,0,1
8665,171,0,0,199,119,0,0,0,84.2844,88.3135,0,0,0,0,0,0.1215,0,10,3,1
8203,178,0,179,0,0,0,0,0,30.3303,31125090,0,0,0,0,-0.114767,0,0,10,4,1
8192,289,0,99,0,80,0,0,0,509.4643,52.8197,0,0,1273,0,0.2216,0,0,7,3,1
0,0,0,0,0,99,85.5414,0,84.3236,55.5242,52.9495,0,0,0,0,-0.3053,0.2793,0,0,0,1
1479,44,0,0,0,139,346.3578,0,381.4836,73.3135,67.0675,0,0,597,0,0.5192,0,0,8,0,1
9076,78,99,159,0,0,0,0,0,66.0089,76.0408,0,0,1332,0,0,0.1497,0,4,0,1
2177,308,80,278,0,159,0,158.5106,0,36.5856,44.2583,0,139,0,179,0,0.0959,0,6,3,1
8961,0,0,99,199,119,0,0,0,65.7202,68.5561,139,0,0,0,0,0.2228,0.0208,6,4,1
0,31,139,80,0,179,0,1302.5015,0,47.3263,62.8293,0,0,1651,0,0.1258,0,0.0292,2,2,1
8591,194,0,0,179,139,0,0,832.0024,78.2776,76.9848,119,0,238,0,0.1741,0.1371,0,3,0,1
10571,74,0,159,0,179,0,155.0479,453.1562,54.0906,75.3877,437,0,0,596,0,0.4416,0.0145,2,2,1
9408,289,0,0,0,99,135.7081,0,76.2031,87.2485,88.6271,80,0,0,179,-0.0927,0,0,2,1,1
717,256,0,0,0,199,0,0,0,606.6242,64.782973,0,0,0,298,0,0.249,0.0185,7,4,1
0,157,179,0,139,0,0,0,0,71.8779,56.7669,0,0,0,0,-0.01,0,0,2,6,1
7805,0,0,99,0,80,0,831,678.5157,5664.5401,606.241,0,0,0,0,0.0406,0,-265.0085,3,2,1
6961,256,0,0,0,139,96.6368,0,95.1611,85.00711,95.1592,0,0,0,0,-0.0089,0,0.0136,8,3,1
6762,287,80,0,219,99,0,0,0,45.20386612,42.6569,0,0,995,0,-0.0783,0,0,0,0,1
4607,297,80,0,0,0,0,0,0,90.0906,81.4643,298,0,0,597,0.1658,0.1854,0.0099,6,0,1
5863,0,0,0,0,139,130.0824,0,79,72.6154,52,199,0,438,0,0.1837,0,0,8,3678,1
765,229,99,0,219,179,0,0,0,85.5774,94.7257,0,0,0,477,0,-0.3177,0,0,2,1
4760,306,0,0,99,139,0,0,0,65.3861,47.1059,0,0,0,179,-0.003,0,0.0116,2,1,1
9076,0,0,159,0,99,0,0,130.9607,65.4669,71.5955,0,0,199,0,0.1783,0.1839,0,8,1,1
3517,227,80,99,0,199,0,105.5592,0,59.0902,58.061,0,0,0,0,0,0.4109,0.0133,2,3,1
9403,166,0,139,0,179,0,867.6341,105,481.0102,0,0,218.5,80,0,0.2223,0,99.0344,4,3,1
0,308,0,0,139,239,0,142.166,674.6302,84.5721,85.661892,0,0,0,0,0,0.4201,0.0194,7,0,1
9509,70,139,0,278,199,0,96.7701,0,56.4123,58.9368,0,119,0,0,0.263,0.267,0.0271,3,0,1
9062,81,0,0,179,100,0,0,547,57.4643,606.712,0,0,0,0,1.4932,0,0.0167,4,2,1
8077,277,0,0,0,179,108.5011,0,0,81.8293,0,0,0,0,160,-0.0128,0,0,6,0,1
9292,73,0,139,0,99,0,753.0626,0,24.5232,29.8482,0,0,974,0,-0.0024,0,0,0,3,1
3289,169,0,80,0,159,0,100.0278,104.5836,52.7647,59.4059,0,99,0,0,0,-0.0106,0,8,3,1
7661,78,0,139,0,179,0,0,845.6271,55.31131141,56.0943,0,0,697,0,0.0487,0,0.0107,10,2,1
0,324,119,99,0,80,0,128.0314,0,61.3895,0,219,0,912,0,0.2215,0,0,4,3,1
7949,308,0,0,179,159,0,0,806.1633,67.4642,68.0077,0,139,199,0,0.1225,0,0,0,0,1
2931,153,199,80,0,0,0,150.0106,790.7268,55.802311,60.6207,0,139,0,179,0,0.0925,0,4,0,1
4892,148,0,0,80,139,0,0,95.6207,78.0012,691.7487,0,179,0,99,0.22,0.2781,0.0231,6,1,1
8074,277,0,0,0,100,102.0015,0,131.2577,21.8063,29.7127,0,99,1605,0,0,0.3012,0,0,0,1
5964,57,0,0,0,80,0,0,0,90.9177,71.0107,0,99.5,2266,0,0,0.253,0,3,4,1
3127,153,179,0,0,258,97.0237,0,0,86.2851,84.2639,0,119.5,0,139,0.2061,0.2781,0,4,7,1
0,256,0,0,99,278,0,0,514.0372,81.5015,85.8118,0,0,0,0,0.0761,0,0.0111,4,2,1
557,0,0,1195,0,199,0,0,145.0394,67.011951,76.175949,0,0,0,576,0,0.2775,0,1,3,1
3449,187,0,119,0,0,0,0,0,33.1624,37.5395,0,159.5,1773,0,-0.0562,0,0,1,0,1
1499,169,99,0,0,139,131.6208,0,0,73.9154,78.9077,0,159.3333,0,0,0,-0.008,0.0417,0,3,1
7861,73,0,80,0,99,0,196.4643,588.7609,87.5016,0,0,0,974,0,0,-0.004,0.0238,4,3,1
0,78,0,139,0,179,0,0,49.0109,65.0013,68.5014,0,0,0,278,0,0.3897,0,7,1,1
10573,73,0,0,0,219,0,0,104.3933,36.582,37.4109,0,0,0,477,-0.1201,0.0821,0,0,0,1
0,293,139,179,0,80,0,0,0,73.4368,76.5822,0,0,119,0,0.3032,0,0,2,3,1
5984,0,0,179,0,99,0,0,0,74.7692,60.6014,0,0,716,0,0,-0.0084,0.0213,3,0,1
5861,57,80,0,298,119,0,0,0,90.9453,79.2092,0,99,0,199,0.1162,0,0,7,0,1
9777,178,0,0,0,219,10955.6154,521.789,449.0017,487.3083,57.3931,0,179,358,0,0.0614,0,0.0122,0,0,1
10026,73,0,80,0,99,0,0,0,68.6105,69.2723,0,0,298,0,-0.1589,0,0.0152,5,1,1
9125,31,0,119,0,179,0,828.4643,482.9607,42.8087,47.2984,0,0,0,0,-0.1276,0,0,2,0,1
10020,150,0,0,199,239,0,0,114.0793,0,24.3947,0,0,2314,0,-0.0075,0,0,10,0,1
9862,74,0,0,0,179,0,0,181.9931,1143.9081,21.6046,0,0,0,2391,0.0437,0,0,3,0,1
7703,42,0,219,0,0,0,0,68.5452,73.2706,69.7279,0,0,0,1193,-0.0136,0,0,2,0,1
4697,277,0,159,0,1191,0,10550.5204,108.0319,90.0157,0,0,139,0,199,0,0.556,0,5,1,1
0,136,0,119,238,179,0,0,0,57.8821,43.5015,0,0,835,0,0,0.2744,0,2,1,1
6051,0,80,0,0,99,527.6154,0,0,0,69.0018,0,238,0,0,0,0.0792,0,2,0,1
4692,0,0,0,199,0,0,521.9452,91.0934,74.7173,75.1319,0,0,219,0,0,0.28,0,3,0,1
853,287,0,139,0,99,0,0,0,79.4133,80.0063,0,0,1272,835,0.2232,0,0.0326,0,6,1
9963,321,0,80,0,139,0,0,0,506.8239,581.4265,0,0,0,0,-0.0165,0,0,8,2,1
8541,321,0,0,0,159,1126.5015,0,98.0786,77.2583,76.33,99,0,0,198,0,0.2774,0.018,7,0,1
10408,150,0,0,199,80,0,133.0078,122.4712,43.6165,44.5452,0,0,1653,0,0,0.2699,0,1,1,1
619,311,0,0,159,199,0,0,181.6968,55.61032116,55.7263,0,0,0,0,1.5845,0,0,5,0,1
4669,277,0,0,20,179,0,128.104782,0,37.2783,45.5127,0,0,0,0,-0.0026,0,0.0165,7,0,1
5567,0,0,119,0,139,0,0,0,54.5522,0,99,0,298,0,0.1032,0,0.0281,10,4,1
10588,70,139,99,0,179,0,0,0,56.2344,47.0022,0,0,0,537,0.0426,0,0,3,0,1
10255,311,0,0,0,139,521.8239,0,587,81.72083,65.560123,239,0,179,0,0.1061,0,0,2,3,1
8666,78,159,0,0,179,125.0548,0,0,74.7735,71.0351,0,338,20,0,0.1406,0.1731,0,5,2,1
0,66,0,0,238,179,0,0,437.4366,69.8293,58.0104,0,119.5,298,0,0.1527,0,0.0259,7,3,1
3273,240,0,0,0,119,564.1496,0,622.2741,37.73863284,362.5904,0,0,0,159,0.0996,0,0.0044,2,1,1
6103,134,159,0,179,1191,0,0,0,58.0532,51.5199,99,0,0,199,0,0.3162,0.0179,2,7,1
1371,0,139,238,0,0,0,0,0,47.0532,45.98166,0,0,159,0,0,0.1552,0.0281,0,3,1
0,73,0,0,99,179,0,136.6302,0,25.8123,32.5017,0,0,516,0,0.0395,0,0.0146,3,1,1
8051,307,0,0,139,119,0,0,0,71.4302,58.914,0,0,0,498,0,1.275,0,6,2,1
9042,0,80,199,0,159,0,0,0,40.6015,57.912,0,0,0,676,0.0889,0,0,10,0,1
1802,44,199,218,0,159,1302.5199,0,0,41.5031,59.1036,139,0,0,119,0.1721,0,0.0171,9,1,1
4921,93,0,0,199,179,0,0,0,0,45.073,0,0,139,0,0.1571,0.1271,0,8,0,1
7445,0,0,119,0,139,0,0,94.501,79.6239,77.5847,0,0,0,0,-0.0437,0,0.0133,2,0,1
3662,225,0,0,159,179,0,0,127.0019,32.901,28.8013,0,0,0,0,0.1161,0,0,7,1,1
1653,306,0,0,159,139,0,0,181.1395,58.5034,76.8417,0,0,0,0,0.2398,0,0,8,2,1
0,307,0,0,119,139,0,131.3157,558.9607,34.2344,37.7471,0,0,0,0,-0.0169,0,0,4,0,1
8894,240,0,139,0,99,0,0,131.0447,76.9069,69.5019,0,219,0,0,0,0.1465,0.0048,1,3,1
1294,194,0,80,0,99,0,0,0,49.1764,51.0136,180,0,0,0,0,0.3232,0,6,0,1
8125,31,0,99,0,139,0,100.0562,0,48.11,53.0179,0,119.3333,199,0,0,0.1029,0,3,0,1
2240,134,0,0,119,179,0,0,0,80.6486,75.1341,0,0,834,0,-0.0723,0.128,0.0429,0,0,1
7317,66,0,0,179,139,0,0,85.7981,69.5232,65.6201,0,178.5,835,0,0,0.3302,0,3,2,1
7761,44,239,0,0,199,103.0338,0,0,47.5017,56.1172,0,0,1194,0,-0.0156,0.2071,0,8,0,1
0,91,159,119,80,139,0,208.649,0,43.2032,40.5025,0,0,278,238,0.063,0,0.0189,0,0,1
7982,308,0,0,0,219,0,0,0,66.5017,57.1221,0,0,457,0,0,0.3018,0.0076,7,3,1
8982,321,0,159,0,139,0,109.7765,0,481.4381,47.0208,0,0,0,358,0.1023,0,0.0171,2,6,1
6408,178,0,179,0,80,0,103.8486,77.0124,58.1287,57.2319,0,0,0,0,-0.0311,0,0.0088,1,2,1
5757,166,0,0,0,179,116.5135,0,0,381.7184,46.8238,0,0,1795,0,0.2268,0,0.0103,4,3,1
1664,240,139,0,119,179,0,154.2079,0,607.6142,56.6922,199,0,537,0,0.1332,0,0.0348,6,2,1
2102,130,99,258,0,139,0,0,0,487.5501,45.3307,338,129.5,2361,0,0.0825,0,0.0208,4,1,1
955,155,0,80,0,99,0,0,0,69.5833,66.2628,0,0,377,0,-0.007,0,0,2,3,1
0,166,0,0,0,0,0,794.7862,0,47.1565,46.5526,0,0,0,0,1.6121,0,0.0207,4,2,1
4113,0,0,0,159,179,0,220.8702,581,75.78,75.9003,0,0,0,0,0,0.0859,0.0111,0,3,1
8351,311,0,0,0,120,194.6411,191.9462,0,44.4787,37.7716,0,0,0,0,0.1366,0,0.0256,4,2,1
7461,74,0,239,0,0,0,0,117.3173,38.4643,0,0,0,2342,0,0.1438,0.1758,0.0194,1,0,1
834,187,239,0,139,179,0,0,0,41.7732,402.7596,0,0,278,0,0.1259,0,0,0,3,1
6076,0,0,0,179,139,0,167.0454,0,52.2748,47.7842,0,80,378,0,0,0.1174,0,2,1,1
8605,0,80,99,0,119,0,0,93.0011,481.9253,51.0292,0,0,516,0,0.419,0,0.0122,2,0,1
6076,52,219,0,398,338,0,0,0,69.2552,82.56174966,0,0,0,0,-0.1172,0,0,2,4,1
0,66,0,199,0,139,0,150.5186,494.0959,71.7697,72.0787,0,0,556,0,0,0.3303,0.0209,0,2,1
8954,169,0,0,378,179,151.6208,0,87.501,67.0056,66.0666,0,0,457,0,0,0.3696,0.0126,2,0,1
5894,315,0,0,0,0,865.0047,0,716.6131,452.0408,453.5202,0,0,0,0,0,0.2343,0.031,2,4,1
3795,293,0,0,100,139,0,1012.3303,0,63.6673,63.0156,99,0,537,0,0.1891,0,0,7,1,1
4048,166,0,0,179,0,0,154.8482,84.69,73.9487,56.5554,0,0,1112,0,0.1311,0,0,6,2,1
0,304,199,0,219,139,0,0,0,82.61721137,84.5011,0,0,0,0,0,1.2738,258.0115,2,5,1
914,336,0,278,279,179,0,0,0,61.6401,60.0145,0,0,0,1196,0,0.33,0,2,5,1
4997,0,0,139,0,179,0,0,91.2677,56.447,62.5685,278,139,0,0,0.2228,0,0,10,2,1
0,169,0,179,0,139,0,0,441.2617,52.0619,45.7647,0,0,199,0,0.0837,0,0,0,4,1
7277,0,0,298,0,119,0,0,0,65.0552,362.5771,457,0,576,0,-0.0093,0,0.0416,3,2,1
9077,44,80,0,0,119,706.5677,684.1582,0,102.5056,1018154,179,0,0,0,-0.0165,0,0.0416,8,1,1
9485,277,0,0,179,119,0,150.5278,109.0354,66.6629,61.2083,0,0,556,0,0,0.3163,0.0541,0,0,1
8483,311,0,0,0,159,0,0,133.0841,81.814,8211.052,0,0,0,0,-0.0713,0,0.0139,7,2,1
7300,0,0,0,179,159,0,0,66.0059,21.6047,0,119,11966,0,0,0.059,0,0,1,0,1
0,163,0,159,0,1191,122,518.5477,0,60.0175,40.8846,0,0,0,0,-0.9795,0,0.0206,2,1,1
976,304,0,0,0,0,441.5123,0,0,123.1892,1112.5017,0,0,0,0,0,0.2403,0.0544,2,6,1
3997,44,0,0,0,199,521.5499,1112.9669,0,606.5929,606,0,239,159,0,0.085,0,0,1,2,1
6961,21,80,0,199,139,0,0,157,37.6591,0,0,0,1192,0,0,-0.0124,0.0541,9,1,1
4351,225,0,218,219,119,0,95.0268,0,62.5894,43.8358,0,109.5,0,0,0,0.1742,0.0547,7,1,1
9719,289,0,0,119,139,0,0,0,76.2352,84.5685,0,0,676,0,0,0.0383,0.0199,8,1,1
7081,0,139,0,0,99,0,0,0,84.5765,67.0689,0,0,0,199,0.1252,0,0,7,0,1
4141,0,199,0,0,219,105.6368,0,0,72.5017,58.4166,0,0,0,0,0,0.1668,0.0229,1,3,1
9813,293,0,0,0,80,104.61542,0,0,36.7206,42.9931,0,0,0,438,-0.1611,0,0,10,3,1
853,66,0,0,179,80,0,95.5014,0,361.9487,37.3894,0,179,278,199,0,0.35,0.018,2,0,1
8062,42,0,0,239,199,0,0,0,76.814,75.469,0,0,1693,0,-0.0769,0,0,5,3,1
0,0,139,0,318,0,0,0,0,71.13411,77.5017,0,0,0,0,0,0.2623,0,8,0,1
5975,22,0,119,0,80,0,193.6045,516.0511,76.0621,71.9207,198.5,99,0,0,0.1416,0,0.0179,3,1,1
617,157,0,0,199,179,0,0,481.0703,60.7308,59.4392,0,0,0,0,-0.0825,0,0.0122,10,3,1
9095,0,0,139,0,99,0,0,0,71.1324,66.8829,0,0,0,0,0,0.1957,0.0326,3,1,1
8277,309,0,0,0,199,0,191.3242,96.5609,81.8537,80.7263,0,219,318,0,0,0.1572,0.0208,2,0,1
3495,78,0,179,0,99,0,131.5341,0,37.7083,45.443056,0,179,676,0,0.1752,0,0,4,2,1
0,293,0,0,0,0,133.0541,0,0,68.5142,73.691951,0,219,0,0,-0.0083,0,0.0216,1,1,1
3999,130,0,199,0,119,0,0,0,37.9166,0,0,0,0,0,-0.0194,0,0.0329,7,1,1
7948,304,0,0,0,0,4863.0231,0,0,68.1612,44.0054,0,0,994,0,0.2835,0,0.016,7,0,1
5573,134,0,80,0,219.0000162,0,576.8596,0,67.6946,60.4461,0,0,1411,0,0.0482,0,0.053,3,2,1
1096,194,0,0,0,199,153.0123,0,104.8341,61.5197,56.574466156949,0,0,0,0,0,0.1667,0,1,0,1
8061,316,0,0,219,80,0,0,0,76.7712,68.6633,0,0,796,0,0.1436,0.1721,0,2,0,1
0,31,0,0,199,259,0,128.0753,0,481.5017,57.8011,0,0,0,836,0.1215,0,0.0145,3,2,1
0,81,0,298,0,338,0,0,107.4138,76.0791,84.0874,199,199,994,0,0.0636,0,0,7,0,1
2953,289,0,0,438,119,0,0,179.0016,90.2557,87.3303,0,0,139,0,0,0.2774,0.0119,6,1,1
4771,150,0,0,0,139,0,0,547,103.2741,85.7848,0,0,23,0,0,0.4189,0.0112,0,2,1
0,0,0,0,0,0,0,0,0,89.4608,86.8184,0,0,0,0,0,-0.0316,0.0071,6,0,1
753,293,0,139,278,179,0,0,108.3613,64.6568,70.8118,0,159,0,318,0,-0.0217,0.0202,0,4,1
10165,315,139,0,179,219,0,131.5015,0,912.6105,31.9208,0,99,0,0,0,0.1866,0,6,2,1
0,321,0,99,0,80,0,0,130.3121,56.0374,77.7602,0,139,0,179,0.1736,0,0,8,0,1
9589,311,179,0,159,219,0,0,0,66.8151,65.6127,0,0,0,0,0,2.3577,0,0,0,1
0,0,0,99,0,179,0,0,210.2895,84.5373,82.9835,0,0,953,0,0,0.0642,0.0166,0,6,1
656,70,0,0,100,219,0,632.0169,131.0392,52.5232,48.5017,99.5,0,0,119,0,-0.0412,0.0092,5,2,1
2449,61,0,139,0,80,0,97.1321,65.1477,45.0847,55.9405,0,0,676,0,0.2122,0,0.0255,10,3,1
4368,0,99,139,0,219,173.0634,104.4731,0,32.4133,3119.8139,0,179,2248,0,0,0.1315,0.0261,0,3,1
4982,178,0,0,99,139,0,119.8989,0,87.7053,87.5043,0,80,796,0,0.2876,0,0.0224,5,2,1
9408,148,0,0,0,139,0,122.5022,0,106.4649,95.66111873,0,0,0,716,0.142,0,0.0299,10,0,1
0,98,0,0,159,219,0,220.0161,85.1326,53.512,56.1465,0,0,0,0,0,0.1174,0,2,4,1
9077,28,0,139,0,179,0,584.5764,95.2394,70.620511,56.4138,0,0,0,0,0,0.1254,0,0,3,1
10573,287,99,139,0,179,0,0,0,84.1805,69,0,0,0,0,0.0613,0,0.0245,0,1,1
7882,153,0,0,0,159,0,114.64,0,56.9487,58,0,0,99,0,0,0.3095,0.0327,2,6,1
933,43,0,0,298,0,0,0,0,55.6177,46.5232,0,0,0,0,0.0954,0,0.0208,2,0,1
4897,78.5,0,179,99,219,0,0,5862.5186,484.3925,45.0154,0,0,298,0,0,0.056,0,1,0,1
9408,22,0,298,0,199,0,0,787.0295,66.8906,62.5,0,0,0,0,0,0.2362,0.0071,3,5,1
8764,0,0,139,0,0,0,0,0,1102.6092,107.7294,0,0,0,219,0,0.2922,0,2,3,1
7461,169,0,179,0,199,0,0,125.052,44.083,481.8388,0,0,0,556,0.2733,0,0,8,4,1
1769,163,0,139,0,179,0,0,544.5855,77.12,79.3833,0,0,0,39764,0,0.0792,0,0,3,1
0,289,0,80,0,99,0,0,114.8343,60.9207,40.73412,0,0,0,100,0,0.1428,0,8,0,1
1254,225,0,0,139,1007,0,652.501,0,491.5014,57.6271,0,0,0,517,0,0.2445,0,4,1,1
517,315,0,0,139,199,0,0,94.0037,31.92,18.5844,0,0,0,0,0,0.6157,0,4,0,1
0,0,0,179,0,0,0,0,114.4351,45.5202,59.1256,0,0,0,0,0,0,0.0045,4,1,1
3226,78,99,179,0,0,0,564.289,0,36.5707,0,0,0,0,752,0.1706,0.2396,0,2,6,1
10189,315,139,80,0,0,583.8179,0,0,57.5165,56.269,0,99.5,0,0,0.1592,0,0.0199,9,4,1
6056,321,0,0,238,179,0,0,0,62.7083,76.5255,0,119.5,417,0,0,0.2303,0.0169,0,0,1
5982,304,0,0,0,139,0,0,0,33.4647,20.6054,0,0,0,338,0,0.3264,0.0166,8,2,1
7894,289,0,159,0,1191,0,0,0,41.0444,38.6012,0,0,0,0,0.3467,0,0,0,0,1
785,315,0,119,0,99,0,129.5039,95.8118,75.5692,76.0406,0,0,0,0,0.0761,0,0.0136,0,0,1
10335,135,99,159,298,80,0,1121.0666,0,40,43.6425,0,0,715,0,0.1186,0,0.0044,3,2,1
0,278,159,99,0,0,0,449.5592,0,66.8685,75.0168,0,149,198,0,0,0.2587,0.0256,5,1,1
5199,306,159,0,179,139,0,583.5145,0,90.6602,85,358,0,1332,0,0.1486,0,0.0274,2,1,1
2973,225,0,0,199,0,0,0,0,41.5931,20.27891,0,0,617,0,0,0.2876,0,0,0,1
7897,21,0,0,0,219,0,0,0,32.6239,35.2955,0,0,0,478,0.152,0,0,2,2,1
8071,225,139,0,179,199,0,0,0,90,84.00442466,0,0,0,0,0.1077,0,0,6,2,1
5631,289,0,179,0,139,0,0,104.0043,54.5,484.4366,0,0,378,0,0,0.1172,0.0218,7,1,1
7091,136,0,159,0,219,0,0,112.2796,68.5196,69.5918,0,139,179,0,0.1433,0.2667,0.0187,6,2,1
8403,135,0,139,0,199,0,91.5592,0,74.7707,71.8116,0,0,397,0,0,0.2923,0.0184,4,3,1
0,43,0,80,0,139,0,0,0,54.5278,65.2399,0,0,0,318,0.1586,0,0,7,2,1
5632,78,119,179,0,139,0,196.0618,193.1587,40.0019,55.9603,0,0,0,0,-0.007,0,0,1,2,1
9065,0,0,0,199,179,0,0,49.9607,74.7707,77.1143,0,0,0,0,-0.082,0.176,0,2,1,1
715,130,0,99,0,0,0,0,0,61.0018,67.6644,0,0,139,0,0.2383,0,0,10,3,1
9777,187,179,139,0,199,0,0,592.0339,87.9659,78.3242,0,0,0,0,-0.4285,0,0.1063,0,0,1
5962,229,0,0,0,199,140.018,105.2033,0,45.103836,58.554,0,139,1412,0,0,0.4189,0.037,2,4,1
9076,78,119,80,0,139,0,101.0059,0,37.6541,0,0,0,0,258,0,-0.111201,0,4,0,1
0,73,0,0,139,159,0,87.9378,124.4207,48.784966,50.6208,99,0,0,438,0.0753,0,0.0179,2,3,1
9528,130,0,0,139,179,0,0,495.5204,58.5961,40,0,0,0,239,0.0639,0,0,2,0,1
5169,309,0,0,0,119,0,87.8132,571,52.2496,55.8077,0,109.5,0,99,0.0825,0.2055,0.0201,4,2,1
4388,22,139,0,0,219,89.5014,105,0,60.6108,76.5965,199,0,0,0,0.1219,0,0.0256,5,0,1
10891,153,0,0,179,239,0,1114.0949,525.0854,57.0294,53.3095,0,0,0,0,0,0.1406,0.0179,0,3,1
0,169,0,139,0,179,0,0,125.2491,63.7731,66.0115,0,0,0,0,0,0.314,0.0229,4,3,1
706,0,179,119,0,140,0,184.8302,0,57.0089,56.2796,0,119,0,0,0,0.1183,0,8,0,1
6144,134,0,0,139,80,0,513.5195,0,90.17881,72.9759,0,0,0,0,0.0851,0,0,7,1,1
8692,309,0,139,0,159,0,0,0,82.1342,79.0025,0,99,0,0,0,0.3563,0,0,0,1
0,289,0,0,219,179,0,0,0,64.2316,65.7714,0,129.5,934,0,0.3796,0,0.0136,7,3,1
4817,148,0,0,338,179,0,0,84.1402,64.859,74.6707,0,0,576,0,0.1655,0,0.0155,2,4,1
7780,308,0,0,278,199,0,0,0,90.5027,80.614,0,139,0,159,0.1034,0,0,4,0,1
2899,306,0,99,0,179,0,0,651,53.071,67.0044,0,0,0,139,0.063,0,0.0238,2,3,1
4138,169,0,0,179,139,0,0,716,56.0231,58.134,0,0,0,0,0,0.1741,0,6,3,1
9042,30,0,159,0,80,0,135.4707,0,64.0488,63.542086,318,0,0,139,0,0.2768,0.018,4,0,1
7351,163,179,0,199,99,0,0,0,44.0723,31.356591,0,0,0,995,0,0.4916,0.0088,5,1,1
7403,136,0,0,0,99,0,0,0,57.0128,56.4685,0,0,0,139,0,0.2443,0,10,4,1
0,0,199,219,179,0,0,0,0,44.4061,47.7207,0,0,0,498,-0.4172,0,0,3,0,1
7356,135,0,0,199,179,0,128.914,0,66.7647,66.4138,0,199,0,0,0,0.029,0,0,1,1
0,321,179,159,0,219,0,0,0,0,21.0527,139,0,0,0,0,0.1313,0,1,5,1
10646,324,0,0,0,179,85.5499,0,0,71.4685,69.1387,0,0,1193,0,0,0.2071,0,0,2,1
8591,30,0,0,99,199,0,0,0,57.1404,56.0917,0,0,597,0,0,0.029,0.025,1,3,1
5072,8130,0,139,0,80,0,0,0,481.7025,497.5106,0,0,0,159,0.1056,0,0,2,4,1
10267,178,0,239,159,99,0,0,87.5014,44.7717,47.6135,0,149.5,80,0,0.382,0,0,8,0,1
0,227,0,80,0,179,0,0,109.4843,63.1311,70.2289,0,0,278,9,0,0.2878,0,8,0,1
3815,163,0,338,0,99,0,1506.4133,77.0298,79.8168,81.6012,0,0,0,855,0,0.0859,0.0067,7,3,1
8192,78,0,100,199,179,0,792.1605,117.3091,56.8833,58.4608,198,0,299,0,0.0707,0,0.0143,4,1,1
1868,0,119,0,278,179,96.0614,0,108.0451,61.1183,63.6478,0,0,0,80,0,0.0837,0,4,3,1
3917,52,0,179,0,99,0,0,105.0154,68.469,76,0,0,0,0,0,0.0929,0,9,0,1
5452,148,99,80,0,139,0,0,131.4385,69.1532,45.8118,0,0,0,0,0,-0.0785,0.016,0,3,1
5771,0,0,0,338,0,0,0,0,381.0929,482.5853,0,179,0,0,0,0.3619,0,1,0,1
1086,0,80,0,0,199,0,481.5033,0,84.9148,85.8332,0,0,0,0,0,0.3726,0,8,0,1
0,203,0,179,0,0,0,531,107.5204,82.7177,8212.7083,258,0,2697,0,0.1033,0,0,7,0,1
4697,78,0,139,0,258,0,2202.5501,0,66.3271,62.083464,0,0,0,0,0.1192,0,0,3,2,1
4229,229,0,0,219,99,0,0,104.8482,73.0792,0,0,219,1036,0,-0.0587,0,0,3,2,1
2184,22,0,0,219,179,0,574.0547,105.0156,58.2681,55.62081,0,0,3774,597,0,0.2215,0.0099,0,2,1
8946,321,139,0,119,0,0,108.1478,0,57.2684,46.5036,0,0,0,199,0,-0.0096,0,3,1,1
10477,307,0,199,0,159,0,0,692,73.5693,64.0017,0,0,0,0,0,0.0891,0.0271,0,0,1
0,178,0,0,139,1191,0,0,524.123,65.2398,65.8825,0,0,478,0,0,0.0861,0,2,1,1
5761,321,179,0,0,99,104.5741,0,0,89.5692,84.0208,0,139,0,278,0.1432,0.0753,0.0127,9,3,1
8300,227,0,139,298,1191,0,181.6644,79.583,46.2878,40.4177,0,199,0,0,0,0.1456,0,7,1,1
0,157,0,119,0,179,0,0,447,484.8282,483.1316,0,0,0,0,0,0.5446,0.0253,10,3,1
0,309,0,0,139,119,0,191.5017,94.6936,69.7083,62.6755,0,0,2514,0,0,0.1871,0.0434,6,1,1
3599,134,0,159,0,219,0,103.5012,0,31.79443,33.3372,0,0,0,0,0,0.1741,0,0,2,1
7573,43,0,0,119,80,0,106.4208,0,86.574,86.6047,0,0,0,0,0.1687,0,0.0218,0,2,1
5914,236,0,219,0,179,454.0123,0,0,67.3118,76.5893,0,0,936,0,0.0881,0,0.0253,7,0,1
9526,309,0,0,0,139,87.029,0,96.0012,54.5598,55.059,0,99.5,4473,0,0.0925,0,0,5,4,1
5894,308,0,338,0,99,0,0,91.0048,76.8825,62.7931,298,0,0,0,0.0692,0,0,8,0,1
0,321,0,0,0,219,0,97.5106,69.0208,76.2036,74.2488,0,0,0,0,0.1371,0,0.0149,9,4,1
11892,0,0,0,0,1195,147.052,0,0,43.2368,40.5036,0,139,318,0,0.1428,0,0,6,2,1
8403,311,0,0,99,1592,0,748.2428,532.051,74.7001,0,0,0,996,0,0.1822,0,0,3,4,1
8062,0,0,0,159,99,0,571.5193,506.2776,69.0569,70.8473,0,0,0,199,0.1213,0,0,10,3,1
715,0,0,0,0,80,0,0,104.2418,382.0824,381,0,0,0,975,0,0.1202,0,2,0,1
7950,178,0,0,278,179,0,1126.0849,0,65.7705,484.8179,139,0,0,338,0,0.3012,0.0133,2,8,1
10477,30,0,0,0,99,0,0,0,66.3262,76.8793,0,0,796,0,0.1174,0,0.0271,7,0,1
6777,134,0,0,99,179,0,91.501,117.0295,37.5,27.0013,0,0,0,0,0,0.2526,0,9,2,1
0,225,139,99,0,80,0,0,0,75.5692,72.7179,199,0,656,0,0.134,0.2075,0.0147,8,2,1
5680,289,0,99,0,179,0,104.8151,0,76.0063,69.5206,0,0,1334,0,0,0.085,0.0231,2,0,1
8010,256,0,139,0,179,0,0,0,52.4138,54.1472,0,0,0,278,0.0408,0,0.0316,0,4,1
0,148,0,99,0,199,0,523.1383,69.9166,606.7123,65.078894,0,0,0,856,0,0.1892,0.0445,4,0,1
10818,43,0,0,419,80,0,441.6362,0,4062.8839,34.5,0,0,0,0,0,0.4355,0.0308,10,2,1
6902,44,0,0,0,99,195.6536,0,194.7953,59.0422,58.2083,0,0,0,576,0.2631,0,0.0295,0,3,1
652590,289,379,179,0,0,0,584.7368,0,71.2364,0,0,0,0,438,0.2496,0,0,0,3,1
8125,277,0,139,0,219,0,0,87.0152,37.5403,51.8585,0,0,0,0,0,0.1059,0.0292,0,6,1
4771,52,0,80,0,139,0,0,0,36.4157,452.7849,99,0,1195,0,0,0.1665,0.0155,3,5,1
2740,229,0,99,0,159,0,605.2852,576.1037,64.3577,59.5948,0,0,1655,0,0,0.122,0,0,7,1
5672,289,0,0,139,238,684,0,1109.2062,56.8308,54.5817,0,0,0,0,0,0.0821,278.0229,0,0,1
9485,150,139,179,0,99,0,727.5554,0,57.5946,61.814,0,119.5,0,0,0.102395,0,0.0107,2,3,1
6881,44,139,0,0,0,0,72.7471,0,93.0208,91.4302,0,0,0,0,0,0.1937,0,8,0,1
0,289,0,179,0,139,0,166.5692,0,51.5745,55.6612,0,0,0,0,-0.0511,0,0,6,0,1
9607,256,0,0,278,199,0,0,0,68.8378,56.0238,0,139,179,0,0.2347,0.2083,0,2,5,1
10571,44,0,0,358,119,0,1107.359,0,43.5,55.541,179,0,0,0,-0.2133,0,0,7,4,1
0,57,0,80,0,139,0,0,829.8378,55.7181,54.2548,0,0,0,0,0,0.1054,0,3,0,1
1134,21,0,0,0,179,195.002,596.8132,205,67.614,62.5135,139,0,815,0,0,0.1097,0.0102,10,1,1
1573,0,139,298,0,199,0,0,0,0,37.385,0,0,0,437,0.3611,0,0,2,2,1
0,73,0,0,139,179,0,0,95.1588,81.5204,79.7844,0,0,0,318,0,0.2547,0.0071,0,3,1
7963,42,0,0,0,99,0,194.6347,98.0406,481.92,41.5231,199,0,617,0,0.1837,0,0,8,0,1
9164,227,219,278,0,179,0,564.8123,0,40.5206,606.541249,0,0,676,0,0,0.2926,0.0227,3,2,1
0,44,0,139,0,358,0,1104.5022,617.9674,84.5235,85.33,0,0,179,0,0,0.2948,0.0145,8,0,1
10829,306,199,0,0,298,1104.0024,0,0,69.3241,89.0744,0,0,99,0,0.1341,0,0,2,0,1
8123,0,99,0,179,139,0,0,0,70.8179,76.9076,0,219,0,0,0,0.1836,0,7,2,1
0,0,0,0,159,199,0,0,0,76.1183,64.5403,0,0,1715,0,0.2071,0,0.0167,9,1,1
5771,0,179,0,278,159,0,0,0,57.5774,60.2115,0,0,0,0,0,0.255,0,2,4,1
0,31,0,0,99,139,0,128.7166,0,291.9885,246.367,0,0,0,119,0,0.2315,0,10,0,1
2361,57,0,0,199,99,0,0,0,76.1566,79.5692,0,0,0,0,0,0.1428,0.0327,3,2,1
6098,0,0,0,239,319,0,0,484.5374,34.7142,31.7831,0,0,4982,0,0,0.3761,0,3,2,1
5920,169,0,99,0,238,0,0,531,64.0245,69.4685,0,0,0,0,0,0.3426,0,6,0,1
6071,0,0,0,179,99,0,0,0,35.275,34.3944,0,0,378,0,0.353,0,0.016,3,2,1
0,256,119,0,0,99,210.4242,0,0,43.1055,482.541,0,139,1412,0,0,0.4843,0,1,4,1
8561,31,80,0,139,0,0,0,583.2362,59.0921,72.8197,0,0,198,0,0,0.1775,0.0192,4,0,1
7483,150,0,139,0,80,0,200.9292,809.248,40.122,0,0,298,0,557,0.419,0,0,2,0,1
10578,44,0,0,179,0,0,0,0,67.2496,75.6195991,0,0,0,99,0.1022,0,2060113,7,0,1
10512,136,0,0,179,80,140.004,0,45.0425,67.8401,68.9012,99,0,576,0,-0.0536,0,0.0258,6,2,1
0,256,0,0,119,80,0,108.5164,0,61.4208,42.7127,219,0,198,0,-0.0434,0,0.0199,9,0,1
0,289,0,0,119,139,125.0562,0,105.8203,110.6401,86.5546,0,119,99,0,0.1488,0,0.0237,3,0,1
10586,227,0,0,0,100,0,0,142.6905,40.5202,45.2601,139,139,417,0,0,0.2137,0.0244,4,5,1
8954,30,99,0,80,0,0,0,0,42.6207,43.486,0,0,0,278,0.2643,0,0,5,2,1
0,0,0,239,0,199,0,468.7177,73.2496,56.6139,43.4117,0,0,278,0,0,0.1627,0.0153,7,0,1
3516,31,80,119,0,139,0,0,0,44.9487,45.8238,199,0,4116,0,0.0822,0,0.0208,3,0,1
0,74,0,0,99,258,0,0,114.859,73.00239,77,139,0,0,0,0,0.204,0,5,4,1
0,98,0,0,239,179,0,609.1356,0,43.2648,31.6051,0,0,0,358,0.0601,0,0,3,0,1
7094,57,0,0,339,258,0,0,149.0348,58.8888,56.6481,0,0,657,0,0,0.2461,0.0119,3,3,1
7777,134,0,80,0,278,0,170.5016,0,41.8045,33.0783,0,0,1272,915,0.2091,0,0.0239,3,1,1
517,306,0,259,0,219,0,0,1006.8179,71.7459,76.7851,0,0,0,0,-0.016,0,0,8,1,1
4960,227,119,0,0,139,461.7097,173.6906,0,73.3136,69.0762,199,199,0,518,0,0.0859,0,0,2,1
6125,0,159,80.000066,99,139,0,0,0,79.7087,76.8114,0,0,990,0,0,-0.007,0.027,3,4,1
5849,163,0,0,0,0,0,0,181.248,70.2877,63.914,0,258,657,179,0.135,0,0.0187,4,0,1
6154,73,0,139,0,99,0,0,452.0012,494.3557,487.1183,0,0,119,0,0,0.0915,0.0107,4,3,1
5578,306,0,0,0,179,173.6899,196.5094,118.1084,73.7851,84.0514,417,0,0,0,-0.007,0,0.0155,3,2,1
9086,22,0,159,0,0,0,0,576,68.9453,68.5232,0,0,0,318,0.212,0,0,1,2,1
1484,157,159,0,278,179,0,166.6053,0,80.0165,81.859,0,139.5,337,0,0,0.4109,0.0338,1,4,1
3275,289,0,99,198,139,0,0,0,59.001101,57.72,0,0,0,0,0.106,0,0.0281,4,1,1
0,225,0,139,0,179,0,169.314,0,34.7781,41.6431,0,0,0,199,0.0778,0,0.0203,9,0,1
6861,81,219,0,0,179,95.6629,721.501,0,63.5271,0,199,0,577,0,0.1337,0.0837,0,3,4,1
0,256,0,199,0,219,0,0,0,482.2898,52.2039,0,0,80,0,0,0.3536,0.0212,0,0,1
5573,134,99,100,0,179,0,0,0,44.6177,42.7257,119,0,0,417,0,0.3341,0.0147,2,1,1
656,321,0,179,0,80,0,191.0913,0,76.8792,58.121,0,0,0,0,0.052,0.227,0.0119,7,5,1
4103,78,80,0,0,99,1506.5428,220.7384,0,591.5083,483.1852,238,0,0,1192,0,0.2717,0,9,3,1
8509,289,0,119,0,0,0,0,0,76.9707,73.502,0,0,278,139,0.037,0,0.2384,2,0,1
0,169,0,0,219,0,0,0,584.3249,62.593566,61.5403,0,0,0,0,-0.017,0,0,8,4,1
0,0,139,0,298,0,0,122.7808,0,59.585,58.781,119,0,0,0,0.1696,0,0,4,2,1
8891,150,0,0,0,199,128.7705,0,0,54.0408,53.5024,0,139,0,0,0,0.2776,0,6,1,1
0,78,0,0,139,80,0,0,118.601,63.4608,57.12136,0,0,2369,0,0.018,0,0,0,2,1
3456,311,0,0,0,219,154.8123,191.6582,142.0451,65.5796,58.4209,0,179,99,0,0.1837,0,0,3,2,1
6757,73,0,0,139,119,0,210.8118,521,71.8361,67.9003,0,0,0,159,0.0886,0,0,2,4,1
9961,311,139,0,179,278,0,0,0,21.5774,33.0992,0,0,0,99,0.3411,0,0.0112,5,2,1
2385,240,0,0,179,139,0,133.9078,0,36.7701,37.0707,0,0,0,1710,0.1311,0,0.0159,3,1,1
4861,311,0,0,139,199,0,522.5016,0,61.2394,67.859,0,0,2742,0,-0.0085,0,0.0166,7,1,1
9791,136,0,0,0,159,0,0,0,382,381.208,0,119.5,0,0,-0.004,0,0,4,2,1
0,163,139,219,0,0,0,0,0,76.72891,94.3302,0,0,0,16911264,0.3301,0,0,3,0,1
5564,0,0,99,0,0,0,0,0,71.5929,70.311314,0,0,596,0,0,0.2275,0,9,0,1
3795,157,298,0,238,99,0,0,0,491.27092,54.3141,0,119,756,0,-0.0092,0,0,10,0,1
7091,57,0,80,0,99,0,671.8341,0,17.503852,41.6057,0,0,834,139,0,0.1627,0,3,4,1
1875,155,80,278,0,159,0,0,0,69.104023,71.41663,0,0,4343,0,-0.006,0,0,3,0,1
0,213,0,0,0,179,442,130.8144,442.8495,83.5894,84.0669,338,169,836,0,0,0.3438,0.0364,2,3,1
0,61,0,0,0,80,0,0,0,66.1341,63.5927,0,0,0,0,0,0.1138,0.0199,4,2,1
4692,44,179,0,139,1194,0,0,0,74.6411,75.5601,0,0,219,0,0,0.2898,0.0083,0,2,1
8192,169,159,0,278,199,0,481.912,0,493.0811,484.501,139,0,179,0,0.1733,0,477.0208,0,6,1
5954,22,238,199,0,1193,0,0,0,66.1279,494.7268,0,0,0,0,0.0978,0,0,8,2,1
7894,43,0,0,0,0,155.5092,135.8779,0,63.9123,75.8868,0,179,0,1112,0.1497,0,0,6,4,1
9071,0,0,139,0,159,0,0,105.3916,73.0811,71.0074,0,0,0,0,0.122,0,0,4,0,1
5199,315,0,0,0,80,0,105.114,84.1744,63.5847,56.6236,0,0,2764,0,0.1892,0.2187,0,3,0,1
0,78,0,219,0,0,0,0,0,33,0,0,139,796,0,0.029,0,0,9,0,1
9732,306,0,0,179,239,0,434.5368,0,57.469,56.10593,0,119.5,0,0,0.0741,0,0,2,3,1
10590,171,0,0,0,179,0,0,0,42.512,0,0,0,1532,0,0.0761,0.0671,0.0145,8,4,1
854,289,0,0,0,80,0,0,554.324,85.6015,84.0014,0,0,3981,0,0.0694,0,0.0503,6,3,1
0,130,0,0,199,159,0,0,627.8341,25.5796,31.2344,0,0,0,0,-0.0172,0,0.0093,2,3,1
5894,130,0,0,139,159,0,0,0,41.003,45.7775,0,139,99,0,0.114,0.12,0,10,3,1
5169,150,0,0,179,99,0,0,0,44.8188,57.71661,0,0,0,0,-0.0145,0,0.0067,2,1,1
0,178,0,0,0,219,533,0,441.3781,61.5511,71.5018,0,0,0,377,-0.1652,0,0.0074,2,7,1
1764,289,0,0,139,258,0,0,1082.5514,75.2087,56.7257,0,0,9,0,0.1525,0,0,2,0,1
10778,150,0,0,498,139,0,0,492.2402,77.5017,81.1771,458,0,832,0,0,0.1942,0.0154,4,2,1
8982,30,0,0,0,219,0,0,0,72.0971,69.72963,0,112.3333,4914,0,1.7487,0,0,2,0,1
3292,169,0,199,0,80,0,158.5819,441.8596,43.8035,41.1172,0,0,796,0,0.037,0,0.0231,5,0,1
2196,178,159,80,0,179,0,0,0,60.5577,62.8116,0,0,0,139,0.2352,0,0,10,3,1
4354,229,80,0,0,139,148.0023,0,0,31.81792,33.60611,119,0,298,0,0,0.3162,0,3,2,1
10335,0,239,0,139,179,0,0,0,35,45.3249,0,0,0,0,0,-0.061,0,6,4,1
6921,0,99,179,0,139,0,0,0,1008.7048,1004.0546,0,199,576,0,0.0651,0,0.023,3,2,1
10226,78,0,0,0,0,0,169.0045,113.3303,40.5,47.2055,438,0,954,0,0.029,0,0.0529,7,2,1
7071,213,0,0,0,139,0,0,872,56.5823,55.80122476,0,0,0,0,0,1.3813,0.0171,0,2,1
3795,0,0,0,0,100,103.5016,0,0,64.9814,0,159,0,697,0,0.1047,0,0,10,0,1
6544,31,0,0,80,1191,0,131.0054,210.6154,40.6602,44.5452,0,139.5,179,0,0.128,0,0.0205,7,2,1
3166,229,80,119,0,179,0,0,0,56.3264,72.959,0,0,199,0,0,0.3023,0,4,1,1
7961,30,0,0,0,119,0,0,124.501,36.05233,41.71063,0,0,0,0,0.2294,0,0,3,2,1
10118,307,0,119,0,139,0,0,0,72.0166,71.05121,0,0,676,0,0.0404,0,0,8,0,1
2126,153,0,99,0,199,0,128.9598,113.006,61.5017,65.5969,0,119.5,934,0,0.1387,0,0,7,3,1
1250,0,0,119,179,139,0,0,633.5692,482.0853,0,0,0,0,0,-0.1587,0,0,3,2,1
0,78,0,0,0,0,432,166.5091,471.6362,84.1438,84.367,0,0,0,0,-0.0194,0,0.0099,6,0,1
4764,78,0,0,159,100,0,196.2122,83.1788,491.0026,67.0103,0,0,0,0,-0.2559,0,0.0439,10,2,1
0,0,0,0,278,0,0,0,108.0764,45.5073,42.5014,179,139.5,9357,0,0.1032,0,0.0179,0,2,1
0,0,0,0,0,80,0,583.4189,0,72.5826,73.53872152,0,0,0,0,-0.0037,0,0.0622,6,2,1
10578,163,139,0,0,99,1172.5389,0,809.912,56,481.276982,0,179,1655,0,0.0362,0,0.0147,9,1,1
7051,135,0,0,199,179,0,131.4769,558.6015,52.0032,53.6079,0,0,0,219,0.0661,0,0.0214,10,2,1
10367,0,0,0,160,139,1143.9087,0,144.0309,58.1241,63.0054,0,0,0,0,0.1176,0,0.0166,8,0,1
2571,42,338,119,0,99,0,0,0,65.5063,66.002,238,0,0,556,-0.016,0,0,8,2,1
10597,57,0,119,0,0,0,0,0,46.5852,56.2048,0,0,0,258,0.2133,0,0,2,2,1
7082,306,0,119,139,219,0,191.5013,0,66.0559,79.1611,0,0,0,0,0.0326,0,0.0167,3,0,1
3677,31,0,139,0,1191,0,821.5044,0,40.387852,36.5206,0,0,516,0,0,0.1126,0,7,6,1
5591,31,99,179,0,1195,0,0,0,45.7906,36.0536,0,139.3333,0,0,0.1273,-0.0023,0,0,2,1
2327,153,0,0,0,278,0,0,0,66.0088,59,0,0,3678,0,0.3011,0.3011,0,0,2,1
2899,157,199,0,119,139,0,0,75.4,57.3038,54.9867,0,0,0,0,0,0.0045,1390,5,4,1
10677,213,0,199,0,179,0,1306.5014,0,96.1033,102.9839,0,159,0,0,0,0.2827,0.0311,5,1,1
0,309,0,0,0,139,0,191.008,0,14,0,0,179,0,0,0.2389,0,0,4,2,1
7901,178,119,0,99,219,0,607.6605,0,81.9824,73.5692,0,0,0,1314,0,0.2032,0.0092,2,5,1
0,289,0,139,0,159,0,113.0166,104.0598,0,60,0,0,0,0,0.2406,0,0,8,1,1
616,31,0,179,0,199,0,0,0,56.5707,56.5774,0,179.5,477,0,0.1342,0,0.0475,8,2,1
2182.000032,0,0,0,159,0,0,514.9607,0,52.5197,56.0916,0,0,318,0,0.2725,0,0.0226,10,1,1
0,321,0,0,318,80,0,210.5523,85.0152,68.0047,65,0,0,0,0,-0.153,0,0.0467,8,1,1
0,42,0,0,0,99,181.7441,0,185,46.9685,55,0,119.5,0,159,0,0.2184,0,7,0,1
1473,171,0,0,239,199,0,0,518.9659,77.4306,76.0494,0,0,0,0,0.1915,0,0,3,1,1
5692,155,0,0,318,179,0,122.0419,488.4117,96.5292,90.912,0,159,1272,0,0,0.1205,0,6,2,1
8791,136,0,0,119,139,0,0,0,84.5019,89.6154,179,0,358,0,0,0.3478,0,1,3,1
7807,57,0,0,179,80,0,0,0,37.003,0,0,0,0,1194,-0.0196,0,0.0218,2,0,1
9593,42,179,99,0,0,0,184.0778,0,62.0102,53.5644,0,119.5,637,338,0.0512,0,0.0202,4,7,1
9056,136,0,0,179,219,0,681.0231,769.9487,482.5208,59.1095,0,0,0,0,0.0825,0,0.01,3,4,1
6091,42,0,0,139,179,0,0,0,76.4189,70.010976,0,139,1314,0,0.1215,0,0,3,4,1
0,304,0,99,0,179,0,0,743,71.72953,67.1886,0,159.3333,0,1492,-0.0834,0,0,1,8,1
7961,293,0,139,0,119,0,0,138.0606,52.5847,482.5725,0,278,0,0,0.1336,0,0.0118,2,4,1
6408,0,119,0,159,219,0,0,0,61.8468,63.0941,0,238,953,0,0,0.3265,0.0364,1,2,1
10841,240,0,0,338,99,0,0,73.4367,52.1089,69.267,0,238.5,697,119,0.1296,0,0,9,2,1
8012,166,0,0,0,99,193.0338,0,0,66.57,67.9669,0,179,795,0,0.122,0,0,3,0,1
0,42,80,0,298,0,0,792.5014,0,591.0819,52.1497,457,0,0,438,0,1.6157,0.0148,8,0,1
0,309,0,139,0,99,0,144.5206,0,452.6207,58.5848,0,139,1194,0,0.0871,0,0.023,7,5,1
7097,22,0,0,239,219,0,0,114.0178,36.4608,34.5056,0,179,159,0,0.1076,0,0.0237,9,1,1
8403,0,99,139,0,119,0,191.0454,0,79.0368,81.76021163,0,0,994,0,0,0.1745,0.027,0,6,1
0,73,99,0,139,119.3333,0,0,0,29.8499,20.5426,159,159,0,179,0.2382,0,0,8,0,1
746,309,0,199,0,2391,0,547.5366,489.0971,77.0103,68.5526,0,0,0,0,0.1831,0,0.0362,9,2,1
9061,73,0,199,0,179,0,0,8130.2239,72.0074,66.8651,159,0,0,478,0.2497,0.1695,0,7,2,1
8076,311,99,239,0,219,0,0,0,59.8077,58.9495,0,139.5,0,0,0,0.1883,0.0099,0,2,1
10483,297,0,0,0,199,726.9487,0,571,61.4208,65.0153,139,0,0,219,0.1838,0.2485,0,6,3,1
2883,295,0,0,0,179,0,0,0,42.4165,45.234466,0,0,1751,0,0,0.1345,0,0,0,1
6172,308,0,0,358,139,0,91.5016,0,51.62363,43.473,0,179,0,1352,-0.0179,0,0,2,0,1
8703,240,0,0,0,139,1124.7089,0,0,79.5809,74.2315,0,0,557,0,0,0.0466,0,10,0,1
9097,289,0,0,20,139,0,0,125.9487,61.1211,62.6471,0,0,398,0,0.0408,0,0.0132,1,1,1
2831,136,99,0,139,159,0,0,0,44.5046,493.9062,0,0,676,0,0,0.2071,0.0156,7,0,1
5199,157,0,0,80,179,0,585.5368,0,58.7496,41.0115,0,0,338,0,-0.0023,0.2552,0.0218,8,1,1
0,136,0,0,0,0,0,0,77.0612,59.5,55.72042132,0,0,0,0,-0.0878,0,0.0124,8,0,1
8017,31,0,139,0,239,0,0,0,125.4643,1126.5685,0,0,0,0,0.1523,0,0,2,0,1
0,30,139,0,0,159,91.0045,1124.6655,0,74.5017,78.1561,0,179,0,119,0.1627,0,7053.0629,4,0,1
4341,256,199,0,0,119,104.3121,558.8246,0,76.5135,73.4236,278,0,796,0,0,0.1056,0,2,1,1
7921,78,0,179,0,139,0,0,0,43.5202,41.3131,0,0,0,0,0.1775,0,0.0229,2,6,1
6091,30,139,0,239,159,0,124.5568,0,69.5828,64.5186,0,0,0,0,-0.0573,0,0.0213,10,5,1
3478,289,0,0,119,99,0,0,89.9661,31.5771,20.7941,0,0,0,238,0,0.3897,0.0096,10,3,1
590,22,0,0,239,0,0,0,169.1643,45.3271,43.912,0,219,0,0,0,0.1136,0,2,6,1
0,163,0,0,119,199,0,0,94.8657,607.6936,66.011,0,0,0,1314,0.0652,0,0,1,3,1
1499,309,0,258,0,80,0,0,0,68.2091,69.5644,0,0,0,0,0,-0.0208,0.0435,4,0,1
0,289,0,0,99,119,0,0,557.9487,362.6594,33.81143,0,0,890,0,-0.0427,0,0.0102,1,2,1
8556,293,0,199,0,1191,0,10540.275,0,64.1759,46.6908,239,0,0,695,0,0.3162,0,2,4,1
6058,277,0,0,0,99,122.1699,1111.6494,1124.1741,83.0454,84.5692,0,80,557,0,0,0.1308,0.01,1,2,1
7052,153,0,159,0,99,0,142.5014,0,69.859,66.7293,0,139,576,278,0,0.2222,0,2,3,1
4452,21,99,0,278,179,0,0,0,79.4236,82.8059,0,139.5,0,318,0,0.3895,0.0208,0,1,1
5619,0,0,0,139,199,0,0,118.0128,69.6151,70.41821188,0,0,438,0,0.3173,0,0,7,0,1
2094,293,0,219,0,99,0,0,0,53.6205,45.8123,0,0,0,0,0.2126,0,0.0249,0,6,1
0,78,0,258,0,1195,0,0,177,24.9657,1245.859,0,129.5,0,0,-0.7257,0,0,3,1,1
0,277,0,239,0,179,0,0,391.3814,69.0406,56.5884,0,0,139,0,0.1326,0,0.0179,6,0,1
7963,42,0,139,0,0,0,643.788,576.0598,0,73.0444,0,119.5,0,0,0,0.2467,0,3,2,1
3795,136,0,0,258,139,0,584.2396,108.0133,54.0776,52,0,99,0,0,0.1871,0,0,2,0,1
3575,136,99,0,0,179,0,114.717,0,0,60,0,0,198.5,358,0,0.419,0.0276,4,2,1
8076,153,0,0,219,119,128.714,0,0,57.2748,61.3241,0,139,318,0,-0.0009,0,0,2,0,1
5881,155,0,0,0,199,0,0,0,60,0,0,0,0,0,0,0.2765,0.0258,0,6,1
7053,73,179,0,99,199,0,167.7386,0,56.5123,53,0,99,139,0,0,0.4355,0,4,0,1
0,0,139,0,0,179,1129.0494,0,0,55.859,48.5014,0,219,597,0,0,0.1063,0.0165,4,3,1
4111,225,139,0,159,219,0,151.5933,0,29.71663,42.6543,0,0,597,0,0,0.5595,0.0345,2,3,1
4208,187,80,119,0,0,0,814.0588,0,62.5707,63.91062116,0,0,2248,0,-0.0851,0.1356,0.0233,3,1,1
2829,309,0,219,199,179,0,0,573.0115,381.9607,484.8243,0,0,0,0,0.2825,0,0.0256,8,1,1
0,44,0,0,438,219,0,154.0516,107.2398,73.4133,66.7257,0,0,8362,0,0.0677,0,0.0119,0,0,1
0,169,0,0,0,119,121.1478,0,0,31.0019,34.303856,0,0,853,0,0.9595,0,0.0106,2,0,1
0,187,239,139,0,298,0,194.5097,0,23.8013,24.0076,0,0,596,0,0.0585,0,0,1,1,1
0,0,0,0,199,139,0,477.0208,0,40.5202,38.10791,0,0,0,0,0.2135,0,0.0319,8,0,1
7692,136,0,80,0,199,0,541.0237,473,76.57,73.5011,0,179,0,0,-0.0154,0,0.0466,2,1,1
0,0,199,0,0,99,131.5,1011.6039,0,57.4177,53.5824,0,0,318,0,0.0642,0,0,3,2,1
9762,169,0,0,0,259,100.5012,818.5204,101,55.0098,57.5024,0,80,219,0,-0.017,0,0,0,2,1
9999,74,0,0,0,219,0,589.7142,0,59.9203,58.5692,0,0,1313,0,0,0.179,0.0132,7,1,1
3382,0,139,0,159,80,0,0,0,56.7268,70.27761,0,0,836,0,0.3047,0,0,4,0,1
5692,227,0,159,0,119,0,196.6142,0,69.2028,76.2544,0,0,477,0,0,0.1332,0.0145,1,6,1
0,336,0,80,0,20,0,0,0,21.5242,18.6531,0,0,0,576,1.1532,0,0,6,0,1
657,136,0,0,159,239,0,476.1828,79.0941,31.2311,34.3873,179,0,99,0,0.1385,0,0.0119,2,7,1
0,52,0,0,298,0,0,0,103.0984,76.2467,75.5593,0,0,697,0,0,0.2198,0.0208,2,1,1
9483,22,0,0,0,0,132.3338,0,0,45.7666,44.0913,0,0,0,99,0.1637,0.2071,0.0557,4,1,1
5635,66,119,0,159,239,0,0,0,76.6108,80.3127,0,0,0,0,-0.0143,0.2213,0.0066,5,3,1
0,304,0,0,0,139,0,0,105,84.5692,89.5186,0,0,0,1037,-0.0182,0,0.0244,9,3,1
10583,240,0,0,119,179,0,142.785,517,69.4165,56.264,0,0,0,0,0.1247,0,0,0,3,1
6891,150,0,0,0,139,0,0,84.6414,19.120182,21.0775,0,0,915,0,0,0.4381,0.0097,10,0,1
4931,229,119,0,0,298,154.5014,0,0,57.123,48.7713,0,99.5,0,139,0.3242,0,0,10,2,1
0,227,139,0,80,99,0,528.1855,0,78.0069,74.7734,0,0,378,0,0,0.1427,0.0139,0,0,1
0,0,0,0,199,239,0,682.4166,467.5644,84.1415,96.8868,0,0,536,0,0.3358,0,0,0,3,1
8956,225,0,99,0,179,0,0,0,74.1743,69.5721,0,0,199,0,0,1.7096,0,2,0,1
0,315,0,0,80,1192,0,0,0,493.125,481.72,0,159.5,2051,0,0,0.2585,0,3,1,1
8204,0,0,80,0,179,0,177.6139,96.2669,72.2705,56.3271,0,0,0,99,0,0.2576,0.0102,7,4,1
5963,0,0,0,0,139,0,144.2317,194.8877,78.1851,79.5018,0,258,0,0,0,-0.0637,0.0149,7,1,1
2416,78,0,0,80,179,0,442.8208,0,71.6015,70.8115,0,0,0,0,0,0.1752,0.0245,5,2,1
5672,0,0,0,119,0,0,683.9003,573,43.4711,45.5202,0,0,1412,0,0.0048,0,0,9,0,1
10256,78,0,0,199,298,0,0,454.553,58.6083,47.5124,0,0,676,0,0,0.2774,0.0572,2,1,1
10277,315,0,0,0,139,0,0,0,77.5495,87.1409,0,0,696,0,0.0672,0,0.0194,2,0,1
10561,0,0,0,0,139,191.927,0,121.2047,29.0563,58.8482,219,0,0,0,0.0707,0,0,7,0,1
2855,311,0,0,219,199,0,0,108.9495,32.9836,37.3971,0,0,0,0,0,0.1625,0.0115,3,0,1
10896,136,0,0,139,179,0,0,0,381.5016,453.9604,0,0,1192,0,0,0.1211,0.0124,1,2,1
5672,324,179,0,219,139,0,0,0,79.8114,71.0625,0,119,298,0,0.1343,0,0,3,2,1
7077,308,0,99,0,0,0,0,0,43.3162,25.5036,0,0,457,0,0.0922,0.1202,0.0265,4,0,1
5893,153,0,0,0,0,552,0,537.5692,87.4496,76.62082116,0,119,856,0,0.1278,0.0859,0.0148,1,0,1
4574,309,0,139,0,99,0,0,181.1865,41.0543,55.9121,0,0,0,0,0,0.2178,0,3,2,1
7573,194,179,159,0,99,0,0,0,51.0408,56,1991,0,119,0,0,0.2326,0,5,2,1
0,44,139,219,0,1191,0,0,0,71.4208,72.859,0,0,8953,0,0,0.275,0,7,1,1
8354,78,0,0,0,179,0,0,173.064,58.9123,487.6755,0,0,0,0,0.2187,0,0,5,3,1
0,66,159,160,0,239,0,549.239,0,49.287,55,80,0,0,198,-0.0323,0,0,4,3,1
9063,0,159,0,0,2392,0,0,0,56.8123,60,0,0,0,0,0.1386,0,0,0,2,1
0,277,0,119,0,199,0,147.6366,109.3601,58.8243,57.0023,0,0,377,0,0,0.1392,0.0245,0,0,1
8861,169,0,119,0,139,0,543.9495,85.4109,41.78,33.4871,0,0,0,0,0.0837,0,0,10,1,1
8692,0,0,139,0,80,0,621.9672,0,36.0077,40.5771,0,159.5,179,0,0,0.1946,0.0161,7,3,1
973,66,0,0,119.5,179,0,166.5019,108.7828,85.7262,87.7716,159,0,199,0,0.2133,0,0,2,4,1
3795,336,0,0,0,139,0,0,431,67.8181,506.814,0,0,0,815,0,-0.0122,0.0319,6,3,1
8094,136,80,99,0,199,200.5106,0,194.9148,66.0231,69.8118,159,0,993,0,0.2384,0,0.0119,10,0,1
8128,171,0,0,0,99,0,210.1394,0,55.5199,481.0922,0,0,2351,0,-0.0712,0,0,1,2,1
6173,159,258,0,99,0,0,174.5949,0,82123977,83.7496,0,99,119,0,0,2.5,0.0274,4,8,1
2053,0,199,0,278,179,0,0,0,47.7647,52.0918,0,0,676,0,0.0861,0,0.0119,8,0,1
9539,194,0,0,239,199,0,0,0,72.7705,69.3202,0,0,0,0,0,0.0537,0.0091,2,4,1
3388,0,179,119,0,159,0,0,431.7231,42.4643,40.9086,0,0,0,219,0.1768,0,0.0314,8,6,1
0,134,0,0,0,258,0,95.0348,8130.4902,45.2021,31.81163,0,0,577,0,0,0.0761,0.0127,8,0,1
7691,78,0,0,358,239,0,169.7341,431.6708,45.9012,51.8238,0,0,1016,0,0,0.2472,0.0297,2,3,1
9403,289,0,0,99,80,0,0,96.5361,69.1423,56.12205,0,0,0,557,0,0.1177,0,2,0,1
6881,307,0,0,258,0,0,0,777.0362,70.0104,57,259,0,0,0,0,0.2216,0,8,3,1
6928,78,0,119,0,80,0,0,773.2796,58.5853,56.3249,0,0,2083,0,0.0953,0,0,5,0,1
8255,31,139,0,20,0,0,716,0,76,65.5015,0,0,0,0,0,0.1232,0.0124,3,2,1
0,0,0,159,0,0,0,0,681,42.5016,0,0,0,477,0,-0.0165,0,0,0,2,1
0,30,119,0,179,0,0,0,0,0,74.7,0,0,0,219,0,0,0,2,3,1
7051,315,0,0,159,139,0,0,106.9368,21.7941,30.6621,0,0,497,0,0.0467,0,0,2,0,1
1132,70,0,0,0,0,519.5242,1012.1488,516,33.6155,44.2465,0,0,0,0,0.0796,0,0,4,0,1
10778,0,0,199,0,139,0,0,0,69.1688,71,0,159,0,318,-0.0022,0,0,4,0,1
0,0,278,0,0,0,0,0,0,87.1741,83.0408,0,0,0,0,0,0.1496,0,8,0,1
1432,0,0,0,0,1194,200.6059,125.0122,193,31.5744,36.50559,0,0,0,615,0,0.2375,0,8,0,1
0,136,159,0,139,199,0,108.7744,0,33.5206,41.9081,179,0,0,0,-0.0581,0,0.0192,4,9,1
0,0,80,0,0,298,144.1436,0,0,72.6871,72,139,159.5,0,99,0.0194,0,0,10,0,1
809,225.0000333,0,0,0,0,0,0,0,394.02453,381.5463,0,0,1056,696,0.1613,0,0.0205,7,0,1
706,135,0,179,0,159,0,194.7904,100.0112,32.9151,0,0,0,4861,0,0.0862,0,0,2,0,1
8356,0,0,139,0,1005,0,0,97.1082116,46.9012,40.6236,0,99.5,0,0,0.3161,0,0.0119,4,0,1
7386,148,0,0,80,139,0,103.0408,0,42.6655,37.7764,0,0,1234,0,0,0.1811,0.0157,9,3,1
5983,52,0,199,0,99,0,103.0282,0,43.5032,37.9495,0,0,258,0,0.3059,0,0.0169,0,4,1
0,0,0,199,0,139,0,0,461,45.2034,56.7308,0,99.5,1537,0,0.1176,0,0,2,0,1
8862,240,0,99,0,80,0,0,0,65.70013127,68.574594,0,0,0,0,-0.0593,0.0048,0.0416,7,0,1
0,178,0,119,0,199,0,158.61032,38.4347,52.5463,61.7731,80,0,159,0,-0.002,0,0,8,0,1
4669,0,0,0,80,179,0,0,0,501.6073,41.6949,160,160,0,0,0.0838,0,0,0,2,1
5897,148,0,0,298,199,0,0,0,81.5714,66.1387,0,149,159,0,-1.5032,0,0.0169,7,0,1
5173,212,159,0,119,139,0,0,494.8674,58.0036,79.2104,0,0,0,298,0.0591,0.1411,0,9,2,1
9354,225,0,139,0,1191,0,1302.0176,0,72.0592,69.5012,0,0,278,0,0,0.2646,0,3,0,1
7076,155,179,139,0,238,0,0,0,61.3264,63.0078,0,0,0,438,0,0.1172,0.0108,10,2,1
2072,0,0,179,0,80,0,0,131.0368,52.0547,61.2748,0,119.5,4105,0,-0.0631,0,0.0141,8,2,1
9863,0,239,0,278,139,0,0,0,0,46.8114,0,0,0,159,0.2332,0,0,10,5,1
651,166,0,0,0,199,0,0,524.4172,65.5184,69.2387,0,0,0,1690,0.147,0,0.0148,0,0,1
9042,315,99,0,80,159,0,158.0829,0,74.3115,89.6012,0,0,139,0,0,0.2287,0,5,2,1
9354,287,0,0,179,80,0,0,0,46.7728,497.6165,0,0,1314,6963,0,0.2776,0.0067,4,0,1
2599,135,0,0,0,279,187.8193,0,189.9292,50,51.6231,0,139,99,0,0.2057,0,0,4,5,1
10646,91,0,0,159,179,0,574.9872,482.1552,63.0047,60.2406,0,0,0,0,-0.0568,0,0.018,3,4,1
5064,178,0,0,0,80,567.5273,96.6644,579.3113,31.61082,45.8123,0,0,0,0,0,0.2745,0.0147,2,7,1
1485,311,0,219,119,239,0,477.6273,0,62.324,65.581866,0,0,0,0,-0.0194,0,0.0322,10,1,1
3108,289,0,199,0,80,0,181.0778,581,40.5054,38.0102,259,0,0,179,0,0.3553,0,2,1,1
6524,30,0,99,0,139,0,103.0519,220.3892,59.1456,45.003023,0,0,179,0,0,0.1874,0,5,1,1
5692,22,0,0,99,219,0,98.5015,117.9883,63.1323,59.0569,0,0,199,0,0.1537,0,0.0305,2,0,1
1619,78,0,0,0,159,157.1083,0,102,56.364,57.8794,179,0,0,238,0.0851,0.0386,0,2,6,1
5772,308,0,99,0,239,0,621.5874,91,63.6018,0,0,139,796,0,0.1787,0,0,2,0,1
7403,0,179,0,298,219,0,0,0,56.5914,402.2402,99,9966,0,159,0,0.3721,0,2,0,1
7894,0,0,139,0,99,0,0,0,61.5015,66.9081123,0,159.5,0,1196,0,0.2407,0,2,4,1
5910,61,0,0,199,139,0,0,0,31.8358,25.0541,80,0,0,836,0.0651,0,0,9,2,1
8077,0,159,0,0,0,0,0,0,62.0057,52.5029,199,0,1691,0,0,0.2046,179.0172,5,2,1
9525,73,0,0,358,159,0,0,478.1651,62.27,66.8551,99,0,1590,0,0.2652,0,0.0412,7,6,1
0,293,0,119,0,199,0,1104.671,0,46.5232,502.082291,0,0,0,358,0,0.142795,0,2,0,1
0,169,199,0,99,139,0,0,0,24.5278,25.547,0,0,179,0,0.1363,0,0,0,1,1
2413,153,139,80,159,99,0,0,0,51.6207,59.0238,0,0,377,0,0.1531,0,0,7,2,1
5047,311,0,0,219,139,0,0,0,41.2035,0,0,0,0,0,0.3161,0,0,6,0,1
0,0,0,0,0,99,0,0,0,41.8207,56.594952,0,0,577,0,0,0.1538,0.0129,2,3,1
7076,44,0,99,0,279,0,0,79.248,74.8169,85.8846,0,0,0,0,-0.0553,0,0,2,0,1
0,0,179,139,0,99,0,0,0,69.5692,0,0,219,0,0,0,-0.0038,239,8,2,1
3540,307,99,139,0,80,0,0,0,58,51.62082183,0,199,0,0,0,0,0,0,4,1
3643,0,0,159,0,0,0,0,0,392.7087663,54.1852,0,0,199,319,0,0.3162116,0,7,2,1
10683,150,0,99,0,80,0,0,836.4839,1006.1788,104.4608,0,0,0,0,0,0.2406,0,2,4,1
6057,0,0,0,0,139,0,471.0869,0,52,54.8123,0,199,0,119,0.123,0,0.0133,7,2,1
0,0,139,0,199,179,0,0,0,54.4055,55.2467,99,0,93591,0,0.0652,0,0,8,0,1
9962,0,0,0,198,1193,0,0,1105.368,65.62341,61.407047821249,0,99.5,0,0,0,0.0915,265,3,2,1
10578,73,0,0,0,99,0,0,0,507.8115,452,0,129.5,0,139,0.0818,0,0.0184,2,3,1
3141,321,0,0,0,0,0,87.0829,0,66.5,63.0047,0,0,995,0,0.0362,0.1029,0.0119,2,3,1
8282,277,0,0,0,179,158.501,581.0778,94.1472,35.6122,0,0,0,0,139,0,-0.0215,0.0196,7,0,1
5894,78,0,0,0,179,0,0,714.0124,64.8074,57.9296,0,0,696,0,0,0.4967,0,2,0,1
1443,73,0,0,159,139,0,138.0012,169,31.304,28.582,0,0,677,0,0.2731,0,0.0156,0,3,1
1333,0,0,159,0,179,0,0,1102,59.5543,79.5169,0,0,0,0,-0.0562,0,0,3,0,1
0,304,0,0,318,99,0,191.5015,497.0102,33.72,40,0,159,0,792,0.0408,0,0.0085,4,1,1
2923,44,0,0,199,179,0,0,775.1654,25,33,0,0,4103,0,0.052,0,0.0208,9,3,1
6051,308,0,179,0,139,0,0,0,44.0784,0,199,0,955,0,0.1881,0.2216,0.0199,10,0,1
0,289,0,0,0,179,73.5014,167.0587,87.2941,43.0543,40.8207,0,99,0,0,0,0.122,0,5,2,1
5672,44,0,219,0,139,0,131.6366,0,45.5434,40.0532,0,0,0,199,0.0892,0,0.0179,10,5,1
2563,287,0,139,0,99,0,1302.8203,108.0022,71.5549,606.5199,179,0,0,0,0,0.0925,0.0249,3,2,1
7071,78,0,0,139,0,0,0,98.0119,44.2499,59.8482,0,0,0,0,0,0.1562,0,9,2,1
7351,308,0,0,278,119,0,1506.1431,169.0459,56.5199,58.8154,0,0,298,0,0,0.1802,0.0192,4,1,1
0,256,80,139,0,159,0,0,0,55.5296,62.0979,0,0,0,0,0,0.2042,0,7,1,1
10590,256,0,0,338,99,0,191.5916,719.2499,78.4182,56.3843,0,0,0,995,-0.2964,0,0,3,6,1
4821,73,0,0,99,0,0,0,381.2394,72.5692,69.661227,0,0,219,0,0.1032,0,0,5,2,1
1390,321,99,0,0,159,741.491,0,0,65.6419,66.5207,0,119.5,0,1036,-0.0086,0,0,5,1,1
753,0,0,179,0,139,0,95.8203,442.8368,74.5419,71.6206,298,0,576,0,0.1824,0.1209,0.0144,9,2,1
0,321,139,80,0,199,0,150.6236,0,40,0,99,0,715,0,-0.0079,0,0,3,6,1
