MedInc,HouseAge,AveRooms,AveBedrms,Population,AveOccup,Latitude,Longitude,price_above_median
2.8125,33.0,3.7273,0.9582,1401.0,4.2645,37.65,-118.14,1.0
2.3569,36.0,5.4107,1.0466,868.0,3.5139,34.18,-118.27,0.0
4.6462,34.0,5.3198,1.1019,1335.0,2.4336,33.97,-121.27,0.0
1.0,24.0,4.8299,0.0,1638.0,3.5263,34.17,-121.98,0.0
2.0,35.0,3.0,0.0,1205.0,4.5263,34.12,-118.28,0.0
7.4286,18.0,0.0,1.0828,557.0,2.3879,33.95,-118.28,1.0
3.2632,31.0,5.5288,1.0456,1568.0,3.1487,37.76,-121.0,0.0
3.8125,36.0,5.0536,1.0385,851.0,3.344,39.07,-121.96,0.0
5.1436,28.0,0.0,1.0367,2175.0,3.3851,34.26,-118.19,0.0
2.9125,22.0,4.8792,1.0441,753.0,3.1802,34.09,-120.79,0.0
4.0562,39.0,4.4988,1.0392,554.0,3.0118,34.17,-117.0,0.0
1.8125,30.0,4.1668,0.9662,1162.0,2.6331,34.03,-118.39,1.0
1.375,36.0,4.5196,1.075,1715.0,2.0703,38.44,-116.95,0.0
1.0,42.0,4.0,0.0,1367.0,1.9556,33.98,-114.71,0.0
3.5833,32.0,3.0,0.0,1583.0,2.4544,37.69,-122.03,0.0
9791.0,34.01,6.3822,0.9021,1056.0,2.4051,34.34,-117.99,1.0
2.7167,44.0,4.9644,1.0699,715.0,2.5058,34.41,-117.0,0.0
2.7143,13.0,4.6642,1.0273,1216.0,4.6094,34.11,-117.78,0.0
1.0,31.0,5.9107,0.0,1414.0,2.4561,36.98,-117.05,0.0
5.2917,52.0,5.2105,1.1472,1055.0,2.9479,36.95,-118.25,0.0
7.5523,40.0,5.0,0.9709,1142.0,2.7292,37.77,-117.0,1.0
3.9,34.0,4.6686,0.956,1256.0,2.5263,37.85,-120.7,0.0
1.0,30.0,4.3864,1.0202,1727.0,2.5596,37.95,-122.0,0.0
4.135,26.0,5.4497,0.0,1036.0,2.9241,37.79,-121.95,1.0
3.2838,20.0,5.9107,1.0062,763.0,2.7143,39.51,-121.0,0.0
3.6984,26.0,0.0,1.0642,1514.0,2.5258,33.99,-118.12,0.0
8.2719,21.0,5.5481,0.0,985.0,2.9444,37.66,-118.34,1.0
1.8518,33.0,4.9167,1.0455,1775.0,0.0,40.8,-121.6,0.0
4.5521,20.0,4.7292,1.225,907.0,2.6038,36.96,-120.96,0.0
6.599,34.0,0.0,1.0455,1785.0,2.419,34.09,-118.21,0.0
5.0788,13.0,4.5044,1.0246,1204.0,3.2345,33.66,-120.47,1.0
1.3933,52.0,4.9333,1.0488,1493.0,0.0,37.31,0.0,0.0
4.2319,35.0,5.1243,1.0246,1046.0,2.3697,38.59,-121.48,0.0
6.0,52.0,6.0,0.996,1165.0,3.0,34.14,-121.72,1.0
4.0109,16.0,4.0,1.0696,657.0,4.71,37.78,-120.97,0.0
4.125,13.0,5.9355,1.0535,852.0,2.5139,38.54,-1190.88,0.0
4.6642,35.0,5.3632,0.9883,695.0,0.0,37.37,-118.42,1.0
2.0,20.0,6.1571,1.0889,1047.0,0.0,34.15,-121.26,0.0
2.7857,52.0,3.9571,1.0,1346.0,46470.0,38.11,-118.15,0.0
2.7222,38.0,4.8043,1.1386,852.0,2.3738,34.16,-122.42,1.0
5.0,31.0,6.7404,0.9965,1063.0,2.3221,34.02,-122.47,1.0
4.9688,25.0,5.4065,0.9535,1014.0,2.9941,34.0,-121.8,0.0
4.75,36.0,4.5461,1.0523,1067.0,3.2632,33.83,-118.39,0.0
4.4688,52.0,5.5784,1.0453,1138.0,2.6668,3400.0,-121.95,0.0
2.0,22.0,4.4845,1.0486,1516.0,4.8649,38.27,0.0,0.0
5.6111,17.0,7.0,0.9968,1627.0,2.5085,40.57,-117.74,1.0
2.8594,36.0,4.6878,0.9906,1097.0,2.6346,40.0,-121.3,1.0
4.2071,16.0,5.4605,1.0972,1511.0,0.0,38.03,-118.47,0.0
2.0,17.0,5.277,0.0,1143.0,3.1758,34.03,-120.35,0.0
4.0,11.0,6.9571,1.0273,1415.0,2.4579,34.03,-118.37,1.0
3.0667,25.0,5.286,1.138,1405.0,2.6379,37.35,-122.0,1.0
4.1366,36.0,5.4077,1.0246,1205.0,2.5179,34.03,-121.28,1.0
3.3982,33.0,5.3851,1.0372,1457.0,2.7014,37.76,-121.92,0.0
2.0,35.0,5.3023,1.087,1393.0,3.0,33.94,-1174.97,0.0
7.7222,34.0,5.2543,1.0373,1340.0,3.6422,37.0,-121.81,0.0
4.5833,52.0,5.356,1.0357,855.0,2.9568,38.73,-121.83,1.0
4.875,52.0,5.1679,1.1549,659.0,2.8266,33.82,-117.0,0.0
3.8182,36.0,4.58,0.9415,1250.0,3.44,34.1,-122.47,1.0
3.875,15.0,6.0,1.0118,991.0,2.756,34.0,-121.89,1.0
6.4067,32.0,5.1749,0.9851,785.0,0.0,37.78,-122.34,1.0
3.5448,32.0,0.0,1.027,890.0,2.9297,38.41,-121.95,1.0
2.4884,52.0,5.7273,1.0535,1083.0,0.0,36.72,-119.7,1.0
1.0,23.0,4.8906,1.0379,1334.0,0.0,34.07,-124.19,0.0
1.0,28.0,5.586,0.0,769.0,3.5081,33.87,-122.72,0.0
3.3638,46.0,0.0,1.0,1362.0,2.8333,38.0,-121.27,0.0
1.98,52.0,4.6687,1.096,1314.0,3.0,40.6,-121.96,0.0
6.375,26.0,0.0,0.9558,1054.0,2.7955,34.25,0.0,1.0
3.1483,44.0,5.0174,0.9862,935.0,4.0208,40.56,-118.25,1.0
1.0,38.0,3.6937,0.0,826.0,4.3292,39.16,-118.04,0.0
4.0,18.0,0.0,1.5495,1287.0,4.2765,38.05,-121.19,0.0
2.0,36.0,5.0184,1.0594,1185.0,3.2578,32.73,-120.8,0.0
1.6865,23.0,3.9125,0.0,1711.0,5.2532,33.97,-116.88,0.0
3.2558,27.0,4.5948,1.0,1155.0,4.7273,34.06,-121.44,0.0
2.5042,46.0,3.8667,1.0357,1584.0,3.2801,33.89,-122.3,1.0
2.0,33.0,5.1052,0.0,1487.0,3.1489,38.46,-121.84,1.0
2.1706,26.0,4.2844,1.0,705.0,0.0,33.9,-118.24,1.0
2.7159,31.0,4.7143,1.0227,1486.0,3.0901,40.6,-118.07,0.0
4.0153,17.0,3.6663,0.0,2092.0,4.9231,34.05,-118.16,0.0
5.8362,23.0,5.0392,0.997,1520.0,3.6205,33.94,-118.01,1.0
4.5973,16.0,3.7833,0.9813,1343.0,0.0,36.77,-117.31,0.0
4.4761,29.0,3.0,1.1018,965.0,3.2438,37.96,-121.43,0.0
1.625,32.0,5.0156,1.0096,0.0,4.5147,40.57,-117.1,0.0
3.6417,20.0,5.549,1.0507,848.0,2.4286,34.05,-122.0,0.0
1029.6,21.0,7.0716,1.1205,2048.0,2.3131,34.14,-120.95,1.0
6.575,26.0,6.3908,0.9721,815.0,0.0,37.33,-117.94,1.0
7.0963,39.0,5.4336,1.0353,862.0,3.2297,34.14,-121.87,1.0
4.5667,17.0,6.1873,0.9874,2042.0,2.7406,37.75,-120.79,1.0
2.67,38.0,4.9078,0.0,1313.0,2.4419,39.02,-121.96,1.0
2.9167,19.0,5.3071,1.0273,651.0,2.8571,38.27,-117.0,0.0
2.0,35.0,0.0,0.9583,2053.0,4.0542,37.73,-121.28,1.0
4.7179,32.0,4.5239,1.0724,1167.0,2.6163,34.02,-121.97,1.0
6.7,35.0,0.0,0.9841,1248.0,2.0,33.96,-118.11,1.0
1.6033,30.0,4.7292,0.0,1257.0,3.0444,34.05,-120.77,0.0
4.3125,16.0,5.7576,1.0886,1273.0,2.6333,38.6,-118.35,0.0
539.2617,24.0,4.5048,0.0,2043.0,41008.0,39.18,-120.59,0.0
1.0,52.0,4.6452,1.0403,1401.0,3.8382,37.83,-122.28,0.0
1.5093,46.0,5.3435,1.0546,1803.0,3.0721,37.96,-121.71,0.0
4.7,19.0,6.0,1.0,1816.0,3.331,37.35,-122.0,1.0
1.8958,17.0,4.7273,1.1065,946.0,0.0,37.31,-122.21,0.0
1.0,32.0,3.0,0.0,820.0,4.0,40.54,-118.22,1.0
4.337,52.0,0.0,1.0769,752.0,1.7356,39.9,-121.46,1.0
4.5937,35.0,3.8557,0.0,874.0,1.8042,38.62,-122.57,1.0
5.475,17.0,4.8951,0.9918,1181.0,2.0,34.05,-123.22,1.0
6.0,36.0,0.0,1.1148,2551.0,4.0,34.14,-121.42,0.0
2.0,29.0,4.5063,1.157,1553.0,3.8981,33.97,-124.2,0.0
2.9063,17.0,5.9444,0.923,1275.0,3.5258,35.64,-121.89,1.0
7.4271,36.0,0.0,0.9754,871.0,2.805,37.55,-122.57,1.0
4.1932,28.0,0.0,1.2377,716.0,3.1844,34.11,-118.14,0.0
4.125,42.0,5.5563,1.0114,792.0,2.5481,38.11,-121.96,0.0
4.8667,45.0,5.3486,1.0951,1078.0,2.3857,37.72,-118.36,0.0
2.4432,8.0,4.6131,1.1218,792.0,3.0,38.43,-120.93,0.0
9.1092,25.0,6.587,0.9556,731.0,2.2364,37.77,-122.22,1.0
4.1607,17.0,4.679,1.0369,1005.0,2.8163,38.75,-120.92,0.0
3.1783,27.0,5.0,0.9677,1525.0,2.8594,32.78,-118.27,1.0
1.8612,8.0,5.4347,1.0369,1348.0,3.1806,34.28,-120.93,0.0
6.5481,17.0,5.0,1.0213,1394.0,3.0908,34.05,-117.32,0.0
1.875,33.0,4.3907,1.0677,1399.0,3.1773,38.32,-121.24,0.0
1.9514,52.0,4.3954,1.0449,961.0,3.2594,40.64,-121.38,0.0
3.1833,52.0,5.353,1.1429,891.0,3.5536,34.1,-122.38,0.0
3.0,34.0,6.1393,0.9688,1749.0,2.775,34.11,-117.0,1.0
1.7694,17.0,4.9814,1.0948,697.0,0.0,37.94,-118.0,1.0
1.0,26.0,3.8571,1.0366,673.0,2.5673,37.96,-122.42,0.0
3.5,28.0,0.0,1.0576,927.0,2.7926,35.85,-116.3,0.0
1.75,28.0,3.94,1.0411,852.0,4.6143,34.11,-118.0,0.0
5.1695,30.0,0.0,1.0441,1237.0,2.9813,36.65,-118.11,1.0
3.5076,14.0,5.5539,1.086,8051.0,2.4919,37.0,-121.79,0.0
3.75,32.0,3.1652,1.0958,1168.0,2.6063,34.2,-122.04,1.0
4.2373,18.0,7.1739,0.0,1683.0,2.5938,38.68,-117.76,0.0
6.454438,10.0,5.7143,0.9885,1416.0,2.5179,37.76,-121.0,1.0
5.7993,30.0,0.0,1.0446,1423.0,2.4947,37.85,-116.95,1.0
1.7273,40.0,2.0,0.0,787.0,4.3938,34.17,-117.91,0.0
2.5179,52.0,4.7583,1.0455,1173.0,2.6067,37.36,-118.4,1.0
3.0337,46.0,5.324,0.9808,652.0,3.2422,34.07,-121.37,0.0
3.8833,24.0,5.8333,0.9887,1727.0,2.6896,37.95,-122.31,1.0
4.0,36.0,4.9667,0.0,882.0,2.4418,38.57,-118.21,1.0
2.5461,20.0,0.0,0.9931,1411.0,4.0,37.37,-118.13,0.0
5.4233,16.0,7.266,0.9723,476.0,0.0,35.29,-121.94,1.0
1.7937,38.0,0.0,1.0467,774.0,3.1532,37.86,-121.45,0.0
1.0,36.0,3.3247,0.0,1388.0,3.0365,37.76,-121.32,0.0
5.0933,38.0,4.5929,0.9559,789.0,2.8026,33.93,-121.81,1.0
3.214,29.0,5.4889,1.0391,678.0,2.8824,34.07,-114.84,0.0
1064.0,33.0,3.8261,1.0,778.0,4.0871,37.32,-121.9,0.0
6.9583,35.0,5.8793,1.104,1055.0,3.0,37.3,-118.13,1.0
3.6389,28.0,5.3908,1.0208,1108.0,2.8173,34.0,-117.0,0.0
13.4463,16.0,6.0,1.0778,975.0,3.4167,38.35,-119.86,0.0
1043.02,29.0,7.8383,1.1061,1560.0,0.0,34.03,-114.33,1.0
3.595,52.0,5.6885,1.0626,635.0,4.6111,40.79,-1190.08,0.0
4.12,27.0,7.3255,0.998,1386.0,2.6373,37.98,-121.98,1.0
3.3053,35.0,4.5488,1.0084,1140.0,3.2466,38.47,-118.29,0.0
3.5481,39.0,4.7172,1.0519,1605.0,2.8667,40.64,-122.28,1.0
3.7303,36.0,3.8951,0.9535,547.0,2.4254,33.87,-124.0,1.0
4.5677,6.0,5.6872,1.1031,4981.0,2.8022,33.96,-123.29,1.0
2.8517,30.0,4.5341,1.0382,1047.0,3.5033,40.74,-122.48,0.0
5.4286,36.0,5.2297,0.9773,661.0,2.4884,37.77,-121.96,1.0
1.5156,41.0,4.2813,1.0205,1215.0,3.006,34.17,-119.46,0.0
5.8485,25.0,0.0,1.0385,1064.0,2.8878,37.75,-120.87,1.0
6.1074,16.0,0.0,1.2629,1367.0,4.0147,37.37,-118.41,1.0
2.6371,27.0,4.3572,1.0471,1143.0,3.1404,34.02,-117.71,0.0
3.4306,17.0,4.9808,1.1638,1666.0,3.0888,39.19,-11720.17,0.0
1.8814,16.0,0.0,1.0449,896.0,2.0,36.76,-117.13,0.0
1.5481,19.0,4.3265,1.1036,1218.0,3.2585,40.6,-121.83,0.0
6.0,44.01,4.0,1.0594,1146.0,2.4714,38.5,-121.24,1.0
3.3696,33.0,5.9806,0.0,881.0,3.0,33.79,-116.89,0.0
2.9063,24.0,4.9083,0.0,1316.0,2.8409,38.71,-120.79,0.0
2.6717,24.0,6.8982,1.0606,1610.0,3.2293,37.94,-121.99,0.0
3.275,14.0,6.0,0.0,832.0,2.6977,36.83,-121.94,1.0
2.0,16.0,5.5039,1.0562,1577.0,2.5164,33.6,-117.0,0.0
3.6922,43.0,5.5952,1.049,1063.0,2.6786,33.89,-122.0,1.0
3.2556,43.0,5.4242,1.0965,769.0,0.0,37.78,-122.27,0.0
3.3125,31.0,4.1743,1.0658,932.0,1.6082,40.59,-121.47,0.0
2.5156,13.0,5.0455,1.1486,992.0,3.5528,37.74,-117.0,0.0
3.5682,36.0,5.4455,1.0118,775.0,3.0,37.78,-122.24,0.0
2.6484,33.0,2.9309,1.1304,1535.0,3.0,34.15,-117.0,0.0
1.5939,44.0,4.2824,0.0,1177.0,3.2953,33.91,-122.1,0.0
0.9821,52.0,4.9792,0.0,596.0,2.0,33.79,-118.37,1.0
5.2188,27.0,6.0,0.0,1167.0,3.077,38.4,-122.0,1.0
2.1667,20.0,5.056,0.9667,1096.0,0.0,34.12,-117.78,1.0
5.2381,36.0,4.7308,1.0902,1057.0,3.0173,37.8,-121.9,1.0
10.0703,18.0,6.9254,0.0,1374.0,3.2318,37.93,-118.25,1.0
4.1437,17.0,4.8333,0.0,1411.0,4.0788,34.19,-118.24,0.0
3.8032,26.0,5.7356,0.0,1227.0,3.5221,34.07,-117.56,0.0
2.1405,30.0,4.9808,1.0202,918.0,2.5104,34.11,-121.24,1.0
4.125,38.0,4.2048,1.0638,890.0,3.1147,36.95,-118.08,0.0
4.7788,35.0,6.5481,1.0471,1243.0,3.8951,36.69,-118.27,0.0
3.9107,26.0,5.9074,0.0,2318.0,3.3571,39.56,-116.81,0.0
4.9078,25.0,5.0,1.0345,1768.0,3.2891,38.56,-122.08,1.0
3.9087,36.0,4.6111,0.984,1392.0,2.5156,34.13,-117.97,1.0
3.5958,31.0,4.7292,1.0111,1234.0,0.0,38.51,-122.27,1.0
1.7762,52.0,4.7455,1.0156,793.0,2.5491,38.11,-118.44,0.0
5.3947,35.0,4.5495,0.8984,1518.0,2.4919,33.0,-120.99,1.0
1.4357,31.0,4.3175,0.0,781.0,4.5652,39.68,-117.97,0.0
5.2214,17.0,4.0703,0.9582,841.0,2.6077,33.95,-121.66,1.0
2.8333,14.0,4.6526,1.0341,1752.0,2.0,40.44,-124.25,0.0
2.7143,30.0,4.4643,0.0,907.0,1.0,37.46,-122.31,0.0
3.7,26.0,5.9641,1.0625,981.0,2.4688,34.1,-118.33,1.0
5.2951,23.0,0.0,0.9977,761.0,2.9073,34.05,-121.93,1.0
3.4107,17.0,4.7938,0.9929,1166.0,0.0,38.27,-122.25,1.0
4.4667,33.0,5.0897,0.0,1374.0,3.0161,34.17,-118.02,1.0
2.0,52.0,4.4782,1.0521,693.0,3.0624,39.71,-118.42,0.0
6.1438,32.0,5.5857,1.0,1187.0,2.5179,33.94,-115.95,1.0
3.4528,38.0,4.6641,1.0227,1340.0,3.7159,37.97,-121.32,0.0
4.135,13.0,5.0,1.0956,1516.0,2.3961,34.03,-122.43,1.0
2.0,34.0,3.7703,0.0,782.0,2.668,37.88,-118.36,0.0
2.6875,34.0,3.3113,1.0941,788.0,4.0,33.82,-121.98,0.0
4.0,28.0,4.5373,1.0905,893.0,0.0,34.27,-122.11,0.0
1.0,41.0,4.6641,1.0905,667.0,5.5566,33.92,-117.12,0.0
7.2652,21.0,8.9643,0.0,966.0,2.4544,37.96,-117.97,1.0
2.0,37.0,4.594,1.1225,1482.0,2.0,34.11,-117.95,0.0
4.1667,19.0,6.4518,1.0455,917.0,3.5033,38.67,-121.96,1.0
1.5208,26.0,5.7596,1.0658,1593.0,2.8571,39.07,-120.97,0.0
3.1875,24.0,5.4901,0.997,1033.0,2.0,34.27,-122.08,0.0
2.6458,31.0,5.9073,1.0664,1172.0,2.7266,37.33,-121.43,1.0
11.4513,18.0,6.2273,1.0221,816.0,0.0,34.18,-118.46,1.0
4.9107,17.0,5.0089,1.0365,1215.0,2.8571,34.23,-117.0,0.0
1.7111,41.0,3.0,0.0,1276.0,4.0642,37.75,-121.93,0.0
0.9583,32.0,5.3467,0.0,1453.0,3.0544,34.07,-117.13,0.0
4.8125,37.0,5.0598,0.0,1430.0,3.0149,39.21,-121.24,0.0
3.9,52.0,6.4489,0.9932,1883.0,2.8125,34.18,-122.04,1.0
1.5713,36.0,5.6354,1.0444,1141.0,2.516,33.92,-121.41,0.0
3.1604,26.0,0.0,1.0892,671.0,3.0,36.52,-117.94,0.0
4.0769,34.0,4.7308,1.0914,1285.0,2.668,33.93,-121.29,0.0
6.6167,13.0,0.0,0.9078,1510.0,3.1048,37.58,-119.77,1.0
2.0,29.0,5.7143,1.0,888.0,1.747,40.8,-122.2,1.0
2.0,44.0,6.2291,1.0797,1386.0,2.5163,34.18,-121.5,0.0
2.875,14.0,5.8362,0.0,9072.0,2.9381,38.01,-122.26,0.0
1.0,52.0,4.5962,1.0961,1466.0,2.6788,34.17,-121.87,1.0
3.7,32.0,5.3264,1.0208,1675.0,2.3632,38.02,-117.92,0.0
2.9286,21.0,0.0,1.0878,767.0,2.0353,33.77,-117.81,0.0
2.0,16.0,5.1359,1.0476,791.0,2.4542,34.07,-118.03,0.0
2.8971,17.0,5.0353,1.0903,1805.0,2.7035,33.78,-116.31,0.0
2.0,24.0,5.5256,1.1375,1379.0,3.4279,37.66,-1172.34,0.0
4.8571,20.0,0.0,1.0,1274.0,2.0,34.05,-115.45,0.0
5.0,37.0,6.2042,1.0,1047.0,2.8249,37.86,-121.97,1.0
6.0673,15.0,5.5556,0.0,932.0,2.778,38.0,-121.96,1.0
2.0,18.0,0.0,1.0111,1455.0,3.3961,34.11,-120.95,0.0
4.4167,47.0,6.8672,1.1848,811.0,2.4439,37.76,-120.95,1.0
5.129,36.0,5.4419,1.0376,2577.0,2.3536,34.07,-118.31,0.0
2.0,37.0,4.4369,1.0096,992.0,5.0906,38.67,-118.18,0.0
4.0867,16.0,5.4609,0.0,2774.0,2.9917,37.59,-119.0,1.0
6.5868,13.0,5.8333,0.9915,2817.0,2.5944,36.84,-120.41,1.0
3.9643,36.0,4.6063,1.0413,715.0,5.0347,33.94,-124.09,0.0
1.9167,20.0,0.0,1.0142,1403.0,2.4428,37.82,-122.45,0.0
1.9667,41.0,5.2848,1.0368,1584.0,2.6777,0.0,-122.14,0.0
3.9,41.0,5.4111,0.9924,818.0,2.709,34.07,-118.12,1.0
4.9265,23.0,3.0,1.0357,788.0,2.3264,33.94,-117.71,1.0
4.0962,7.0,4.5495,1.0365,1376.0,3.0863,37.36,-118.39,0.0
1.0,25.0,5.4563,1.006,1455.0,3.3062,37.37,-120.6,0.0
1.8667,32.0,5.4937,1.0519,1695.0,2.3182,40.67,-117.0,0.0
2.5491,18.0,5.2902,1.0161,622.0,3.1481,34.11,-124.26,0.0
5.8895,17.0,6.178,0.9884,945.0,3.014,34.02,-122.29,1.0
2.0,34.01,4.6223,1.0838,1541.0,3.5667,37.33,-121.98,0.0
4.095,35.0,0.0,1.0658,930.0,2.8309,37.71,0.0,1.0
1.491,52.0,4.8472,0.0,890.0,3.018,34.05,-122.44,0.0
3.0598,48.0,6.7291,1.0341,1246.0,2.4242,38.63,-118.23,1.0
5.0667,39.0,4.3788,0.0,1314.0,3.2474,37.0,-122.43,0.0
4.6378,14.0,5.3065,1.2412,1372.0,2.6493,33.87,-120.42,0.0
2.0,10.0,5.224,1.0041,1854.0,3.027,35.33,-121.37,0.0
6.5195,24.0,5.8654,0.9717,781.0,3.0562,37.79,-117.94,1.0
4.2134,40.0,4.4971,0.9839,1403.0,2.8843,34.04,-118.29,1.0
3.8582,33.0,5.5595,1.1437,1230.0,3.2125,34.08,-122.24,0.0
2.7931,32.0,5.9402,1.0104,1434.0,2.4306,37.72,-121.93,1.0
3.2631,39.0,5.1582,1.0807,1401.0,1.8981,40.0,-118.42,1.0
7.5745,20.0,6.2273,0.0,972.0,2.0,33.92,-122.31,1.0
4.0,16.0,5.4304,0.9646,1558.0,2.6898,37.94,-118.03,1.0
3.9306,26.0,0.0,1.0867,1546.0,2.4208,32.0,-121.36,0.0
3.5288,24.0,4.4643,1.0441,1562.0,2.0,38.67,-118.4,0.0
4.8125,35.0,5.3265,1.0856,1203.0,3.1489,34.05,-117.98,0.0
3.6094,26.0,3.9306,1.1085,1696.0,4.0,0.0,-117.87,0.0
4.0,25.0,0.0,0.0,1335.0,2.5129,34.07,-120.93,0.0
4.2318,36.0,6.8672,0.9808,752.0,3.4194,34.2,-117.95,1.0
1.0,52.0,5.4778,1.0059,943.0,3.1374,40.57,-118.0,0.0
4.58,38.0,3.0,0.0,935.0,2.6111,34.17,-118.1,1.0
4.6146,33.0,5.2574,1.0714,1808.0,2.6937,32.74,-122.31,1.0
15.0001,27.0,7.1287,0.9601,645.0,2.5347,34.04,-118.41,1.0
1.7713,30.0,4.7333,0.0,1367.0,3.3842,38.73,-120.43,0.0
2.8125,38.0,5.2821,1.0885,599.0,3.1781,40.52,-121.25,0.0
2.1559,36.0,0.0,1.0944,1478.0,2.0,34.21,-124.01,0.0
2.1375,46.0,5.152,1.0341,826.0,3.0,34.02,-117.0,0.0
1.0,11.0,4.5356,1.1623,1071.0,3.0368,33.91,-121.3,0.0
1.0,22.0,4.2366,1.0455,1771.0,0.0,34.11,-122.22,0.0
2.5714,40.0,4.0,1.0208,1658.0,3.0,0.0,-117.05,0.0
2.8125,25.0,4.3247,1.1729,1162.0,3.4667,37.68,-117.99,1.0
4.8981,34.0,5.3469,1.0783,1225.0,0.0,34.09,-120.71,0.0
9.45,33.0,4.6346,1.0392,1210.0,2.7875,34.04,-117.9,1.0
4.599,37.0,0.0,1.0328,1018.0,2.6016,36.56,-118.1,0.0
4.125,32.0,5.8667,1.0935,1710.0,2.0443,35.34,0.0,0.0
3.6851,29.0,0.0,0.9485,788.0,2.7356,37.38,-122.12,0.0
4.2653,17.0,5.1548,1.1701,614.0,46775.0,39.25,-122.06,0.0
1.8163,39.0,4.2344,1.0746,879.0,3.0,33.95,-116.37,0.0
3.5809,36.0,4.8402,1.0663,3330.0,0.0,32.85,-118.08,1.0
1.7857,52.0,4.1244,0.0,788.0,5.1634,40.8,-121.32,0.0
2.6917,18.0,5.2479,1.0398,397.0,2.6118,34.09,-121.83,1.0
1.8068,52.0,4.6014,1.0345,1285.0,3.4415,40.6,0.0,0.0
6.0107,31.0,0.0,1.0819,2054.0,2.6097,38.48,-122.27,1.0
2.0,9.0,3.8482,1.0645,867.0,4.13,34.16,-117.92,0.0
2.0536,26.0,4.0391,0.9596,1680.0,3.2088,36.53,-120.86,0.0
3.6875,41.0,4.2787,0.0,496.0,3.0,36.97,-124.07,0.0
5.9063,16.0,0.0,1.127,1051.0,3.1929,40.83,-120.95,0.0
6.0,26.0,5.9271,0.9845,775.0,2.4483,33.0,-116.88,1.0
4.3929,42.0,0.0,0.9667,1385.0,2.6341,34.05,-118.27,1.0
3.6542,52.0,5.7273,1.0627,1371.0,0.0,40.64,-122.44,0.0
2.4061,17.0,5.4426,1.0444,2471.0,3.1043,34.19,-121.32,0.0
3.5816,25.0,4.3074,0.0,848.0,2.4431,37.59,-122.28,1.0
3.2738,20.0,5.3237,1.0959,752.0,0.0,37.74,-121.28,0.0
8.7749,21.0,6.888,0.9778,1786.0,2.4891,34.03,-117.0,1.0
1.6938,37.0,0.0,1.0958,1250.0,2.0,34.15,-118.44,0.0
3.6378,26.0,5.8981,1.1625,1161.0,2.3381,37.76,-118.42,0.0
5.15,36.0,4.5085,0.0,929.0,2.5204,37.35,-120.94,0.0
4.0,36.0,0.0,1.0403,2472.0,2.0,39.03,-116.91,0.0
2.8832,52.0,5.373,1.0367,1028.0,2.4103,34.18,-121.97,1.0
3.5268,23.0,3.9955,1.0049,1398.0,4.247,34.16,-115.59,0.0
2.575,42.0,5.9583,1.1036,1248.0,2.5234,37.9,-121.39,0.0
2.0,23.0,4.1439,1.0395,1492.0,3.8333,34.11,-121.29,0.0
7.6705,14.0,5.0,0.0,856.0,1.0,37.85,-121.9,1.0
3.75,25.0,0.0,0.9946,895.0,2.2882,37.73,-121.96,1.0
5.3619,24.0,7.0,0.0,752.0,2.2739,34.15,-118.04,1.0
2.0,16.0,4.6437,1.049,1292.0,2.0,35.56,-119.6,0.0
5.1812,52.0,5.6273,1.0475,1225.0,3.5179,34.02,-117.09,0.0
6.0208,14.0,5.3958,0.903,1292.0,2.9075,34.11,-118.44,1.0
5.0625,16.0,0.0,0.9798,1181.0,2.6131,33.89,-118.29,1.0
5.474,36.0,6.0,0.9884,1148.0,2.4254,33.96,-117.89,1.0
3.2709,33.0,5.7143,1.0562,904.0,2.5056,37.68,-119.21,0.0
2.8333,16.0,0.0,0.0,662.0,1.0,34.15,-120.87,0.0
1.775,52.0,3.9074,1.1048,1366.0,0.0,39.29,-118.02,0.0
1.7308,46.0,6.3188,0.0,890.0,2.6182,37.68,-118.27,0.0
3.5278,32.0,4.0,1.0,1162.0,1.8571,33.65,-118.27,1.0
5.4732,37.0,5.5791,0.9889,966.0,2.6395,40.76,-118.0,1.0
2.6154,43.0,3.9074,0.0,1478.0,2.7292,36.38,-122.24,1.0
1.8,44.0,4.7373,1.0441,1812.0,2.0,35.32,-121.29,0.0
2.4125,28.0,4.8838,1.1484,882.0,3.1648,34.04,0.0,0.0
3.7159,23.0,5.1806,1.027,1704.0,3.4434,35.36,-117.0,0.0
3.3241,37.0,4.8125,1.0933,919.0,3.1805,38.69,-120.96,0.0
3.1083,22.0,4.9941,1.0783,719.0,2.8571,34.08,-117.0,1.0
3.2183,36.0,4.7167,1.0041,2140.0,2.4499,40.65,-121.81,1.0
3.4999,10.0,4.7513,1.0084,1007.0,3.0679,41.97,-121.96,0.0
4.2124,20.0,5.2893,1.0181,832.0,0.0,38.52,-120.59,0.0
3.2292,26.0,4.8906,1.0818,1556.0,3.5104,34.37,-1192.25,0.0
7.0,16.0,6.4424,1.0074,2203.0,2.7667,38.61,-122.48,0.0
3.9167,35.0,6.0673,0.974,1243.0,2.7538,32.76,-119.29,1.0
2.1739,43.0,4.5809,0.9929,1201.0,3.0,40.92,-122.28,1.0
5.695898,12.0,4.6604,1.0642,1083.0,2.3938,39.57,-121.34,0.0
4.5587,31.0,6.2844,0.9748,2108.0,3.0627,37.76,-118.25,1.0
6.0,33.0,5.1583,0.9943,1258.0,2.4788,34.14,-118.37,1.0
4.2149,29.0,5.4236,1.1805,1837.0,3.5488,37.78,-122.29,1.0
3.0,39.0,5.8393,0.0,1716.0,3.0,34.07,-118.4,0.0
3.1853,32.0,5.8447,1.0379,1317.0,2.9231,39.34,-122.21,1.0
4.7143,20.0,0.0,1.0341,1234.0,2.2782,33.77,-118.12,1.0
4.9135,36.0,5.4862,1.0395,909.0,2.4107,38.71,-118.13,0.0
3.1875,6.0,7.6072,1.0316,884.0,2.2638,34.02,-121.35,0.0
2.0,36.0,4.4269,1.0233,1212.0,0.0,37.6,-117.72,0.0
2.3269,36.0,5.2477,0.0,8.0,3.2028,33.76,-118.42,1.0
4.8295,15.0,0.0,1.0905,1412.0,3.2287,40.37,-121.43,0.0
3.0,52.0,5.4643,1.0443,853.0,2.0,33.98,-117.0,0.0
2.1551,39.0,0.0,1.0341,1685.0,3.3314,34.06,-121.43,0.0
4.8462,15.0,4.6454,1.0,732.0,2.5196,37.93,-119.1,0.0
2.6389,30.0,4.7373,1.0411,832.0,2.809,41.76,-118.48,0.0
3.6718,43.0,6.5595,0.9798,1546.0,0.0,33.87,-118.08,1.0
3.227,18.0,5.2841,1.0319,1679.0,2.0,37.83,-121.99,1.0
3.2099,28.0,6.3417,1.0879,1256.0,0.0,33.82,-118.48,0.0
2.575,15.0,5.5395,0.0,6.0,2.9338,34.23,-120.65,0.0
2.7222,37.0,4.6642,0.0,1373.0,2.578,34.16,-118.2,1.0
3.1875,21.0,4.3907,0.9654,874.0,3.8649,37.3,-117.0,0.0
4.0,31.0,6.5385,1.0057,1038.0,0.0,37.32,-117.91,0.0
4.4455,17.0,6.5497,1.027,1699.0,3.3955,35.32,-117.0,0.0
3.9107,12.0,4.4196,1.0955,2484.0,3.0105,32.75,-120.49,0.0
2.6917,30.0,0.0,1.0,1789.0,4.1627,34.01,-120.5,0.0
3.6958,36.0,5.3689,0.0,741.0,2.6091,33.97,-118.32,1.0
6.2694,16.0,0.0,0.9875,988.0,2.6454,37.0,-120.81,1.0
7.5892,52.0,0.0,0.9844,983.0,2.0,40.6,-116.97,1.0
3.3125,45.0,4.446,0.0,927.0,2.1635,37.77,-122.41,1.0
4.0139,36.0,3.6568,1.0481,744.0,2.6786,35.37,-123.87,0.0
5.3483,42.0,0.0,1.0227,1484.0,2.3077,37.0,-122.36,1.0
4.1375,33.0,5.6458,1.0471,1309.0,0.0,34.0,-118.12,1.0
2.0,16.0,5.4866,1.0782,1437.0,4.8125,36.71,-121.0,0.0
4.8125,16.0,9.1282,1.0207,1148.0,2.4826,34.14,-118.22,1.0
4.1816,52.0,5.4464,0.9667,709.0,2.6827,36.61,-120.88,1.0
0.9806,39.0,0.0,1.1215,1782.0,3.0801,38.35,-117.0,0.0
2.9,40.0,5.5172,1.1097,1227.0,4.3694,37.54,-120.98,0.0
1.6487,14.0,3.8356,0.0,1708.0,5.0658,32.74,-122.0,0.0
1.5333,39.0,4.2085,1.0392,930.0,4.1469,37.54,-118.34,0.0
4.3536,36.0,4.1656,1.0353,7961.0,1.6563,37.74,-121.98,1.0
4.0562,16.0,5.0048,1.1047,926.0,2.5953,35.38,-118.36,0.0
3.7389,16.0,7.2833,1.1867,391.0,2.5548,37.77,-121.87,1.0
2.0,6.0,4.9167,1.0353,794.0,2.8667,38.11,-120.6,0.0
2.0,20.0,5.5479,1.032,547.0,0.0,37.74,-122.17,0.0
2.125,39.0,4.6083,1.0458,1088.0,3.0149,37.66,-122.01,0.0
3.6825,37.0,5.9074,1.0786,1472.0,2.6361,38.51,-121.89,0.0
3.5944,30.0,7.8558,1.0386,849.0,2.7708,37.34,-117.0,1.0
3.8125,17.0,6.1856,1.0526,1459.0,2.6607,37.96,0.0,0.0
1.6875,31.0,5.2919,1.0762,882.0,2.8091,35.37,-121.0,1.0
3.5851,19.0,5.7452,1.0187,1375.0,3.0,0.0,-116.0,0.0
2.1875,27.0,5.7015,1.0341,1558.0,0.0,38.65,-117.95,0.0
2.0,35.0,4.9309,1.0976,1532.0,0.0,34.25,-122.44,0.0
1.6862,36.0,3.7594,1.1514,2923.0,4.3985,34.17,-117.96,0.0
2.2768,28.0,4.8914,1.0392,1137.0,3.1204,34.09,-120.95,0.0
2.8333,26.0,5.0,1.0443,791.0,0.0,41.95,-122.44,1.0
3.375,25.0,5.5388,0.9972,1291.0,2.9286,33.89,-118.47,1.0
2.2474,33.0,4.7885,1.0,982.0,3.4131,37.34,-120.98,0.0
7.0673,15.0,5.8644,0.9952,1369.0,3.0,38.51,-118.17,1.0
4.2767,24.0,4.4797,1.1474,982.0,0.0,34.11,-1190.84,0.0
2.0,27.0,5.3678,0.9728,1371.0,2.8042,40.7,-118.01,1.0
5.0625,35.0,6.3905,1.1344,1459.0,2.1838,38.36,-120.88,0.0
4.0,10.0,5.129,0.9914,1807.0,2.0,34.03,-122.24,1.0
5.6398,36.0,3.9286,0.994,1305.0,1.0,34.1,-122.49,1.0
2.3984,35.0,5.0,1.0791,1490.0,3.5455,37.35,-120.81,0.0
0.9744,21.0,4.8571,1.0466,1042.0,3.0234,41.82,-121.25,0.0
11.4767,15.0,6.0441,0.0,1345.0,2.9599,40.71,-118.0,1.0
3.5489,52.0,5.8194,1.129,1054.0,3.0,34.09,-122.41,0.0
2.6667,26.0,5.5455,1.0338,1848.0,0.0,34.24,-120.94,0.0
3.1667,17.0,5.1822,1.1408,1154.0,0.0,34.0,-116.98,0.0
4.1473,32.0,5.8826,1.1104,961.0,2.5497,34.16,-121.84,1.0
4.3923,22.0,6.5247,0.0,906.0,2.4368,34.11,-117.97,1.0
1.875,27.0,4.5258,1.0234,678.0,2.8235,39.59,-120.71,0.0
1.0,52.0,3.8864,1.0849,1394.0,4.3054,34.18,-120.58,0.0
5.6607,23.0,4.0,0.0,1166.0,1.8893,37.54,-122.15,0.0
3.1329,34.01,4.7703,1.0556,716.0,3.0,33.77,-11700.0,0.0
4.8388,32.0,6.0337,0.9734,826.0,3.5696,34.05,-121.3,1.0
3.0,16.0,4.9078,1.0569,1091.0,3.0,34.41,-121.32,0.0
2.1875,22.0,4.9306,1.0341,939.0,2.0,38.03,-121.96,0.0
3.0,46.0,5.7286,0.9924,788.0,2.4167,33.87,-121.43,1.0
5.0,29.0,4.3448,1.0208,1588.0,2.7266,34.21,0.0,0.0
2.7031,26.0,4.0,0.0,1066.0,2.9,39.0,-118.15,0.0
4.2868,35.0,6.599,0.9779,1092.0,0.0,38.75,-118.08,1.0
1.0,17.0,4.8333,1.0242,494.0,2.8841,38.48,-115.0,0.0
3.8907,30.0,4.7038,1.1406,981.0,2.0,34.09,-118.16,0.0
2.3111,28.0,5.2818,1.0341,632.0,0.0,38.69,-120.75,0.0
3.2556,38.0,5.4577,1.0117,1227.0,0.0,39.14,-122.44,0.0
4.2857,52.0,4.8162,0.9914,867.0,1.8172,34.18,-118.31,1.0
2.0,22.0,0.0,1.0112,1494.0,3.0,40.61,-122.16,0.0
2.0,28.0,5.4063,1.0395,1087.0,3.1776,41.31,-118.16,0.0
5.5784,32.0,4.5479,0.965,891.0,2.7188,33.78,-122.29,1.0
5.0,25.0,6.0673,0.9731,2614.0,3.2878,33.99,-118.29,1.0
2.1837,35.0,5.5976,1.0658,1272.0,0.0,34.17,-121.46,0.0
2.0,25.0,3.9805,1.0415,1081.0,3.2434,36.95,-124.1,0.0
3.0799,18.0,4.0,1.1381,1112.0,1.8571,40.57,-121.47,0.0
3.4286,16.0,4.5673,0.9556,1492.0,2.4049,34.11,-121.92,1.0
2.3683,26.0,0.0,1.1701,1317.0,2.4196,34.0,-117.29,0.0
3.6667,21.0,6.8273,0.0,735.0,2.6455,34.17,-122.0,1.0
3.7739,32.0,5.8649,1.0479,1483.0,3.0096,37.78,-118.07,0.0
5.2282,21.0,6.0,0.0,951.0,3.0724,37.8,-121.0,1.0
6.4479,39.0,0.0,1.0458,905.0,2.9231,38.74,-121.98,1.0
6.125,26.0,6.1078,0.9845,441.0,2.0208,38.55,-122.43,0.0
2.0,29.0,0.0,0.0,703.0,2.9582,37.77,-121.56,1.0
4.8333,27.0,5.2861,0.0,1225.0,2.6356,37.61,-122.24,1.0
2.5982,43.0,5.6103,1.0119,1255.0,2.7714,33.95,-121.36,0.0
3.0592,41.0,5.0,1.0885,798.0,47941.0,34.17,-117.0,0.0
3.0,18.0,4.5908,1.0781,1031.0,4.5163,34.09,-118.22,0.0
5.3182,25.0,6.7667,0.0,781.0,2.0,38.46,-122.25,0.0
6.0667,27.0,5.1706,0.0,1654.0,2.6687,342100.0,-121.93,1.0
2.9808,25.0,5.5156,1.0643,861.0,0.0,37.34,-122.03,0.0
4.4107,37.0,5.4578,1.0227,1684.0,2.0,36.63,-121.6,0.0
4.85,24.0,5.368,1.1457,690.0,2.5578,34.03,-117.0,0.0
4.5895,33.0,4.8299,0.9715,7881.0,2.9688,34.17,-122.39,1.0
2.4523,19.0,4.6425,0.0,1053.0,2.775,34.1,0.0,1.0
866.0,27.0,5.0,0.0,2667.0,3.2613,38.41,-122.57,1.0
2.0,17.0,4.2896,1.0667,1073.0,3.2434,36.75,-122.02,0.0
3.6047,28.0,0.0,1.1523,1434.0,2.6175,36.94,0.0,0.0
1.6422,28.0,3.7574,0.0,1076.0,6.3185,34.0,-117.9,0.0
1.9875,36.0,4.0,1.0216,949.0,2.4547,34.08,-118.3,0.0
3.2032,22.0,4.0,1.0534,1335.0,2.9063,38.61,-117.26,0.0
3.6458,22.0,0.0,0.9883,705.0,2.8954,34.1,-116.94,1.0
10.0,11.0,5.6595,0.972,2525.0,3.1682,34.1,-118.43,1.0
5.5609,41.0,5.9643,1.1379,925.0,2.2935,346900.0,-121.0,1.0
6.0,42.0,6.3113,1.0667,871.0,3.1173,34.04,-117.9,1.0
7.11791,31.0,6.3696,1.0468,10.0,2.9966,37.37,-122.31,1.0
4.5461,44.0,7.1801,1.0825,907.0,2.3722,38.41,-122.49,1.0
4.0954,18.0,0.0,1.1399,719.0,3.0364,33.9,-121.45,0.0
2.9076,33.0,4.7893,1.0957,1165.0,2.869,37.67,-122.47,0.0
3.5909,26.0,5.4107,0.9773,716.0,2.5234,34.07,-118.31,1.0
1.8125,20.0,4.6852,0.9444,3333.0,2.6482,33.86,-118.28,0.0
5.7266,32.0,6.0,0.9664,1326.0,2.6684,34.25,-118.07,1.0
2.6875,18.0,5.7206,1.0337,781.0,2.0,34.46,-122.23,0.0
3.7037,29.0,3.8026,0.9643,1710.0,2.5,34.12,-122.46,1.0
3.7798,36.0,5.6131,0.9809,769.0,2.7015,34.08,-121.88,1.0
5.2571,27.0,6.0881,0.9688,805.0,2.5481,38.66,-122.44,1.0
8.0,35.0,6.0,0.9568,498.0,2.896,33.99,-121.94,1.0
1.4929,36.0,5.8365,1.1401,1042.0,2.4261,34.16,-118.43,0.0
4.9167,18.0,5.9014,1.0395,604.0,2.5039,34.19,-121.85,0.0
2.2481,16.0,6.0762,1.0533,1072.0,2.7059,36.8,-115.77,0.0
8.0208,24.0,0.0,0.9706,1052.0,3.3261,37.67,-121.83,1.0
1.7931,15.0,4.6667,1.0536,1372.0,3.2785,40.42,-118.09,0.0
4.5461,35.0,5.0479,1.0619,1234.0,44214.0,37.95,-120.9,0.0
2.5714,52.0,5.3239,1.0547,1383.0,3.3675,37.37,-121.98,0.0
2.5481,28.0,5.8982,0.0,607.0,3.3173,37.65,-121.25,0.0
6.0737,32.0,0.0,0.988,8992.0,2.5785,38.67,-122.0,1.0
4.5385,17.0,5.5185,0.9596,1318.0,2.8309,37.92,-122.49,1.0
4.125,36.0,5.5642,1.0315,1427.0,3.9254,37.78,-117.0,0.0
3.2712,36.0,5.4609,1.0449,1405.0,2.3597,35.36,-121.01,1.0
4.7188,35.0,5.3062,1.0379,934.0,2.4194,38.32,-121.49,0.0
2.0,25.0,0.0,0.0,1337.0,3.0,38.45,-121.98,0.0
2.4141,29.0,4.4585,1.0561,1479.0,3.3147,38.11,-117.19,1.0
3.0,10.0,0.0,1.0365,73351.0,3.0,33.78,-122.19,0.0
3.5208,14.1,0.0,1.0703,661.0,2.9521,39.02,-122.49,1.0
10.5533,38.0,6.0,0.9416,892.0,2.5185,37.58,-118.09,1.0
4.0,8.0,5.9205,1.0444,1045.0,2.5694,38.61,-122.17,0.0
547.0,27.0,6.9063,1.0562,1387.0,2.8649,34.04,-118.18,0.0
4.3173,26.0,5.5255,1.0369,1095.0,0.0,38.54,-121.78,1.0
2.4167,26.0,3.6331,1.1363,894.0,2.5771,38.0,-117.0,0.0
3.5333,48.0,5.408,1.0182,1316.0,2.7243,34.0,-121.31,0.0
3.375,34.0,4.6828,0.0,1484.0,3.2696,34.11,-115.39,1.0
7.9559,31.0,6.1278,1.0341,1106.0,2.0,33.83,-1194.25,0.0
2.15,40.0,4.5076,1.0376,1741.0,2.0,40.91,-121.35,0.0
8.5554,16.0,0.0,0.9709,473.0,2.6415,33.0,-121.99,1.0
4.0691,16.0,6.7205,1.0,1357.0,1.9926,37.0,-121.47,0.0
4.0722,37.0,0.0,1.0077,1635.0,5.0,33.68,-117.9,0.0
1.6062,38.0,0.0,0.9793,1255.0,5.1678,34.08,-117.84,1.0
2.5867,18.0,5.4729,0.0,1056.0,2.8409,35.37,-1190.84,0.0
3.4167,17.0,5.3381,0.0,1479.0,2.8173,37.8,-121.03,0.0
7.5156,23.0,6.0191,1.1293,1766.0,3.0677,34.05,-123.11,0.0
3.2484,14.0,4.6618,1.0392,1232.0,2.6014,34.21,0.0,0.0
6.2362,36.0,5.0528,0.0,705.0,2.3389,37.35,-121.95,1.0
2.0,23.0,4.1225,1.0749,1047.0,2.2917,33.56,-122.22,0.0
2.0,28.0,5.3125,1.0392,873.0,3.1724,38.53,-118.33,0.0
1.7796,26.0,5.2176,1.0444,3094.0,2.7898,40.8,-120.95,0.0
3.0,41.0,4.4081,1.1365,757.0,5.0481,40.56,-121.54,0.0
5.0,32.0,6.2868,0.0,1581.0,3.1878,37.97,-121.87,1.0
3.29,52.0,4.5667,1.0458,1142.0,3.4107,40.56,-122.16,0.0
2.9286,35.0,3.8571,0.9872,875.0,0.0,38.71,-1190.19,1.0
1120.0,22.0,3.0,1.0056,1346.0,0.0,33.79,-121.99,0.0
5.0918,30.0,4.4797,0.9566,784.0,3.0205,37.96,-116.98,1.0
4.0955,16.0,0.0,1.0455,1571.0,3.0,32.0,-124.03,1.0
1.0,26.0,0.0,1.0353,1719.0,4.0372,36.25,-120.0,0.0
1065.0,17.0,0.0,1.0,1287.0,2.5833,37.3,-118.34,1.0
7.3563,45.0,5.52,1.07,823.0,2.6133,33.9,-118.34,1.0
4.1667,19.0,6.2094,0.0,952.0,2.0,32.6,-121.0,0.0
5.3854,40.0,0.0,0.9773,971.0,2.6839,-123.83,-122.19,1.0
3.1582,35.0,5.3778,0.9808,1018.0,2.7934,36.79,-118.4,1.0
1.6725,31.0,5.4242,1.1171,662.0,2.5156,34.06,-121.84,0.0
3.0,38.0,5.3883,1.1181,1203.0,3.6019,37.31,-120.65,0.0
5.6154,30.0,0.0,0.9643,1807.0,3.7386,34.08,-117.0,1.0
1.6569,13.0,4.5481,1.0595,514.0,0.0,34.09,-1190.82,0.0
6.0558,7.0,8.0778,0.9872,1412.0,3.2673,37.34,-122.24,1.0
1.6097,52.0,4.379,0.9754,1762.0,2.5944,34.13,-118.36,1.0
2.4861,39.0,4.0,0.0,1044.0,4.1693,33.98,-122.05,0.0
1.2838,42.0,4.2661,1.0805,1042.0,3.7404,38.65,-117.03,0.0
7.2814,31.0,6.0,0.0,943.0,3.5335,37.57,-122.4,1.0
4.6875,29.0,4.9643,1.0642,1285.0,3.1466,40.54,-117.0,0.0
2.8125,27.0,4.5098,1.0149,1517.0,2.7231,34.1,-117.0,0.0
4.4871,43.0,5.0577,1.0907,891.0,3.9409,37.87,-122.08,0.0
1.0,27.0,4.6397,1.0961,874.0,2.9356,33.94,-121.0,0.0
4.5,30.0,3.0,1.0549,1669.0,4.0,39.55,-121.36,0.0
3.1619,16.0,5.3028,0.9754,1384.0,4.5139,34.04,-117.94,0.0
2.8056,26.0,0.0,1.0395,498.0,2.4861,41.99,-122.3,0.0
3.5712,8.0,0.0,1.0368,2319.0,2.9479,34.16,-122.06,1.0
6.0,46.0,5.0658,1.0047,907.0,2.8917,34.05,-122.43,1.0
3.6167,52.0,6.9231,0.9813,763.0,2.4646,34.16,-121.97,1.0
2.4821,45.0,5.2968,0.9765,782.0,2.6437,34.25,-121.93,1.0
3.4167,32.0,6.2857,0.9562,815.0,2.9966,34.05,-118.43,1.0
3.6044,28.0,6.2339,0.0,1533.0,2.694,33.68,-121.95,1.0
4.0,39.0,5.7171,0.9944,823.0,2.8472,37.59,-122.16,1.0
5.8954,41.0,5.1561,1.0395,888.0,2.3368,38.02,-121.49,0.0
1.6607,13.0,5.4094,1.0581,875.0,3.3618,35.38,-117.92,0.0
3.75,36.0,3.4111,1.0986,1093.0,4.4091,37.37,-118.33,0.0
3.6071,38.0,5.4586,0.9886,1202.0,2.0,40.58,-121.0,1.0
2.8095,35.0,3.8996,0.9676,1402.0,2.0247,34.06,-121.97,0.0
7.0,20.0,6.8981,0.9524,1184.0,3.0467,33.74,-122.46,1.0
4.3632,29.0,3.0,1.0391,1387.0,0.0,33.9,-121.98,0.0
4.1601,27.0,5.4349,1.1369,1367.0,3.0,3400.0,-122.05,1.0
3.2433,18.0,0.0,1.0,1393.0,3.2938,39.12,0.0,0.0
3.8688,18.0,0.0,1.0076,1082.0,3.0,35.0,-120.41,0.0
4.0,32.0,0.0,1.0341,1033.0,2.5234,34.03,-120.97,1.0
2.0,17.0,4.3261,1.0368,1187.0,2.74484,33.9,-120.77,0.0
2.0,25.0,4.8382,1.0663,1167.0,2.0,40.61,-124.16,0.0
2.1667,12.0,4.0,1.0337,7982.0,2.7159,33.87,-118.29,0.0
3.2811,41.0,4.1804,1.0366,1513.0,3.0,40.57,-121.47,0.0
8.0875,52.0,7.5395,1.0398,1345.0,2.5743,38.5,-118.25,1.0
2.8194,37.0,0.0,1.0,1250.0,3.0488,39.27,-118.16,0.0
4.0538,30.0,0.0,1.0744,14.0,3.0369,34.14,-122.13,0.0
2.5694,6.0,6.0852,1.0394,1768.0,3.1458,37.32,-118.4,0.0
5.0487,28.0,0.0,0.9773,498.0,2.6369,38.4,-121.87,1.0
4.6607,52.0,6.0362,0.9973,1110.0,2.8269,37.8,-117.0,1.0
7.9583,35.0,7.0828,0.9735,3178.0,2.5164,37.34,-121.87,1.0
4.5909,16.0,5.2461,1.0,1301.0,3.0442,38.82,-118.43,0.0
2.7269,31.0,5.2868,1.0464,1281.0,0.0,34.16,-122.34,0.0
1.625,35.0,3.8571,1.05,474.0,1.0,34.25,-121.0,0.0
2.5714,17.0,4.6111,0.0,1207.0,5.1589,37.77,-117.0,0.0
2.8333,26.0,5.0476,1.0158,1063.0,0.0,38.47,-122.32,0.0
4.7813,30.0,4.6331,0.9706,2695.0,0.0,34.19,-116.91,0.0
7.5179,52.0,6.6395,0.0,674.0,2.3229,34.16,-118.37,1.0
4.0112,37.0,4.276,1.0368,1858.0,2.1693,33.87,-122.52,1.0
3.2289,52.0,3.8068,0.9485,12.0,2.6255,37.96,-118.32,1.0
4.1405,39.0,5.4233,1.116,1093.0,3.0179,35.36,0.0,0.0
4.5673,52.0,5.754,1.0178,7881.0,2.549,36.33,-121.0,0.0
4.7167,52.0,4.1692,0.9886,774.0,2.4167,38.02,0.0,1.0
2.5556,44.0,3.5813,0.9677,1629.0,2.869,37.28,-122.34,1.0
1.0,16.0,4.9107,1.0722,1161.0,3.588,38.52,-116.34,0.0
2.0,52.0,4.7941,1.1067,852.0,3.0415,40.5,-124.18,0.0
4.3125,32.0,5.8594,0.9677,8761.0,0.0,34.08,-117.95,1.0
4.0145,15.0,3.0,0.0,1469.0,2.987,40.58,-122.25,0.0
2.0341,5.0,4.9084,1.0581,2958.0,2.0,37.95,-120.69,0.0
1.0,24.0,5.5455,1.1441,1177.0,3.0,38.58,-116.93,0.0
4.0172,20.0,5.0479,1.1586,1090.0,3.3581,35.36,-119.72,0.0
3.6512,32.0,6.0149,1.0391,856.0,2.8173,38.55,-121.88,1.0
3.245,35.0,4.0,1.058,1809.0,4.1872,38.53,-121.81,0.0
2.0,36.0,5.0208,1.035,1423.0,3.3671,34.48,-117.0,0.0
6.0,52.0,0.0,1.0386,2696.0,2.9286,34.29,-117.86,1.0
2.0,52.0,4.9667,1.1667,1359.0,3.1477,39.0,-121.88,1.0
15.0,21.0,0.0,0.9474,2778.0,3.0353,37.67,-122.29,1.0
4.0667,18.0,0.0,1.0839,1311.0,3.7391,37.88,-120.87,1.0
4.0625,29.0,5.3918,1.0142,1549.0,2.4496,34.11,-121.39,0.0
4.5179,29.0,6.0703,1.0797,959.0,3.1394,38.02,-119.47,0.0
4.6469,44.0,5.0408,1.0692,882.0,2.6184,36.71,-121.5,0.0
3.0179,28.0,7.7262,0.9444,937.0,2.8456,34.1,-121.98,1.0
2.4999,39.0,4.4533,1.0511,841.0,0.0,34.02,-119.0,0.0
2.2703,48.0,0.0,0.9793,941.0,3.1573,37.97,-122.02,1.0
2.5179,0.0,4.2844,1.0,1807.0,2.3897,38.29,-118.21,0.0
2.8125,27.0,0.0,1.0182,1346.0,4.1713,38.0,-118.49,0.0
4.125,36.0,4.9485,1.0,1046.0,3.378,37.35,-122.0,0.0
1.0,52.0,3.6389,1.0556,731.0,3.7386,39.07,-120.83,0.0
4.7143,16.0,4.5667,0.9924,1513.0,3.0,35.32,-11750.0,0.0
3.2052,20.0,0.0,1.0234,1632.0,573.0,38.47,-118.0,0.0
3.0,17.0,5.1485,1.0216,1138.0,2.7846,38.62,-122.02,0.0
3.245,17.0,0.0,0.0,2541.0,4.3905,34.04,-120.94,1.0
4.0531,26.0,3.0,1.0861,1794.0,4.1677,34.18,-117.11,0.0
2.8125,39.0,4.5056,1.044,1823.0,2.0,34.22,-123.19,0.0
8.0,25.0,6.1747,1.0719,731.0,2.5089,34.28,-121.96,1.0
1.4688,35.0,4.9338,0.989,849.0,54426.0,37.34,-121.83,1.0
3.0769,39.0,5.6336,1.0667,697.0,2.8239,40.95,-120.56,0.0
6.0703,24.0,5.1712,0.9798,1265.0,2.7143,34.02,-118.39,1.0
4.5,35.0,5.1557,1.0529,611.0,3.3556,36.83,0.0,0.0
3.7143,18.0,5.8951,1.0514,1585.0,0.0,34.07,-119.29,0.0
1.774,40.0,4.7266,1.0208,766.0,3.1582,35.34,-118.3,0.0
4.2442,46.0,4.2344,0.9778,944.0,5.0,3400.0,-122.43,1.0
1.5714,30.0,4.6336,1.1038,2314.0,0.0,34.21,-124.06,0.0
1.0,11.0,3.9063,0.0,1659.0,4.0,34.02,-120.45,0.0
3.7188,20.0,5.3277,1.0901,1074.0,3.4067,37.74,-115.35,0.0
1.6963,17.0,5.8365,1.0049,2194.0,0.0,37.34,-118.48,0.0
2.1417,43.0,4.3892,1.1145,818.0,2.7143,34.13,-118.14,0.0
4.1875,11.0,5.3479,1.0835,1401.0,3.2188,32.78,-123.02,0.0
6.0176,28.0,5.4194,0.9643,2196.0,2.0,38.25,-122.28,1.0
2.9667,15.0,5.3328,1.0,1083.0,2.0,34.08,-121.46,0.0
4.1147,11.0,4.7708,1.056,627.0,3.359,34.14,-122.31,0.0
2.2692,36.0,5.2857,1.027,661.0,0.0,34.42,-117.37,0.0
2.0,29.0,0.0,1.0703,2541.0,4.0,40.77,-117.0,0.0
10.3056,25.0,0.0,1.0221,1258.0,2.3169,38.63,-118.31,1.0
4.1486,26.0,5.2396,1.0582,890.0,2.5333,33.92,-120.85,0.0
3.5481,52.0,0.0,1.0956,805.0,2.9,38.69,-121.86,1.0
1.8672,34.0,4.7019,1.027,1609.0,3.6333,36.8,-117.0,0.0
2.1839,28.0,5.8981,0.975,685.0,2.4736,38.62,-118.31,1.0
6.2198,39.0,5.4057,0.9077,861.0,3.2827,34.17,-121.99,1.0
8.125,26.0,4.3761,0.0,1698.0,6.3328,34.17,-118.0,1.0
1.0,27.0,3.8235,1.0,1044.0,4.0227,37.37,-117.0,0.0
3.6875,36.0,5.1404,1.0382,1150.0,3.4643,33.93,-122.11,0.0
3.75,22.0,6.5977,1.0338,910.0,2.6156,40.78,-118.29,1.0
2.8125,24.0,5.7839,1.0958,1423.0,0.0,33.85,-121.33,0.0
2.8875,36.0,6.2768,1.0795,776.0,3.0874,34.03,-118.15,1.0
4.2406,36.0,5.7014,0.9849,1367.0,3.2565,34.17,-117.19,1.0
4.1858,4.0,5.0486,0.968,1225.0,2.8828,34.0,-121.94,1.0
10.0,36.0,5.5841,1.0539,1464.0,3.0667,37.37,-122.31,1.0
4.1438,22.0,6.0973,1.0625,1875.0,2.3589,39.11,-120.58,1.0
2.756,27.0,4.9072,0.0,1653.0,2.0,40.58,-118.37,0.0
3.6111,25.0,5.2954,1.0769,2425.0,2.0341,3400.0,-122.34,0.0
5.3125,16.0,6.5059,0.9957,735.0,2.3904,33.0,-121.45,1.0
2.8825,52.0,3.9319,0.9848,841.0,2.5208,37.62,-118.31,1.0
3.2813,52.0,3.868,0.0,841.0,2.7391,33.99,-121.97,0.0
3.1687,32.0,5.3045,1.1059,1427.0,0.0,38.25,-122.47,0.0
2.9063,28.0,0.0,1.1833,2546.0,3.1243,39.11,0.0,0.0
5.0357,17.0,4.9306,0.9754,1085.0,2.0,40.46,-121.95,1.0
2.9079,25.0,6.094,1.0437,599.0,2.5842,34.63,-121.15,0.0
3.4411,27.0,5.9706,1.0227,826.0,0.0,34.0,-122.27,0.0
4.7292,36.0,5.5381,1.0368,1492.0,2.6016,34.03,-118.5,1.0
6.444,8.0,5.5333,0.9773,1212.0,2.7222,34.16,-119.79,1.0
3.0,35.0,4.4841,1.0862,829.0,5.4348,40.35,-121.88,0.0
2.0,17.0,0.0,1.0076,861.0,3.2477,39.03,-118.11,0.0
869.5,29.0,5.0962,1.0382,10.0,2.8249,34.14,-115.95,0.0
4.0881,30.0,4.6624,1.0419,521.0,2.5923,34.25,-116.93,1.0
4.5208,19.0,5.5542,0.98,1759.0,2.75,39.07,-122.01,1.0
4.085,35.0,5.2047,0.0,1392.0,2.6181,37.33,-116.96,0.0
4.5694,52.0,5.3265,0.9,1074.0,2.7,34.11,-121.48,1.0
5.7167,52.0,5.349,0.0,1245.0,3.2815,38.49,-118.24,1.0
1.9063,17.0,5.3952,1.0065,1121.0,3.0973,39.04,-117.0,0.0
4.3696,23.0,4.0782,1.0357,1117.0,3.1388,40.4,-122.25,0.0
2.0,32.0,3.0,0.9918,1465.0,2.4793,40.79,-118.11,1.0
2.0488,24.0,4.5481,0.0,1165.0,2.7739,37.78,0.0,1.0
4.5179,14.0,5.446,0.9626,1519.0,2.6692,40.62,-120.91,0.0
5.7444,11.0,6.1361,1.0886,576.0,2.0,37.64,-121.32,0.0
4.269,45.0,4.688,1.1382,1203.0,3.0425,37.36,-118.3,0.0
3.4167,32.0,5.9676,1.0947,798.0,2.8667,34.07,-122.49,1.0
5.0,31.0,6.6458,0.9684,1523.0,3.0765,34.01,-121.02,1.0
3.5,16.0,3.8654,1.0375,1255.0,4.0,37.32,-118.18,0.0
9.5368,15.0,6.3655,0.0,1293.0,3.3255,34.17,-124.0,1.0
3.9333,14.0,4.7934,1.0041,859.0,3.0488,38.46,-118.37,0.0
7.6425,26.0,6.0107,0.0,1605.0,2.6607,38.59,-121.99,1.0
3.0,22.0,5.0,1.1285,660.0,471.0,37.55,-121.28,0.0
3.2238,26.0,4.2857,0.9688,1804.0,0.0,38.11,-118.03,1.0
2.0,14.0,5.2479,1.0488,1556.0,2.5395,32.76,-121.45,1.0
7.1856,28.0,0.0,0.0,1177.0,3.1278,34.0,-116.37,1.0
3.6726,16.0,5.3056,1.0186,1205.0,3.2292,33.98,-118.03,0.0
2.5771,35.0,4.9356,1.0869,753.0,0.0,33.8,-1190.32,1.0
1.7143,50.0,4.0,1.1025,1484.0,2.0,36.69,-121.0,0.0
4.1083,15.0,3.0,1.0349,1064.0,3.8557,34.16,-121.31,0.0
1.6833,27.0,5.9196,1.023,636.0,0.0,40.73,-121.45,0.0
5.1789,24.0,6.1346,0.9948,985.0,0.0,37.94,-121.9,1.0
4.0484,27.0,6.2861,0.9876,1719.0,3.0105,34.11,-117.0,1.0
4.2439,31.0,0.0,1.0148,981.0,3.1789,35.65,-116.95,0.0
4.4478,43.0,4.0,0.9953,684.0,2.0,40.65,-118.23,1.0
4.5794,28.0,4.9529,0.0,1789.0,2.3814,37.74,-120.77,0.0
6.0958,15.0,5.7222,0.0,807.0,2.6452,37.0,-118.25,1.0
3.1774,52.0,5.3039,1.0794,1132.0,3.2121,37.67,-122.31,0.0
2.5062,30.0,4.5867,0.0,1253.0,1.0,34.25,-116.96,1.0
2.1437,29.0,4.0479,1.1173,1061.0,0.0,34.25,-118.15,0.0
3.85,16.0,7.0896,0.9853,895.0,2.569,34.09,-121.8,1.0
5.2654,34.0,4.1698,1.1363,797.0,2.3393,33.75,-117.97,0.0
2.0,17.0,0.0,1.1201,835.0,2.7386,33.93,-118.12,0.0
5.3,32.0,6.4333,0.0,991.0,2.7019,33.78,-122.44,0.0
2.7091,17.0,3.0,0.0,1541.0,2.4875,33.88,-121.99,0.0
2.1429,52.0,4.5797,1.0154,1205.0,5.9085,37.63,-122.0,0.0
2.6458,21.0,4.5063,1.013,1335.0,3165.0,36.51,-117.96,0.0
2.4584,30.0,5.6097,1.0403,492.0,2.5849,38.02,-118.26,0.0
4.9688,35.0,5.8472,1.0368,1349.0,2.5079,34.19,-118.33,1.0
1.5875,9.0,4.8794,0.947,1035.0,2.9906,39.51,-117.0,1.0
3.6369,38.0,3.0,0.0,1042.0,2.5109,40.64,-122.27,0.0
3.75,44.0,5.7844,1.0437,949.0,3.0,40.6,-121.84,0.0
2.0,25.0,4.869,0.0,815.0,3.181,40.45,-118.16,1.0
1.9135,9.0,4.3241,1.0905,1310.0,0.0,34.85,-120.32,0.0
3.2893,39.0,0.0,1.0208,1359.0,4.0,37.83,-122.46,0.0
10.2062,27.0,0.0,0.947,992.0,2.8947,38.51,-117.92,1.0
1.0,19.0,4.6389,1.0513,895.0,3.0208,32.8,-118.4,0.0
3.2857,34.0,4.6929,0.9972,1255.0,3.5131,38.59,-121.84,1.0
1.0,20.0,0.0,1.122,1073.0,3.077,34.37,-120.89,0.0
4.3984,17.0,5.7383,0.9885,1203.0,3.0,32.71,-121.9,1.0
3.0,38.0,5.3595,1.0395,674.0,2.4419,34.16,-118.37,1.0
2.0,35.0,0.0,1.0814,1236.0,4.5116,37.34,-121.89,0.0
2.1671,26.0,4.8234,1.0242,1388.0,2.9076,36.98,-120.44,0.0
2.0,17.0,4.0952,1.0,1390.0,5.3523,37.65,-116.94,0.0
2.0,52.0,0.0,1.049,552.0,2.8333,34.04,-118.36,0.0
4.0,16.0,5.0,1.0,1571.0,2.5068,38.57,-118.03,0.0
6.7798,32.0,5.0208,0.968,929.0,2.7382,34.12,-117.93,1.0
5.0861,25.0,5.6111,1.0519,1285.0,3.2541,37.36,0.0,1.0
2.5571,28.0,6.0,0.9931,961.0,2.9167,33.88,-118.42,1.0
0.954,24.0,3.2943,1.047,1181.0,4.4433,33.86,-118.27,1.0
5.9073,19.0,6.5098,1.0644,890.0,3.4167,34.14,-122.37,0.0
1.875,30.0,4.9074,0.0,2272.0,2.5673,38.57,-118.22,0.0
2.0,52.0,5.7647,1.0392,1789.0,0.0,33.84,-118.36,0.0
673.0,15.0,4.9074,0.9709,812.0,2.8928,40.74,-118.45,1.0
3.1325,31.0,4.6012,1.0,1572.0,2.7074,34.04,-117.96,0.0
4.4821,30.0,4.7361,1.0523,1258.0,3.0,32.73,-118.37,0.0
3.0,28.0,4.5196,1.0722,781.0,3.0,40.8,-120.77,0.0
1047.0,52.0,5.1476,1.0735,907.0,2.7474,37.75,-118.21,1.0
3.8859,21.0,6.4563,0.9721,1361.0,2.7098,37.9,0.0,0.0
7.1689,22.0,6.6859,0.9977,1655.0,2.9073,37.33,-121.83,1.0
4.7273,44.0,6.2766,0.9659,1165.0,2.8333,39.55,-122.34,1.0
2.5933,21.0,4.8649,1.049,871.0,2.5333,33.66,-120.48,0.0
7.0,32.0,5.1579,1.0349,852.0,3.3561,37.77,-119.71,1.0
4.1667,26.0,0.0,1.0843,1312.0,2.4437,33.93,-116.95,0.0
6.8125,20.0,0.0,1.0539,953.0,2.5962,37.97,-122.2,1.0
2.0,10.0,0.0,1.1093,0.0,2.3638,41.5,-118.22,0.0
4.5461,24.0,5.7143,1.0369,1368.0,4.4286,37.66,-121.46,0.0
3.4107,35.0,4.7241,1.0972,753.0,1.0,40.96,-122.22,1.0
3.0,52.0,4.6431,1.0534,1266.0,3.238,34.1,-117.92,1.0
2.3954,52.0,4.8067,1.0376,579.0,2.9087,34.03,-121.47,1.0
2.8125,17.0,5.2445,1.0651,1153.0,3.1353,34.11,-121.0,0.0
4.0357,41.0,5.8495,0.0,971.0,4.06,33.94,-120.81,1.0
2.125,12.0,4.5809,1.027,2381.0,2.6769,40.29,-124.15,0.0
2.0,16.0,4.9338,1.0788,1283.0,3.0966,35.7,-122.11,0.0
6.3711,26.0,0.0,0.8986,1764.0,2.7647,38.35,-118.32,1.0
4.4271,29.0,5.374,1.0379,892.0,3.0,37.75,-121.0,0.0
8.1817,20.0,7.3314,1.0213,1160.0,2.8704,37.89,-121.0,1.0
5.6154,32.0,5.7394,0.9863,825.0,2.6584,33.93,-116.95,1.0
3.5208,35.0,4.7708,0.9861,1121.0,3.0,37.0,-121.96,1.0
2.0,25.0,3.8382,1.2361,1205.0,4.3419,34.16,-124.18,0.0
3.8125,52.0,4.8827,1.1382,509.0,2.4242,38.0,-118.04,0.0
6.3811,36.0,5.9265,0.0,1259.0,2.2974,38.53,-121.98,0.0
3.5278,36.0,4.8571,0.0,982.0,3.9167,37.74,-124.26,0.0
923.01,17.0,6.1458,0.952,818.0,3.0531,34.25,-115.92,1.0
2.0,34.0,4.6398,1.0394,1127.0,5.1872,38.35,-121.95,0.0
4.0488,24.0,0.0,0.9742,534.0,4.0,34.1,-120.89,0.0
4.7,14.0,6.8125,0.0,1549.0,3.094,38.63,-122.25,1.0
4.4271,35.0,0.0,1.1382,1281.0,2.6871,33.9,0.0,0.0
2.0,35.0,5.1044,1.1206,1360.0,3.3099,40.68,-122.43,0.0
0.954,52.0,2.6607,0.0,914.0,2.7065,38.46,-116.96,0.0
2.6111,32.0,0.0,1.0349,853.0,2.5208,33.0,-121.25,0.0
2.0444,20.0,4.807,1.111,1056.0,3.3269,40.42,-121.49,0.0
2.8125,27.0,5.2914,1.0736,691.0,3.0948,3400.0,-121.22,0.0
4.6111,18.0,5.4271,1.0642,1271.0,3.0,34.07,-117.69,0.0
8.5578,3.0,6.1541,0.0,1373.0,2.9847,36.65,-1190200.0,1.0
1.9643,29.0,4.8444,1.0162,890.0,2.5667,34.23,-121.59,0.0
4.1439,24.0,4.3713,0.9965,904.0,3.106,38.64,-122.27,1.0
7.3125,6.0,5.1284,1.2639,1814.0,2.8096,36.64,-123.34,0.0
2.6452,15.0,5.0372,1.0675,2169.0,2.5983,34.0,-121.92,0.0
22.8125,32.0,3.5583,1.0571,910.0,43472.0,38.0,-121.43,0.0
6.7778,35.0,5.0,0.0,741.0,2.8844,33.94,-118.09,1.0
1.3439,35.0,0.0,1.0349,1473.0,2.0,40.44,-120.69,0.0
7.4098,25.0,6.2695,0.0,946.0,2.5662,34.27,-122.42,1.0
7.216,27.0,5.9444,1.0449,881.0,4.0171,40.57,-118.3,0.0
7.0385,48.0,6.3248,0.0,1285.0,3.1718,38.67,-121.96,1.0
2.5694,27.0,4.9643,1.0441,2825.0,2.7516,36.64,-120.59,0.0
3.5813,29.0,0.0,1.027,774.0,3.9238,40.5,-118.45,1.0
5.5461,38.0,4.7866,0.9763,1520.0,2.7095,33.88,-121.94,1.0
868.0,36.0,5.0085,0.0,2144.0,2.4368,37.0,-121.91,1.0
4.6605,15.0,4.6713,0.953,1390.0,3.0614,37.65,-120.99,0.0
1.6607,32.0,3.0,1.0904,1181.0,46746.0,34.27,-117.25,0.0
3.0544,36.0,3.9435,1.0456,886.0,2.0,41.37,-121.96,0.0
2.6875,36.0,3.7266,0.0,1061.0,4.8552,39.32,-120.71,0.0
4.9196,28.0,6.1061,1.0242,575.0,2.512,37.0,-121.04,1.0
1.8333,28.0,4.6814,0.9444,1593.0,5.3241,33.99,-120.97,0.0
7.0672,36.0,5.7014,0.9887,1376.0,3.5455,37.84,-122.27,1.0
4.2056,22.0,6.0341,1.021,961.0,3.1229,34.21,-120.88,0.0
2.0,18.0,4.4286,1.0118,1398.0,4.0,38.54,-118.27,0.0
3.0717,35.0,3.8511,1.1375,798.0,4.1435,34.08,-121.29,0.0
3.0,20.0,5.7885,1.1379,875.0,2.7014,34.03,-117.0,0.0
568.3,42.0,5.8594,1.0138,673.0,2.0,34.07,-120.29,1.0
5.2135,32.0,4.3571,1.0353,1494.0,3.0,38.51,-121.29,0.0
2.7273,36.0,4.4198,1.0481,1837.0,3.0,34.12,-119.2,0.0
3.0,40.0,4.4838,1.0862,715.0,3.5357,37.35,-117.96,0.0
6.7188,35.0,5.406,0.9688,1002.0,2.0,3700.0,-120.94,1.0
965.2,15.0,7.6814,0.9903,1805.0,2.2753,37.94,-117.97,1.0
1.0,52.0,4.9793,1.5382,1315.0,3.0366,33.97,0.0,0.0
6.1069,15.0,0.0,0.9926,1277.0,2.988,33.76,-121.92,0.0
3.6591,32.0,3.9804,1.0,517.0,2.8571,34.02,-118.13,0.0
3.1583,21.0,5.4073,0.97631,1318.0,2.2472,34.15,-120.02,1.0
3.2568,28.0,6.1771,0.9524,1063.0,0.0,37.34,-117.66,1.0
1.6571,15.0,5.0372,1.0179,2532.0,3.2426,38.34,-121.47,0.0
4.5481,36.0,5.8125,0.9667,761.0,3.2857,37.34,0.0,1.0
3.0,23.0,4.4125,0.0,1184.0,4.9286,34.02,-116.78,0.0
4.1056,24.0,5.2772,1.0395,721.0,2.9196,40.69,-123.25,0.0
1.6458,27.0,4.6461,1.0368,817.0,2.9071,41.8,-122.38,0.0
4.3958,39.0,4.0,1.1661,746.0,2.9815,38.48,-118.32,0.0
1.6892,35.0,3.9818,0.9886,975.0,4.335,37.69,-121.95,1.0
4.0,35.0,0.0,1.0338,825.0,2.9107,33.85,-117.87,0.0
1.0,19.0,4.7948,1.0811,1415.0,2.6641,33.78,-118.22,0.0
3.8333,9.0,5.3538,1.0323,2616.0,2.5788,34.01,-121.22,0.0
2.5489,52.0,4.9559,1.1806,2920.0,5.1429,40.8,-121.46,0.0
4.3697,43.0,4.7064,1.0233,683.0,3.0715,34.14,-122.02,0.0
3.3571,31.0,0.0,1.0516,1333.0,4129.0,33.72,-121.87,0.0
4.0,32.0,4.3289,0.9857,1707.0,2.6012,33.18,-121.94,1.0
1.0,34.0,4.7303,1.0936,922.0,3.0153,40.73,-118.31,0.0
7.1293,26.0,6.2218,1.0337,1332.0,2.8025,37.79,-121.97,1.0
4.0667,13.0,6.3915,0.9938,804.0,3.2635,34.08,-121.97,1.0
3.275,26.0,3.5198,0.994,618.0,0.0,34.15,-116.96,1.0
4.8125,34.0,5.2582,1.0945,1352.0,3.0386,0.0,-120.95,0.0
4.0644,41.0,3.8548,1.2088,1783.0,0.0,33.0,-121.42,0.0
2.0,47.0,3.7292,0.9755,1023.0,0.0,33.9,-122.12,1.0
3.0667,9.0,5.3961,1.0514,2935.0,4.5584,39.08,-116.96,0.0
3.125,52.0,4.7404,1.0395,1684.0,3.074,33.97,-121.83,1.0
4.0598,28.0,6.3103,1.0481,2.0,0.0,32.74,-117.08,0.0
3.6633,14.0,5.4843,1.1183,2987.0,2.8893,33.68,-120.86,0.0
3.2697,40.0,4.6458,1.0123,1274.0,3.129,38.59,-122.47,0.0
3.7094,16.0,5.122,1.0208,1852.0,2.8456,3400.0,-115.88,0.0
5.2565,35.0,4.8901,0.9907,811.0,2.9231,0.0,-122.42,1.0
2.4533,26.0,4.2432,1.0227,468.0,3.3169,34.08,-121.3,0.0
5.1071,19.0,5.5085,1.0353,1556.0,2.7019,33.87,-122.01,1.0
1.6783,25.0,6.5937,1.0526,757.0,2.9792,38.57,-117.99,0.0
3.48,52.0,5.7143,1.0521,894.0,2.3074,38.57,-121.93,0.0
7.4538,46.0,6.5223,1.0547,1272.0,0.0,37.63,-121.99,1.0
2.5902,11.0,4.7647,1.1036,1257.0,2.6519,37.37,-120.69,0.0
3.0596,38.0,3.8517,1.0456,933.0,0.0,34.06,-121.98,0.0
3.7292,52.0,5.0667,0.9975,935.0,3.0825,32.77,-117.0,1.0
4.2422,23.0,5.4196,0.9706,865.0,3.0,37.34,-117.0,1.0
3.5455,29.0,6.3276,0.0,762.0,2.8462,33.99,-117.97,1.0
3.7391,28.0,5.1344,0.9583,1292.0,2.5667,32.76,-119.0,1.0
4.5677,35.0,5.7273,1.0382,674.0,2.4583,33.9,-118.41,0.0
2.6726,42.0,4.0347,1.011,816.0,3.0,37.71,-122.31,0.0
3.8571,41.0,4.9643,1.0449,634.0,2.0,37.77,-122.0,1.0
4.6111,35.0,5.2811,1.0444,1623.0,2.9,37.69,-122.24,0.0
4.9792,16.0,6.6131,0.0,2380.0,3.5221,34.07,0.0,0.0
4.9667,52.0,4.1275,0.0,15.0,2.9922,38.01,-117.95,1.0
2.2946,32.0,5.0856,1.0719,1463.0,0.0,37.75,-121.0,1.0
5.0,17.0,5.3813,1.0435,1349.0,3.368,40.76,-117.11,0.0
2.4609,25.0,6.1718,0.0,1598.0,3.6815,37.66,-118.07,0.0
4.5488,46.0,6.3545,0.9951,1285.0,2.6296,37.34,-121.97,1.0
8.1357,16.0,7.5818,0.0,1459.0,2.4107,36.85,-122.31,1.0
4.2833,47.0,5.3571,0.9946,906.0,2.4044,37.54,-118.0,1.0
4.2154,30.0,5.3793,1.0714,1216.0,2.8367,33.99,-118.32,0.0
5.8583,38.0,0.0,0.9545,719.0,2.0386,34.03,-122.32,1.0
6.549,52.0,5.4526,0.0,1275.0,2.7407,34.0,-122.17,1.0
10.4489,23.0,5.675,0.0,1690.0,2.8953,37.96,-122.41,1.0
2.6111,14.0,4.9167,1.0825,1083.0,3.264,39.29,-117.0,0.0
2.1839,45.0,5.4974,1.1484,1061.0,4.3289,37.54,-117.0,0.0
4.9125,32.0,5.1745,1.0455,604.0,2.0,34.12,-120.94,0.0
2.9231,21.0,5.168,0.0,2459.0,4.2432,33.87,-116.94,0.0
4.5461,16.0,0.0,0.9923,1063.0,2.703,38.61,-121.3,1.0
7.4195,28.0,6.0,0.0,2064.0,3.0516,37.27,-120.69,1.0
4.0833,15.0,4.0,1.0181,932.0,3.1483,34.27,-120.89,0.0
2.7143,38.0,5.3304,1.0143,857.0,3.1492,35.49,-119.82,1.0
3.5956,32.0,4.9583,1.0961,597.0,2.7784,34.11,-118.29,0.0
3.2344,24.0,6.28,1.05,890.0,2.75,38.26,-118.3,0.0
1.9167,33.0,4.6458,1.0202,790.0,53946.0,38.37,-121.31,1.0
3.0,43.0,5.2376,0.0,871.0,2.2718,34.18,-120.83,0.0
1.7917,19.0,5.289,1.0341,932.0,3.2373,34.09,-115.0,0.0
3.5714,35.0,4.6154,1.0395,541.0,2.8447,37.94,-122.21,1.0
5.0907,24.0,6.0347,1.0,1327.0,2.9932,37.37,-120.96,1.0
4.6629,41.0,0.0,1.0547,683.0,4.4422,37.71,-118.25,1.0
2.0,35.0,4.7708,1.0488,1453.0,3.2782,37.34,-118.33,0.0
4.125,52.0,3.0,0.0,793.0,3.2697,40.8,-118.1,0.0
4.4233,30.0,5.8333,1.0532,659.0,2.6977,34.19,-121.89,0.0
5.9286,26.0,5.4029,0.9564,506.0,2.8514,39.04,-118.39,1.0
4.5184,29.0,5.9792,1.0717,1146.0,2.4107,38.03,-122.16,0.0
1.875,37.0,4.8049,1.1032,1553.0,2.9228,38.54,0.0,0.0
2.0,36.0,3.6458,1.0311,1514.0,4.0571,39.72,-118.16,0.0
1.6875,35.0,4.9076,0.0,1315.0,5.0908,34.02,0.0,1.0
2.0,32.0,4.6431,1.1846,1077.0,2.0,38.47,-118.01,0.0
6.0,37.0,5.8594,0.9629,734.0,2.7386,40.77,-122.48,1.0
1.7647,43.0,0.0,1.0799,1199.0,4.0,37.31,-117.2,0.0
1.0,25.0,3.5895,1.0658,962.0,4.0417,34.11,-116.93,0.0
2.5179,36.0,5.8462,0.0,812.0,3.0333,34.0,-122.03,0.0
4.549,23.0,6.1713,1.0395,598.0,2.8571,33.93,-120.66,0.0
1.3816,52.0,0.0,1.028,781.0,2.9107,40.6,-121.0,0.0
2.5042,26.0,5.8333,1.0438,1376.0,2.3158,37.25,-118.3,0.0
5.0,31.0,6.2679,1.0467,2368.0,4.0594,37.37,-122.16,1.0
8.2878,26.0,5.0,1.0227,1085.0,2.9571,37.72,-118.4,1.0
2.4068,34.0,5.1457,1.106,2034.0,0.0,34.23,-122.0,0.0
2.6016,10.0,5.7243,1.07982,1385.0,2.5893,37.3,-121.31,0.0
3.6789,36.0,5.0918,0.0,801.0,3.4831,40.51,-121.26,0.0
3.8125,29.0,6.2682,1.0125,1059.0,2.3844,37.97,-121.91,0.0
6.1048,31.0,7.3682,1.0341,1139.0,2.8935,37.94,-118.02,1.0
4.3968,18.0,5.4646,1.0582,1094.0,3.4028,37.31,-121.89,0.0
3.0,35.0,5.0,0.0,622.0,2.0,39.33,-116.84,0.0
6.599,52.0,0.0,0.9167,909.0,3.6181,33.93,0.0,1.0
4.0578,31.0,4.8571,0.9773,1245.0,3.1357,40.74,-118.39,1.0
1.8295,35.0,4.9667,1.0908,954.0,3.0757,34.02,-118.29,0.0
4.0775,35.0,6.2788,0.9884,1108.0,2.5446,37.74,-117.21,1.0
4.125,36.0,5.9441,1.1747,6041.0,2.6776,38.26,-118.43,0.0
3.254,52.0,0.0,1.0423,787.0,4.5341,40.66,-118.11,1.0
1069.0,17.0,6.0476,0.95591,1223.0,3.0317,33.97,-121.98,1.0
7.3819,36.0,5.284,0.9667,479.0,2.9167,32.85,-121.96,1.0
1.8787,52.0,4.3538,1.0227,1086.0,2.7768,34.0,-124.42,0.0
3.2487,26.0,5.6042,1.1333,1057.0,2.0,40.6,-122.19,0.0
4.8355,22.0,4.6918,0.9961,1142.0,0.0,37.0,-122.45,0.0
5.4529,52.0,5.3933,0.0,822.0,2.6172,38.62,-121.93,1.0
7.3953,18.0,5.0677,1.1783,2074.0,3.1636,33.72,-121.99,1.0
4.3581,43.0,5.0684,1.014,1494.0,2.3682,37.76,-117.0,1.0
5.5862,27.0,4.7273,1.0524,1273.0,3.0479,37.38,-120.83,0.0
4.5208,35.0,5.6394,0.966,1275.0,2.864,33.86,-121.82,1.0
3.2083,37.0,5.3131,0.9706,731.0,2.0,36.83,-117.86,1.0
1.4534,34.0,5.1082,1.049,29.0,0.0,37.94,-121.9,0.0
2.0,52.0,5.1548,1.0414,1316.0,2.3817,37.75,-122.02,0.0
2.2917,32.0,4.1373,1.0122,1474.0,4.0528,33.89,-121.25,0.0
4.0,30.0,5.8862,1.0639,1583.0,4.2481,33.99,-116.97,0.0
2.6103,40.0,0.0,1.1204,927.0,2.4772,41.71,-121.44,1.0
2.1829,33.0,0.0,1.1273,1658.0,41003.0,40.72,-122.46,0.0
2.5192,32.0,4.3672,1.0161,1162.0,2.7222,37.78,-119.32,0.0
4.2583,9.0,0.0,1.2285,1365.0,2.4191,37.34,-115.9,1.0
3.6429,35.0,3.0,0.9544,662.0,4.0574,33.93,-117.78,1.0
2.6418,8.0,5.9107,1.0739,1714.0,0.0,34.25,-121.88,1.0
8.5492,52.0,5.4107,1.0842,1438.0,2.6607,37.76,-121.88,1.0
5.0,35.0,4.4521,1.0518,1578.0,3.2384,37.79,-122.19,0.0
4.64,33.0,5.6286,0.9583,816.0,2.4041,37.74,-121.84,1.0
3.4583,34.0,5.0059,1.0434,792.0,3.0703,33.9,-117.94,0.0
8.0643,12.0,6.0,0.9988,1315.0,2.0,38.37,-118.3,1.0
1.8654,52.0,4.6518,0.9961,1281.0,4.5103,34.0,-120.95,0.0
3.0146,38.0,3.8864,0.9542,769.0,2.9479,33.9,-116.0,1.0
2.1384,17.0,3.0,1.0667,1582.0,4.0153,33.72,-118.16,0.0
6.3694,19.0,5.3093,0.9885,1506.0,3.0625,40.57,-121.83,1.0
2.0,52.0,4.8088,0.9667,704.0,468.0,37.79,-118.38,1.0
2.0,35.0,4.288,1.0973,521.0,2.8889,37.77,-122.44,0.0
5.6184,20.0,0.0,1.0715,1204.0,2.0,36.34,-120.0,0.0
3.2188,13.0,4.5898,1.1714,1607.0,0.0,32.75,-120.92,0.0
1.6343,33.0,3.9381,0.0,1402.0,4.0189,38.59,-117.05,0.0
8.0,12.0,5.6174,0.9895,2865.0,2.9754,36.66,-121.96,1.0
2.2717,34.0,4.4348,1.0764,872.0,0.0,39.19,-120.95,0.0
2.0,14.0,4.0,1.0764,941.0,4.5883,40.3,-122.03,0.0
2.0,52.0,4.4061,1.1659,852.0,2.5539,34.07,-118.0,0.0
2.385,28.0,6.3902,0.9522,946.0,0.0,34.04,-117.84,1.0
1.6463,15.0,4.0586,1.0711,1837.0,4.0658,34.01,-120.97,0.0
4.2944,35.0,5.0,0.9674,812.0,2.8594,40.88,-121.95,1.0
2.4567,36.0,4.9688,1.0233,1244.0,2.7143,37.84,0.0,1.0
1.9523,36.0,4.5139,1.0347,1762.0,2.0,33.91,-116.95,0.0
5.3716,40.0,7.8571,0.0,674.0,3.257,37.27,-117.9,1.0
4.5569,19.0,5.9643,1.0369,790.0,2.6635,33.91,-121.84,0.0
1.6971,33.0,5.3662,1.0376,515.0,2.7273,36.97,-120.47,0.0
1039.01,20.0,9.6349,0.9853,1654.0,2.8472,36.6,-117.0,1.0
4.0894,36.0,6.5335,1.0634,1469.0,2.3318,37.9,-118.32,0.0
4.275,31.0,5.2198,1.0539,1209.0,2.6667,34.04,-118.11,0.0
2.6045,35.0,4.4818,0.0,1010.0,3.3392,37.64,-121.67,0.0
3.0,28.0,4.2801,0.9667,3019.0,4.1867,39.25,-121.32,1.0
3.6111,52.0,0.0,1.036,765.0,2.4571,38.65,-121.0,1.0
4.5208,17.0,3.0,1.1207,926.0,2.4067,37.76,-121.95,0.0
3.0658,28.0,4.4474,1.0084,982.0,3.8571,36.74,-119.81,0.0
2.2914,28.0,4.7708,0.9941,1178.0,2.0,34.02,-118.16,1.0
4.375,34.01,5.2363,1.0403,872.0,0.0,33.75,-116.95,0.0
2.4167,32.0,3.9872,0.9751,797.0,2.6454,37.86,-122.32,1.0
3.0833,36.0,5.4373,1.0569,1384.0,3.2718,38.6,-118.31,0.0
4.0538,44.0,6.0444,1.085,1053.0,0.0,36.95,-121.47,0.0
5.1853,36.0,4.0,1.087,801.0,0.0,37.84,-121.0,0.0
4.2857,31.0,4.8367,1.0703,1375.0,3.3897,34.09,-121.48,0.0
1.0,18.0,0.0,0.9779,484.0,2.6485,35.37,-123.45,0.0
2.5721,28.0,4.3599,0.0,727.0,1.0,37.93,-118.12,0.0
4.3929,38.0,7.0452,0.9865,1277.0,2.7692,40.4,-118.25,1.0
2.0,31.0,5.5395,1.0922,1563.0,4.3923,34.1,-121.33,1.0
8.8333,35.0,0.0,1.0,1223.0,3.095,33.94,-122.02,1.0
1068.5,26.0,0.0,1.0367,1411.0,2.5978,34.02,-119.77,1.0
3.6111,13.0,0.0,1.0395,1175.0,2.9526,36.83,-118.47,1.0
9.0,32.0,6.2667,0.9901,1629.0,3.0353,38.01,-121.69,1.0
5.4788,45.0,4.496,0.994,100.0,2.0,34.18,-122.16,1.0
707.2901,23.0,6.1846,1.0208,1257.0,2.9912,38.63,-122.06,1.0
4.3125,14.0,5.0757,1.1563,1272.0,3.2029,38.7,-120.49,0.0
4.5561,27.0,0.0,1.0722,1023.0,2.6563,37.0,-121.97,0.0
2.5179,19.0,4.1696,1.0561,1017.0,3.1804,33.0,-118.31,0.0
2.3,38.0,3.9798,0.9321,882.0,4.5104,34.01,-116.98,0.0
3.78,9.0,4.6231,1.0642,1133.0,2.5179,33.98,-119.02,0.0
5.1557,52.0,4.4521,1.222,775.0,2.5694,40.6,-121.89,1.0
5.0906,16.0,4.4542,1.1582,1253.0,3.5481,34.17,-121.56,0.0
5.1392,17.0,4.8849,0.997,1206.0,3.7019,33.84,-118.24,1.0
3.0,27.0,5.9086,1.1224,726.0,2.7266,38.35,-118.02,0.0
1.7942,16.0,4.508,1.0,1525.0,3.0481,34.33,-118.0,0.0
4.4053,8.0,5.3277,1.0467,923.0,2.8365,36.77,-118.27,0.0
2.5208,18.0,0.0,1.0026,890.0,2.9239,37.61,-117.05,0.0
7.5163,45.0,0.0,0.9723,1148.0,2.7789,34.19,-118.93,1.0
4.0912,25.0,6.2345,0.9895,2240.0,2.9667,37.39,-118.34,1.0
