RevolvingUtilizationOfUnsecuredLines,age,NumberOfTime30-59DaysPastDueNotWorse,DebtRatio,MonthlyIncome,NumberOfOpenCreditLinesAndLoans,NumberOfTimes90DaysLate,NumberRealEstateLoansOrLines,NumberOfTime60-89DaysPastDueNotWorse,NumberOfDependents,SeriousDlqin2yrs
0.2047,46,0,0.00000000 ,0,7,0,2,0,0 ,0 
0.0968,5260,0,0.48220000 ,5833,13,0,0,0,0 ,0 
0,0,0,0.25490000 ,75003,20,2,0,0,3 ,1 
0.9931,5130,0,0.52070000 ,0,0,3,1,4,2 ,1 
0.5241,54,0,0.62080000 ,3800,0,0,1,0,0 ,0 
0.6702,71,0,2512.00000000 ,65005,12,0,2,0,0 ,0 
0.0283,0,0,0.00000000 ,95008,7,4,2,5,6 ,1 
0.8597,4150,5,0.02930000 ,38004,0,0,0,0,2 ,1 
0.2763,49,2,0.41670000 ,5500,11,0,0,0,1 ,0 
1.0536,46,3,0.00000000 ,3200,8,4,1,0,4 ,0 
0.0616,48,0,0.28540000 ,3300,4,0,0,0,2 ,0 
1.2711,0,7,0.67070000 ,5500,0,4,0,3,0 ,1 
0.9077,55,0,1.00610000 ,13000,14,0,0,0,4 ,1 
0,53,0,0.51350000 ,10500,5,4,3,0,1 ,1 
0,67,3.5,0.81080000 ,5500,9,4,0,0,0 ,1 
1.0953,0,3,0.00000000 ,4200,2,5,0,0,0 ,0 
1.0205,56,0,0.36700000 ,2333,5,0,1,0,0 ,0 
0.9614,50,0,0.43920000 ,4800,6,2,3,0,0 ,1 
0,50,6.5,0.00000000 ,94006,10,3,1,0,0 ,1 
0,64,0,0.10400000 ,5416,10,0,0,0,0 ,0 
1.0128,53,0,0.00000000 ,353598,13,4,3,1,0 ,1 
0.8309,38,0,0.00000000 ,65003,7,0,0,0,4 ,0 
0.9946,32,2,0.00000000 ,14000,8,1,1,3,0 ,1 
1.0136,34,3,0.39440000 ,3083,13,4,0,5,0 ,0 
0.0486,508.5,0,0.00000000 ,4700,8,0,1,0,2 ,0 
0,34,0,1125.00000000 ,5800,3,0,0,0,0 ,0 
0.0023,63,0,0.47680000 ,93003,11,0,0,0,2 ,0 
1.082,52,0,0.00770000 ,2500,0,0,0,0,1 ,0 
1.0299,39,0,0.27610000 ,7500,10,4,0,0,0 ,0 
0.5016,72,0,0.49470000 ,5833,6,0,1,0,0 ,0 
0,24,4,0.00560000 ,0,5,3,0,1,0 ,1 
0.9451,6250,0,0.00000000 ,8500,7,3,1,4,0 ,0 
0.885,3500,0,0.08630000 ,6000,4,0,0,0,0 ,0 
0.8187,60,2,0.00000000 ,12500,0,3,0,5,4 ,1 
0.0208,6250,0,0.44200000 ,8200,5,0,0,0,0 ,0 
1.0405,64,0,0.00000000 ,3080,10,3,2,0,0 ,0 
1125,39,0,0.40350000 ,4666,6,0,0,2,1 ,1 
0.8441,35,4,0.56510000 ,0,7,3,0,6,1 ,0 
0,40,0,0.65930000 ,39053,0,0,0,0,1 ,1 
0.982,0,0,0.00000000 ,0,19,3,2,0,0 ,1 
0.6047,34,3,0.40830000 ,85004,7,0,0,0,0 ,1 
0.2417,56,0,0.01650000 ,150006,5,1,0,0,0 ,0 
0.1066,40,2,0.42640000 ,0,0,0,1,0,3 ,1 
0.8168,34,2,0.54970000 ,2000,10,3,0,0,0 ,0 
0.0266,36,0,0.26920000 ,15000,10,1,0,0,0 ,1 
0,27,2,0.26250000 ,14000,9,6,0,4,0 ,1 
0,45,0,0.36870000 ,3100,7,0,1,0,0 ,0 
1.0482,40,3,0.43660000 ,3750,7,2,0,4.5,0 ,1 
0.9723,69,0,0.36720000 ,2333,917.5,0,1,0,3 ,0 
0.247,381,0,0.00000000 ,51002,9,0,1,0,0 ,0 
0.0637,57,0,0.40660000 ,0,8,0,0,0,0 ,0 
0.8983,37,0,0.48120000 ,5000,3,0,0,0,0 ,0 
0.9668,4430,0,0.00000000 ,0,9,4,1,0,0 ,1 
1.0276,3150,4,1.03450000 ,5500,9,2,0,0,0 ,0 
0.0569,45,0,0.37250000 ,7083,13,0,1,0,2 ,0 
0.9816,4150,0,0.67710000 ,4500,9,0,0,0,0 ,0 
0.6642,49.5,0,0.24630000 ,2170,0,0,0,0,0 ,0 
0,4150,4,1125.00000000 ,2500,6,3,0,5,0 ,1 
0.9606,64,0,0.00000000 ,14500,7,0,2,0,0 ,1 
0,4260,0,0.55330000 ,2000,12,0,0,0,2 ,0 
0,28.5,0,0.00000000 ,75004,10,0,1,0,0 ,0 
1.07,23,3,0.56790000 ,2500,0,4,0,2,2 ,0 
0.272,70,0,1125.00000000 ,6800,0,0,0,0,0 ,0 
1.0586,35,2,0.39430000 ,9166,5,3,0,0,4 ,1 
0,0,0,0.15920000 ,3500,0,3,0,0,2 ,1 
0.9084,40,0,0.27750000 ,2700,3,4,0,2,2 ,1 
0.0117,63,0,0.00280000 ,3900,0,2,0,0,0 ,1 
1.0165,5350,3,0.71670000 ,3400,0,0,0,2,0 ,1 
0.1526,63,0,0.74520000 ,0,7,0,0,0,0 ,0 
0.0384,6260,0,0.23490000 ,54003,7,0,0,0,1 ,0 
0,32,0,0.00000000 ,5000,4,0,0,0,0 ,0 
0,48,0,0.29330000 ,7160,8,3,0,2,5 ,1 
0.007,32,0,0.22910000 ,4000,5,0,1,0,2 ,0 
0.0038,35,0,0.00000000 ,7200,0,0,0,0,2 ,0 
1.0256,35,0,2125.00000000 ,15000,0,3,0,4,0 ,1 
1.0369,33,0,0.06100000 ,7800,0,0,0,0,0 ,0 
0.8954,37,1,1.01700000 ,80003,6,2,0,3,0 ,0 
1.0633,3750,3,0.01480000 ,3500,0,4,0,2,0 ,0 
0.0022,4360,0,0.10730000 ,5200,11,0,1,0,2 ,0 
0.0411,59,0,0.16570000 ,5500,8,0,1,1,0 ,0 
0.0273,66,0,0.00000000 ,4000,5,0,0,0,0 ,0 
0.5092,3300,0,0.17290000 ,3000,8,0,0,0,0 ,1 
0.1584,47,0,0.02970000 ,7200,5,0,1,0,0 ,0 
0,48,2,0.65490000 ,45008,8,0,0,3,1 ,0 
0,4400,0,0.00000000 ,3850,9,0,2,0,1 ,1 
0.0257,49,0,0.23620000 ,6400,17,0,1,0,3 ,0 
0,36,0,0.36930000 ,68003,9,0,0,0,2 ,0 
0.1213,56,1,0.18910000 ,2700,0,0,0,0,2 ,1 
0.0024,39,3,0.27200000 ,3542,0,0,2,0,0 ,1 
0.9652,56,5,0.07610000 ,0,12,4,1,0,0 ,1 
0.91003,26,2,0.01690000 ,3000,3,4,0,0,0 ,0 
0.0021,56,4,0.63090000 ,8200,6,0,2,0,0 ,0 
0.0106,45,0,0.22640000 ,8500,9,0,0,0,0 ,1 
0,46,1,0.14880000 ,6000,9,0,0,0,2 ,0 
0.074,4700,0,0.41850000 ,71663,0,0,0,0,2 ,0 
0,29,3,0.22970000 ,4500,9,2,0,0,0 ,1 
0.2096,27,0,0.00490000 ,13100,3,0,0,0,1 ,0 
0,31,0,0.11430000 ,5200,8,0,0,0,0 ,1 
0.0442,34,3,0.25210000 ,7333,0,1,0,2,0 ,1 
1.0241,3863,5.5,0.08660000 ,4000,13,0,0,2,0 ,1 
1.0962,54,5,0.82660000 ,0,9,3,2,0,4 ,1 
0.0157,5760922,0,0.56480000 ,4000,12,4,0,0,0 ,0 
1.909,48,0,0.51440000 ,4000,0,0,0,0,0 ,0 
0.7409,31,0,0.64580000 ,55003,9,0,0,0,0 ,0 
1.0066,47,4,0.00000000 ,105004,5,3,2,0,0 ,0 
0.1136,57,0,0.40290000 ,3964,11,0,1,0,0 ,0 
0.7477,59.5,3,0.00000000 ,78005,0,0,1,0,1 ,0 
0.9971,5464,0,0.00000000 ,55003,8,0,1,0,0 ,0 
0.9968,73,0,0.54810000 ,0,0,0,0,0,0 ,0 
0.013,3645,3,0.00260000 ,4000,0,0,0,1,2 ,0 
0.1054,58,0,0.33990000 ,4700,0,0,0,0,2 ,1 
0.4167,29,0,0.00000000 ,3500,6,0,1,0,0 ,0 
0.1901,6533,0,0.15560000 ,9166,13,0,1,0,0 ,0 
1.008,4150,0,2.06410000 ,65004,1617,3,1,4,1 ,0 
0.4904,48,4,0.01500000 ,137004,7,1,0,3,0 ,1 
0,60,6,0.00000000 ,41006,13,0,0,0,2 ,0 
0.087,6150.5,0,0.00000000 ,5000,4,0,1,0,0 ,0 
1,59,0,0.00000000 ,3500,3,2,0,4,0 ,0 
0.1525,24,0,1125.00000000 ,4100,5,0,0,0,0 ,0 
0.9962,34,6,0.10640000 ,5000,12,0,0,4,0 ,0 
0.0337,37,0,0.23450000 ,583322,6,0,0,0,0 ,1 
0,56,0,0.00000000 ,3700,7,0,0,0,0 ,0 
0.9073,53,0,0.00000000 ,5000,0,2,0,1,3 ,1 
0.017,30,0,0.28230000 ,5100,4,0,1,0,0 ,0 
0,58,0,1.68020000 ,2866,4,2,1,6,0 ,0 
0.3971,67.5,0,0.11780000 ,2700,0,0,1,0,1 ,0 
0.8706,4230,3,0.17660000 ,3000,0,0,0,0,2 ,0 
0,39,0,0.20830000 ,10000,4,3,0,0,0 ,0 
0.5337,55.5,0,0.00000000 ,0,4,1,0,0,0 ,0 
0.0866,45,0,0.00640000 ,364633,5,0,0,0,0 ,1 
0.9853,49,0,0.00000000 ,6666,12,0,1,5,3 ,1 
0.0581,4130,0,0.35530000 ,2550,17,0,2,0,3 ,0 
0,0,0,0.00000000 ,18000,8,2,1,4,0 ,1 
0.0208,32,0,1120.00000000 ,25336600,6,0,1,0,0 ,0 
0.0678,7160,0,2128.00000000 ,8400,7,0,0,0,0 ,0 
0.2734,58,0,0.37870000 ,4500,13,0,0,0,0 ,0 
0.0648,5250,0,0.00000000 ,2800,14,0,0,0,5 ,0 
0.1881,38,1,0.30430000 ,31005,2112,0,0,0,1 ,0 
0,30,0,0.27750000 ,6500,3,0,0,0,0 ,1 
1.0276,28,2,0.18830000 ,5000,3,4,0,0,0 ,1 
0,40,0,0.86830000 ,5500,7,0,0,1,2 ,1 
0.9458,63,3.5,0.00000000 ,3500,1803,2,1,0,5 ,0 
0.7159,5130,0,641431.00000000 ,0,0,0,0,0,0 ,0 
0,38,0,0.70170000 ,55006,10,2,0,1,3 ,0 
0,46,0,0.44310000 ,12100,11,0,1,0,0 ,0 
0,4130,0,0.25700000 ,5000,6,0,0,0,0 ,0 
1.0009,28,0,0.26820000 ,2000,0,0,0,0,0 ,1 
0.0299,53,0,0.47390000 ,81006,12,0,0,0,2 ,0 
0.1484,64,0,1.23680000 ,2370,1030,0,2,0,6 ,0 
0.7802,43,5,0.00000000 ,4000,0,0,2,0,0 ,1 
0.9441,6150,0,0.00000000 ,2700,3,2,1,0,2 ,0 
0,52,0,0.65470000 ,4200,0,3,0,1,5 ,1 
0.7092,0,0,0.00000000 ,3000,3,2,0,0,0 ,0 
0.8987,5150,0,1.00000000 ,5500,9,4,0,0,0 ,0 
1.0208,4400,0,0.00000000 ,103009,11,0,0,2,2 ,1 
0.9151,45,1,0.00000000 ,17000,5,3,0,2,0 ,1 
1.1523,62,0,0.12820000 ,3100,8,2,0,0,0 ,0 
0.2924,56,0,0.41700000 ,5500,14,0,0,0,3 ,0 
0.0384,54,0,0.43340000 ,0,0,0,2,0,0 ,1 
1.0037,47,4,0.00000000 ,4200,7,5,3,0,3 ,0 
0.0966,46,0,0.00000000 ,83006,13,1,2,0,0 ,1 
0,0,3,0.00000000 ,4740,7,4,1,0,1 ,0 
1.0052,26,0,0.00000000 ,2500,0,1,0,0,0 ,0 
0,57,5,0.27950000 ,4583,8,2,0,2,0 ,0 
1.0059,32,0,0.34730000 ,29000,5,3,0,4,0 ,1 
0.5106,40,0,1.20280000 ,14500,6,0,1,0,0 ,0 
0,50,5,1.27880000 ,10800,9,6,0,0,4 ,1 
1,59,0,0.00000000 ,0,5,0,0,0,0 ,1 
0.1073,53,0,0.37620000 ,4600,11,0,0,1,0 ,0 
0.1687,2456,0,0.00000000 ,2400,9,1,2,4,3 ,0 
1.0273,3360,0,0.23430000 ,5333,0,2,0,3,2 ,0 
0.2923,64,0,0.00000000 ,3333,9,0,1,1,2 ,0 
1.0845,29,1,6612.00000000 ,2500,6,3,2,0,4 ,1 
0.0232,43,4,0.00000000 ,2400,5,2,1,0,3 ,0 
0,38,2,0.12320000 ,5800,9,0,0,0,0 ,1 
583.5,38,3,0.53810000 ,15333,6,4,0,7,0 ,1 
0.0514,35,0,0.11480000 ,2600,0,0,0,0,0 ,0 
0,55,0,0.20710000 ,3600,9,0,0,0,2 ,0 
0,47,0,0.00670000 ,5416,6,0,0,0,3 ,0 
0.0376,27,0,0.00420000 ,3000,3,0,0,0,0 ,0 
0.0256,49,3,0.28250000 ,65003,9,0,2,0,0 ,1 
0.03,48,0,0.30430000 ,3600,6,3,1,2,0 ,0 
0.9679,31,0,0.59040000 ,3200,5,4,1,0,0 ,1 
1,49,5,0.43690000 ,98005,6,7,0,0,2 ,1 
0.0148,62,0,0.33110000 ,0,9,0,1,0,2 ,0 
1.0003,27,0,0.01070000 ,10000,2,0,0,0,0 ,0 
0.92,39.5,0,0.31680000 ,6420,8,3,0,4,2 ,0 
1.0324,491.5,3,0.57070000 ,60008,5,0,2,0,4 ,0 
0.0116,49,3,0.53410000 ,2200,8,0,0,1,0 ,1 
0.1472,60,0,0.27750000 ,2500,14,0,1,0,1 ,0 
0.059,4600,0,0.00000000 ,105001,11,0,3,0,2 ,0 
1.0228,60,0,0.00000000 ,0,0,3,2,0,4 ,1 
0.9981,4150,1,0.00000000 ,4333,8,2,0,3,0 ,0 
1.0437,26,0,0.25247200 ,3041,14,3,0,7,0 ,0 
1.0259,4300,5,0.58440000 ,4000,11,2,0,0,3 ,1 
0.1138,4056.5,0,0.00000000 ,3200,4,0,0,0,1 ,0 
0.0427,64,0,0.00000000 ,7200,6,4,1,0,2 ,0 
1.088,3150,5,0.29400000 ,7000,6,3,0,0,4 ,1 
0.0355,60,0,0.00000000 ,4683,9,0,1,0,0 ,0 
1.0204,45,4,0.50430000 ,8200,9,3,0,0,0 ,1 
0.7185,73,0,0.29010000 ,58006,10,0,0,0,4 ,1 
1.1557,6150,0,0.41780000 ,6000,9,0,0,0,0 ,0 
1.0723,58,3,0.26620000 ,3500,5,4,0,0,2 ,1 
0.984,47,0,0.43200000 ,75003,9,0,2,0,0 ,1 
1.0664,39,0,9570367833.00000000 ,75004,8,3,0,0,0 ,1 
1.0971,4400,0,0.17840000 ,5833,7,0,0,0,0 ,0 
0,45,3,0.34860000 ,5666,4,4,0,0,0 ,0 
0,44,0,0.53730000 ,2900,7,4,0,0,0 ,0 
0.6593,0,2,0.04410000 ,5800,0,3,0,4,0 ,1 
0,40,0,1.04180000 ,45006,6,0,0,1,0 ,0 
0.0376,27.5,0,0.18550000 ,5000,6,0,0,0,2 ,0 
0.9696,6130,4,0.00000000 ,63006,16,0,0,0,3 ,1 
1.0028,0,1,0.14630000 ,45008,1,7,0,0,0 ,1 
0.0154,45,0,0.15630000 ,5200,7,0,0,1,0 ,0 
0.0269,56,0,0.00000000 ,5000,8,0,0,0,3 ,1 
0,27,0,0.57930000 ,26000,8,0,0,0,4 ,0 
1.0038,49,4,0.35640000 ,1500,0,3,0,2,0 ,1 
0,36,0,0.02730000 ,2800,4,0,0,0,0 ,1 
0,60,0,0.50170000 ,73008,8,0,0,0,0 ,1 
0,45,0,0.00000000 ,105003,7,4,2,0,3 ,1 
0.9281,59,0,0.15820000 ,2550,5,0,1,0,0 ,0 
0.0078,0,0,0.29320000 ,0,4,0,0,0,0 ,0 
0.0033,31,2,0.17930000 ,5200,5,0,0,0,0 ,0 
0,47,4,0.34390000 ,75003,9,3,2,0,0 ,1 
0.0107,48,6,0.73863000 ,4500,0,3,2,5,0 ,1 
0,49,0,0.00000000 ,0,0,0,0,0,0 ,0 
0.1692,0,0,0.30400000 ,0,12,0,1,0,3 ,0 
0.0208,47,0,0.00000000 ,6500,11,0,0,0,0 ,1 
0,590,2,0.53390000 ,6000,8,4,0,0,0 ,1 
1,48,3,0.00000000 ,2000,4,5,0,0,0 ,1 
0.0498,54,0,0.20660000 ,6000,0,0,0,0,0 ,0 
0.0457,34,0,0.23660000 ,80008,7,0,0,0,0 ,1 
0,39,2,0.52070000 ,2920,5,4,1,0,3 ,1 
0.018,49,0,0.25230000 ,5900,11,0,0,0,0 ,0 
0.0169,48,0,0.30763000 ,41006,13,0,1,0,0 ,1 
1.0769,383,0,0.27010000 ,0,5,4,0,1,2 ,0 
0.9814,40,0,0.54580000 ,75008,5,0,0,0,3 ,0 
0.2096,30,3,0.40770000 ,4800,10,2,0,0,4 ,1 
0.0038,5230,0,0.00000000 ,88006,14,0,2,0,3 ,0 
0,0,0,0.00000000 ,75006,4,3,0,0,5 ,0 
0.986,36,3,0.41670000 ,6200,10,0,0,0,0 ,1 
0.5015,47,0,0.41700000 ,10500,12,0,0,0,0 ,0 
0.9668,36,2,0.61060000 ,75008,0,3,4,5,2 ,0 
0.0252,57,4,0.19090000 ,9500,6,0,0,1,0 ,1 
0.6092,37,4,0.01480000 ,3500,8,0,0,5,2 ,1 
0.0611,67,0,0.24700000 ,6500,13,0,0,0,1 ,0 
0.0405,36,1,0.45770000 ,2400,6,0,0,0,0 ,0 
0.4308,0,0,0.52060000 ,6500,7,0,0,0,0 ,1 
0.8266,26,4,0.52070000 ,2900,7,3,0,0,0 ,0 
0,46,0,0.03760000 ,55008,3,3,0,1,0 ,0 
0.9792,6250,3,0.50100000 ,4500,19,0,0,0,0 ,1 
0.0539,45,2,0.00000000 ,4000,0,0,0,0,3 ,1 
0.0205,39,0,0.26840000 ,6500,8,0,0,0,3 ,0 
0.8867,48,1,0.00000000 ,75002,12,0,0,0,6 ,0 
0.0862,71,0,0.28980000 ,55003,9,0,0,0,1 ,0 
0.8256,44,0,0.00000000 ,0,0,0,1,0,3 ,0 
1.0111,25,4,2133.00000000 ,0,0,3,0,1,0 ,0 
1.0266,0,0,0.26150000 ,5600,4,0,2,0,3 ,0 
0.1179,69,0,0.39550000 ,2550,5,0,1,0,3 ,0 
0.98,3150,6,0.28370000 ,51004,7,0,0,3,0 ,0 
0.0146,63,0,0.38560000 ,8333,19,0,0,0,0 ,0 
1.0589,30,0,0.40360000 ,3333,6,0,0,0,0 ,1 
0,29,2,0.13600000 ,4500,0,4,0,5,0 ,1 
0.3241,47,0,0.33610000 ,9166603500,7,1,0,0,0 ,1 
0.157,47,0,0.33860000 ,3000,12,0,0,0,0 ,0 
0.3049,67,0,0.52930000 ,2800,6,0,0,1,0 ,0 
0.8952,4250,0,0.29570000 ,4200,6,0,0,0,0 ,1 
0.1558,40,4,1.12690000 ,3300,12,0,2,0,1 ,0 
0.3578,0,0,0.31540000 ,61004,11,0,0,0,0 ,0 
0,47,0,0.34660000 ,3600,6,0,1,0,2 ,0 
1.0457,30,0,0.00570000 ,3525,0,0,0,0,0 ,1 
0.6016,48,0,0.44840000 ,5416,5,3,2,0,0 ,1 
0.9887,0,2,0.64580000 ,0,0,3,0,2,1 ,1 
0,64,0,0.53730000 ,5000,0,0,0,0,0 ,1 
1.0636,44,3,0.20830000 ,23000,4,4,0,0,0 ,1 
0,55,0,0.93320000 ,4166,3,5,0,0,0 ,0 
1.0117,49,1,0.39040000 ,3500,8,0,0,0,3 ,1 
0,53,0,1.13460000 ,3333,2250,0,2,0,0 ,0 
1.066,49.5,0,0.24850000 ,0,4,2,1,0,0 ,0 
0,65,0,0.12550000 ,5500,3,2,0,0,0 ,0 
1.0247,30,9813,0.39030000 ,4840,4,2,0,0,0 ,0 
0.0077,5230,0,0.14970000 ,4800,19,0,1,0,4 ,0 
0,0,3,0.00000000 ,3600,4,1,0,5,0 ,1 
0.5647,0,0,0.65780000 ,4500,10,0,0,0,3 ,0 
1.0569,27,3,0.26500000 ,8333,4,0,0,0,0 ,1 
0.0307,6150,0,0.00000000 ,84006,21,0,0,0,1 ,0 
0.9583,44,0,0.47970000 ,2700,11,0,0,0,0 ,1 
0.6379,4150,0,0.26380000 ,65004,8,0,0,0,0 ,1 
0,45,0,0.43420000 ,11000,6,0,0,0,2 ,1 
0.8901,58,0,0.44200000 ,2140,13,3,0,0,0 ,0 
0.1216,5150,0,2.00000000 ,2400,8,0,0,0,0 ,0 
0,30,0,0.37780000 ,2200,4,5,0,3,0 ,1 
0,56,0,0.00000000 ,5200,10,0,2,0,1 ,0 
1.0237,28,5,0.00000000 ,4000,6,0,0,0,0 ,1 
0,53,3,0.14700000 ,2800,7,0,0,0,0 ,0 
0,69,0,0.00250000 ,8333,7,0,0,0,0 ,1 
0,3130,0,0.15990000 ,7000,0,2,0,3,0 ,1 
0.0066,4030,0,0.96520000 ,4666,14,0,0,0,0 ,0 
0.7231,5230,0,0.42420000 ,6000,18,0,0,0,0 ,0 
0.7459,5260,0,0.89870000 ,6500,5,0,0,0,3 ,0 
0.1092,37,0,0.00000000 ,9583,6,4,0,2,5 ,0 
2200,47,0,0.57200000 ,75009,8,5,0,3,4 ,0 
0.0119,59,0,0.29170000 ,78006,17,0,0,0,0 ,0 
0.0111,50,0,0.00000000 ,65006,7,0,0,0,2 ,0 
1.0476,39,0,0.50000000 ,6400,5,2,0,4,0 ,1 
1.0041,5630,7,0.14840000 ,4500,0,3,0,0,0 ,1 
0.8727,32,1,0.44580000 ,4000,6,3,2,1,0 ,1 
0,29,3,0.28550000 ,3400,6,5,0,2,0 ,1 
0.017,44,0,0.00400000 ,4000,5,0,0,0,0 ,1 
0.7152,53,4.5,1.36340000 ,7500,0,0,2,0,3 ,0 
0,45,5,0.84870000 ,6500,2130,4,0,0,2 ,1 
1.1525,38,3,0.31460000 ,4000,0,5,0,6,4 ,0 
0,52,0,0.14350000 ,6584,5,0,0,0,3 ,0 
0,0,0,0.00510000 ,15000,5,4,0,5,2 ,0 
0.8166,49,0,0.43660000 ,5700,15,0,2,5,0 ,1 
0.7474,60,0,0.33660000 ,4400,0,0,0,0,3 ,0 
0.3155,725059,0,254212.00000000 ,45006,7,0,1,0,0 ,0 
1.0072,42,4.5,0.35920000 ,65003,9,0,3,0,0 ,1 
0,54,0,0.00000000 ,3000,18,0,1,0,3 ,0 
0,62,0,0.51440000 ,4100,12,0,0,0,0 ,1 
0,56,0,0.00000000 ,6200,10,0,2,0,4 ,0 
1.1692,383,0,0.00000000 ,15166,1412,0,0,0,0 ,0 
0,50,0,0.00000000 ,12000,6,3,0,4,5 ,1 
0,45,0,0.00000000 ,64006,4,0,0,0,0 ,0 
0.0464,43,6,0.37810000 ,0,12,2,0,3,0 ,1 
0,5833,0,0.15670000 ,2500,9,0,0,0,0 ,1 
0.9659,65.5,2,0.36840000 ,10500,12,0,1,0,0 ,0 
0.0114,48,0,0.18920000 ,3900,0,1,0,0,3 ,1 
0.0266,54,0,0.00400000 ,0,3,0,0,0,0 ,1 
1.0054,4650,4,0.34920000 ,60003,0,3,0,0,2 ,0 
0.4264,32,5,0.67020000 ,61008,0,4,2,3,0 ,1 
0.4106,59,3,0.00000000 ,4500,6,0,0,0,2 ,1 
0.9281,36,2,0.18340000 ,3000,0,3,0,4,0 ,1 
0.0343,0,0,0.18810000 ,6666,3,0,0,0,0 ,0 
0.9961,0,3,0.49330000 ,4666,12,5,2,0,0 ,1 
0.0092,64,0,0.56470000 ,5500,27,0,2,0,0 ,1 
0.0585,4066,0,0.24350000 ,3200,0,8,1,2,0 ,0 
0.7871,34,0,0.02410000 ,3166,5,0,0,0,2 ,1 
0,390,0,0.20740000 ,60006,0,0,1,0,0 ,0 
0.8482,58,4,0.18520000 ,2700,6,3,0,2,0 ,1 
0.91,38,1,0.33830000 ,12000,8,3,0,0,0 ,1 
0,48,0,0.00000000 ,4333,0,0,2,0,3 ,0 
1.0312,59,3,0.08800000 ,3500,0,2,0,0,0 ,1 
0.9266,39,0,0.27220000 ,6300,0,0,1,0,0 ,1 
0.8333,44,0,0.10480000 ,2900,3,2,0,4,0 ,1 
0,57,0,0.14330000 ,95008,12,0,0,0,2 ,0 
0.5491,38,3,0.64310000 ,4083,0,2,0,4,5 ,1 
0.5648,39,0,3109031688.00000000 ,45008,8,0,0,0,0 ,0 
1.0812,39,1,0.02643000 ,5000,2,2,0,0,1 ,1 
1.0057,46,0,0.00000000 ,3000,4,0,0,0,0 ,1 
0.7169,47,0,0.00000000 ,6166,12,0,0,0,3 ,0 
0,52,0,0.68510000 ,4000,9,0,1,1,2 ,0 
1.0286,28,0,0.06910000 ,2500,2.00003,0,0,1,0 ,0 
0.0276,59,0,0.00000000 ,3000,0,0,0,2,4 ,1 
0,50,0,0.11700000 ,6000,9,0,0,0,0 ,0 
0,46,0,0.16710000 ,4000,0,0,0,0,0 ,0 
0,5734,0,0.00000000 ,5200,0,0,0,3,0 ,0 
0.0486,0,0,0.35270000 ,0,9,0,0,0,0 ,0 
0.0172,46,0,0.00770000 ,187004,4,0,0,0,0 ,1 
0.7297,60,3,0.00000000 ,10000,5,2,0,0,0 ,1 
0.1435,50,0,0.36780000 ,4800,6,1,2,0,0 ,0 
0,44,0,0.35690000 ,2200,11,0,3,0,1 ,1 
0,4160,0,0.40470000 ,4200,0,0,3,0,0 ,0 
1.0567,43.5,6,0.00000000 ,8400964,10,3,0,0,4 ,0 
1.0526,39,4,0.28270000 ,13000,8,3,2,5,0 ,0 
0,57,0,0.58340000 ,3900,10,0,3,0,2 ,0 
0.8783,24,0,0.14700000 ,3500,0,4,0,1,0 ,1 
0.0039,0,0,0.00000000 ,55003,0,0,1,0,3 ,0 
1,57,0,3066.00000000 ,0,0,1,0,0,2 ,1 
0.8108,6900,0,0.00000000 ,3000,0,0,0,0,0 ,0 
0.0234,3150,0,0.31090000 ,3500,8,0,0,0,0 ,1 
0.0165,39,0,0.00000000 ,7083,0,0,0,0,0 ,0 
0.0122,48,0,0.35200000 ,8500,10,0,0,0,0 ,0 
0,51,0,1.07380000 ,91662,11,0,2,0,3 ,0 
0.9573,0,4,1.52630000 ,8500,10,2,0,0,3 ,1 
0.0255,6230,0,0.18430000 ,75006,5,0,1,0,3 ,0 
1.0103,6150,0,0.20760000 ,0,6,5,2,0,4 ,1 
1.0543,4250,2,0.01030000 ,3900,7,4,0,3,0 ,1 
1.0107,4630,0,0.24820000 ,4200,11,0,0,0,3 ,0 
0,35,3,0.00000000 ,4300,8,1,0,0,0 ,1 
0.0056,49,0,0.06780000 ,11000,0,0,1,0,0 ,0 
0.0233,36,0,0.41540000 ,55006,23,0,0,0,0 ,0 
0.5653,31,0,0.00000000 ,97004,10,0,0,0,0 ,0 
3333,6130,0,0.13080000 ,4500,4,0,0,2,0 ,1 
0.7167,53,0,1125.00000000 ,4000,3,0,0,0,5 ,0 
98.7764,65,2,0.16980000 ,3550,3,1,0,0,0 ,1 
0.8834,0,0,0.00000000 ,5000,10,3,1,2,4 ,0 
0.0354,5330,1,0.93720000 ,0,5,0,0,0,0 ,0 
0.8166,0,4,0.30240000 ,4000,6,3,0,2,0 ,1 
0.1076,4260.5,0,0.72730000 ,51002,9,3,0,0,0 ,0 
0.292,4130,5,0.00000000 ,85006,3,2,0,0,2 ,0 
0.0254,47,0,0.00000000 ,103006,6,0,1,0,0 ,0 
0.9651,4130,0,0.46060000 ,4000,0,0,0,0,0 ,0 
2200,37,0,0.12230000 ,0,5,4,0,0,0 ,1 
0.6106,42,0,0.00000000 ,10000,14,0,0,0,0 ,0 
0.0482,5225,0,0.39400000 ,6500,19,0,0,0,0 ,0 
0,63,0,3750.00000000 ,4900,0,0,0,1,0 ,0 
0,29,1,0.25290000 ,6500,3,0,0,0,0 ,1 
0.9728,32,2,0.03150000 ,6000,0,3,0,1,0 ,0 
0,3250.5,0,0.96040000 ,65003,7,0,1,0,0 ,0 
0.3043,51,0,0.50210000 ,85006,0,0,1,0,3 ,0 
0,4130,10,0.00000000 ,4583,5,0,0,0,3 ,1 
0.7055,39,1,0.43350000 ,9500,11,0,0,0,1 ,1 
0.8804,67,8,0.36990000 ,11800,9,2,0,0,0 ,0 
0,52,5,0.09290000 ,2383,6,1,0,3,4 ,1 
0.7543,58,0,0.52420000 ,3500,14,0,0,0,0 ,1 
0,4130,0,0.31380000 ,5500,12,4,0,6,2 ,0 
0.0426,7150,0,0.47690000 ,12500,10,0,1,0,1 ,0 
0.0781,39.5,0,0.30360000 ,85003,11,0,0,0,0 ,0 
0,44,0,0.14894000 ,3000,8,4,0,2,0 ,1 
0,46,4,0.01450000 ,2400,11,3,0,1,1 ,1 
0.9702,58,0,0.36140000 ,2325,0,0,1,0,2 ,0 
0.7019,50,0,0.00000000 ,8333,7,3,0,5,3 ,0 
0,42,0,0.74630000 ,4000,5,0,0,0,0 ,0 
0.9458,5450,0,1.00000000 ,0,5,0,0,0,2 ,0 
1.0207,46,0,0.00000000 ,0,4,5,1,2,0 ,1 
0.6881,64,0,0.26620000 ,4000,6,0,0,0,1 ,0 
1.0923,32,0,0.22700000 ,4200,10,1,2,0,0 ,0 
0.9084,52,1,0.21830000 ,3050,5,0,0,0,2 ,0 
0,54,1,0.00000000 ,125006,9,2,0,0,3 ,1 
0,507,1,0.02930000 ,5500,7,4,0,0,1 ,1 
0,50,0,0.00270000 ,2200,2,0,0,0,0 ,0 
0.1087,0,0,0.01620000 ,14000,0,0,0,0,0 ,0 
0,0,0,1.11720000 ,4500,12,0,2,0,3 ,0 
0.6129,44,3,0.00000000 ,55003,6,1,0,0,0 ,0 
0,46,0,0.21530000 ,4000,7,5,0,6,1 ,1 
0.0293,35,2,0.30530000 ,55006,5,2,0,0,3 ,0 
1.05,27,5,0.13350000 ,3000,3,2,0,4,0 ,1 
0.9685,4150.5,0,0.00000000 ,4973,12,0,3,0,1 ,0 
0.9458,29,0,0.00000000 ,3500,12,1,0,0,3 ,1 
0.168,35,0,0.02960000 ,58005,4,0,0,0,1 ,0 
0,6250,0,0.00000000 ,2300,5,3,1,0,4 ,0 
5.1177,46,3,0.17690000 ,4166,0,0,0,0,1 ,1 
0,46,0,0.56780000 ,2900,8,3,2,0,0 ,1 
0.5346,23,5,0.00000000 ,135006,0,2,0,3,0 ,1 
0,49,0,0.42730000 ,6500,7,2,1,0,3 ,0 
1.0162,36,3,0.00260000 ,8200,0,0,0,4,1 ,1 
1,32,0,0.02690000 ,4500,0,2,0,0,0 ,1 
0.1087,35,0,0.00000000 ,4500,5,0,0,0,0 ,0 
1.1609,4066,0,0.00000000 ,4200,6,5,2,3,0 ,1 
0,60,0,0.00690000 ,3000,3,2,0,1,0 ,0 
0.6648,45,1,0.35650000 ,3900,0,0,0,0,3 ,1 
1.9148,26,6,0.02660000 ,4500,0,0,0,1,0 ,1 
0,44,6.1e-05,0.29660000 ,2200,8,0,1,0,4 ,0 
0.0227,36,4,0.37430000 ,3333,7,0,1,0,0 ,1 
1.0562,30,0,0.08220000 ,3800,6,4,0,3,0 ,1 
0.7332,36,0,2184.00000000 ,3023,5,0,1,0,0 ,1 
0.959,35,4,0.57350000 ,2400,0,2,0,0,3 ,1 
0,38,0,0.00000000 ,14400,5,3,2,1,4 ,1 
1.0104,66,0,0.42290000 ,5000,4,0,1,0,2 ,0 
0.5707,47,0,0.35290000 ,6000,12,0,0,0,2 ,1 
1.0254,6260.5,0,0.00000000 ,78004,8,3,2,0,0 ,1 
0.1163,68,0,0.37870000 ,53005,6,0,1,0,2 ,0 
0.2665,46,3,0.23720000 ,2800,0,0,0,0,0 ,1 
0.9887,46,3,0.37780000 ,55003,20,0,1,2,0 ,1 
0.7488,52,0,0.90730000 ,4900,6,0,0,0,0 ,0 
1.0023,60,4,0.55410000 ,5166,6,3,1,0,0 ,1 
0.0207,48,0,0.48190000 ,61003,0,0,2,0,4 ,1 
0.0164,39,0,0.18560000 ,7200,10,1,3,2,0 ,1 
1.0581,0,3,0.00000000 ,9166,6,2,0,0,2 ,0 
0.0237,30,2,0.14630000 ,5000,5,0,0,2,0 ,0 
0.4169,43,2,0.52040000 ,6166,0,0,0,0,3 ,0 
0.9072,7030,3,0.32390000 ,5583,8,0,0,0,2 ,1 
0.9023,54,5,0.04860000 ,3800,9,2,0,0,1 ,1 
0.0144,29,1,0.42730000 ,5500,21000,0,2,1,0 ,1 
0.2426,37.5,3,0.00000000 ,16000,5,0,0,0,1 ,1 
0,33,0,0.15670000 ,2700,0,0,0,0,0 ,0 
0.8584,73,3,561338.00000000 ,7056,8,0,1,0,0 ,1 
0.9332,4150,1,0.25550000 ,53006,14,3,0,4,0 ,1 
0.6793,66,4,0.47880000 ,5900,9,0,0,0,0 ,1 
0,58,0,0.31210000 ,3300,8,5,1,0,0 ,0 
0.0337,35,0,0.00710000 ,6166,0,0,4,0,0 ,0 
1.004,38,2,0.28350000 ,3000,4,0,0,3,0 ,1 
0.8704,5600,2,0.21200000 ,5916,7,0,1,0,4 ,1 
0,48,2,0.73860000 ,41008,16,7,0,3,2 ,1 
0.9614,65,0,0.49730000 ,3333,5,1,0,0,0 ,1 
0.6708,40,0,0.00000000 ,65004,0,2,0,1,0 ,1 
1.0206,34,2,0.27860000 ,3750,5,3,0,0,0 ,1 
1.0056,5130,5,0.10920000 ,13166,0,3,0,0,0 ,0 
0.8472,56,6,0.06480000 ,5170,6,3,0,2,0 ,0 
1.0112,4400,3,0.00000000 ,5000,10,0,0,0,0 ,0 
0,40,0,0.92810000 ,3500,4,0,0,0,0 ,1 
0.9071,49.5,0,0.53350000 ,5833,10,0,2,0,3 ,0 
0.0294,49,2,0.00000000 ,3750,16,0,1,0,4 ,0 
0.0103,26,1,0.00560000 ,12100,0,0,0,0,0 ,1 
0,63,0,0.17670000 ,5000,3,0,0,0,0 ,0 
1.0162,55,0,0.15720000 ,45007,6,3,0,0,0 ,1 
0.7573,65,0,0.85830000 ,71005,12,0,2,0,0 ,0 
0,4150,0,1.01550000 ,6400,0,0,2,0,4 ,0 
1.0157,28,2,0.30230000 ,3200,3,4,0,2,0 ,1 
0.0276,49,0,0.52996000 ,0,9,0,0,0,2 ,0 
0,0,0,0.14970000 ,7800,6,0,0,0,0 ,0 
1.3486,59,0,0.35390000 ,1500,4,0,0,0,0 ,0 
0.5458,43,0,0.47630000 ,5000,7,0,0,1,0 ,1 
0.7742,30,2,0.28810000 ,5100,10,0,0,0,1 ,1 
0.2344,29,0,0.45410000 ,17000,0,0,1,0,0 ,0 
0.9705,40,2,0.58670000 ,5200,0,0,1,0,0 ,0 
1.0273,4160,2,0.58410000 ,12800,5,0,0,3,0 ,1 
0.0276,3230,0,0.11810000 ,58006,4,0,0,1,0 ,1 
0.1792,46,0,1.02330000 ,2500,9,0,3,0,2 ,1 
0.7808,4260,3,0.29140000 ,3000,0,0,0,0,0 ,1 
1.0648,0,4,0.00270000 ,3000,3,0,0,2,0 ,1 
0.0789,30,0,0.02340000 ,2750,8,0,0,0,0 ,0 
0.2096,55,0,0.12440000 ,8500,10,0,0,0,0 ,1 
0.92,0,3,0.15400000 ,12500,9,2,0,0,0 ,1 
0,54,4,0.38310000 ,8333,0,0,0,0,1 ,1 
0.9458,4260,4,0.00000000 ,3920,7,0,2,0,0 ,0 
0,54,0,0.00790000 ,2000,0,0,0,0,3 ,0 
0.6187,5325,0,0.00000000 ,60003,12,0,1,0,3 ,0 
1.0257,0,5,0.57050000 ,75004,6,4,2,0,3 ,1 
1.002,5418,0,0.24700000 ,169003,2083,0,2,0,0 ,0 
0.9452,40,4.5,0.00000000 ,12000,11,3,0,1,0 ,0 
0.8668,47,0,0.54090000 ,4072,11,0,0,0,3 ,0 
1.0222,48,3,0.00000000 ,3000,4,7,0,4,5 ,0 
0.0116,6830,0,0.06480000 ,65008,9,0,1,0,0 ,0 
0.3104,5260.5,0,0.00000000 ,4.200833120125422e+32,11,2,0,0,0 ,0 
1.0902,0,0,0.35250000 ,3750,6,1,0,2,4 ,0 
0.1259,45,0,1.07000000 ,10500,8,0,2,0,0 ,0 
1.1706,0,3,0.01660000 ,4100,6,5,0,2,0 ,1 
0,54,2,0.00000000 ,3908,6,3,0,1,4 ,0 
0.077,3033,0,0.41700000 ,3500,5,0,0,0,1 ,0 
3264,30,0,0.53420000 ,2000,4,2,0,0,1 ,0 
0.2397,53,0,0.38720000 ,98007,0,0,1,0,0 ,0 
0,0,0,0.00000000 ,11000,8,0,1,0,2 ,0 
0.0384,29,0,0.00720000 ,5400,0,0,0,0,0 ,1 
1.0308,34,96507,0.02190000 ,120006,0,4,0,0,0 ,0 
0,72,0,0.00000000 ,85003,7,0,2,0,0 ,1 
1.2069,28,2,0.50100000 ,4333,0,0,0,2,0 ,1 
0.9706,56,4,0.00000000 ,5666,18,0,0,3,1 ,0 
0.0362,45,0,0.45230000 ,5100,12,0,0,0,0 ,0 
0.01091,55,0,0.00000000 ,5416,6,0,0,0,1 ,0 
0.5707,46,1,0.00000000 ,6200,8,2,1,0,4 ,0 
0.9073,27,4,0.52930000 ,6000,1,3,1,0,2 ,1 
0.0369,39,1,0.00610000 ,5000,3,0,0,0,0 ,1 
1.0155,4130,3,0.48200000 ,65003,0,4,2,0,5 ,0 
0.0916,29.5,0,0.82090000 ,4500,6,0,0,0,0 ,0 
0.6682,4300,0,0.61080000 ,3200,15,4,7,0,0 ,0 
0.6705,56,0,0.65460000 ,5700,16,0,0,0,2 ,0 
0.7843,4230,0,0.97020000 ,2660,6,4,0,1,0 ,1 
0.0252,59,0,0.00000000 ,3000,7,0,0,0,0 ,0 
1.8668,35,0,0.01550000 ,3000,1,2,0,4,0 ,1 
0.0033,40,0,0.06510000 ,8283,6,0,0,0,0 ,0 
0.8983,34,3,0.00000000 ,55006,9,4,1,0,2 ,0 
0,50,4,0.02450000 ,5500,8,3,0,0,2 ,1 
0.9668,25,0,0.56920000 ,0,16,0,0,0,0 ,0 
1.0273,63,0,0.64580000 ,2780,13,0,0,0,0 ,1 
1.1583,54,0,0.01480000 ,3000,2,2,0,0,0 ,1 
1.0293,68,0,0.06160000 ,31006,5,0,0,2,0 ,0 
1.0973,43,0,0.22670000 ,3500,0,1,0,0,0 ,1 
0.9583,48,3,0.00000000 ,5167,10,2,0,0,0 ,1 
1.054,3600,2,0.15350000 ,3600,2,4,0,0,3 ,0 
1.0079,5330,8,0.37330000 ,0,0,2,0,6,3 ,1 
0,65,0,0.56680000 ,416633,9,0,0,0,0 ,0 
1.0057,40,0,0.51870000 ,68007,13,3,0,4,2 ,1 
1.0206,4150,0,0.04260000 ,6000,4,3,0,1,2 ,1 
1.0049,51,5,0.71593220 ,0,12,3,0,0,4 ,0 
0.014,46,0,0.70190000 ,4000,7,4,0,5,3 ,1 
0.0296,63,0,0.57070000 ,6400,5,0,1,0,2 ,0 
0.9441,0,0,0.25270000 ,53006,0,0,0,0,0 ,0 
0,57,0,1.12910000 ,10000,8,0,2,0,3 ,1 
0,5450,0,0.05270000 ,49873375,8,0,0,0,0 ,0 
1.021,56,0,0.01640000 ,2400,2,3,0,0,0 ,1 
0.2693,46,0,1.00000000 ,0,6,0,0,0,0 ,0 
0,40,3,0.00000000 ,65008,0,4,2,0,5 ,1 
0.0962,66,0,0.12150000 ,6000,5,0,0,0,0 ,0 
1.0628,64,0,0.14810000 ,4700,5,2,0,0,1 ,0 
0.9166,66,0,0.25350000 ,6600,11,5,0,3,0 ,1 
0.8679,43,1,0.17980000 ,3000,0,0,0,0,3 ,1 
0,60,0,0.13210000 ,4666,2,0,0,0,0 ,1 
0.9652,45,0,0.54420000 ,5900,3,0,0,0,0 ,0 
0.0129,6150,0,0.18710000 ,4300,6,0,1,0,3 ,0 
0.0535,54,0,0.44330000 ,0,16,0,2,0,0 ,0 
0.6608,68,0,0.30670000 ,3500,0,0,1,0,0 ,0 
0.9685,24,0,3300.00000000 ,5000,8,0,0,0,0 ,0 
0,46.5,0,0.72940000 ,4880,7,4,2,1,3 ,1 
0,27,3,0.84890000 ,8500,11,4,0,0,0 ,1 
0,52,1,0.03140000 ,7000,3,2,0,4,0 ,1 
0.859,49,2,0.45430000 ,3200,13,0,0,0,0 ,0 
0.9427,57,0,0.00000000 ,62006,12,2,0,3,0 ,0 
0.0184,55,3,0.29600000 ,6500,15,0,0,0,0 ,1 
0,0,1,0.23600000 ,5000,7,0,0,0,0 ,1 
0.1767,0,4,0.00000000 ,3500,6,3,1,2,5 ,0 
0,3130,2,1.02240000 ,13000,6,0,0,0,2 ,0 
0,43,4,0.00000000 ,65003,5,3,0,0,1 ,0 
0.5457,45,1,0.41860000 ,4350,9,5,0,3,2 ,1 
0.9792,6250,0,1.00660000 ,5000,12,2,0,0,0 ,1 
0,4150,2,0.15940000 ,93008,5,0,0,0,3 ,1 
0.9472,46,5,0.55690000 ,4800,6,0,2,0,3 ,0 
0.0155,34,0,0.36690000 ,55004,0,0,1,0,1 ,0 
0.1521,31,0,0.38290000 ,2700,3,0,0,0,3 ,0 
0.1267,7160,0,0.49740000 ,55004,13,0,1,0,0 ,0 
0.5409,40,1,0.33920000 ,4750,0,0,0,0,3 ,0 
0,45,0,0.14550000 ,8600,0,0,0,0,2 ,0 
0.5094,46,0,0.00000000 ,2500,8,0,2,0,0 ,0 
0,49,4,0.65340000 ,3850,9,0,0,0,1 ,1 
0.9583,4250,0,0.50160000 ,20003,14,0,0,0,0 ,1 
1.002,50,0,0.00000000 ,3073,7,3,0,6,4 ,0 
0.7187,38,0,0.56480000 ,2716,11,0,2,0,3 ,0 
1.03,54,4,0.50100000 ,7200,12,5,0,0,6 ,1 
0,52,3,0.00000000 ,0,8,7,0,0,4 ,1 
0,40,0,0.00000000 ,3200,9,0,0,0,0 ,0 
0.8498,48,2,0.61320000 ,3083,9,0,0,0,2 ,1 
0.8339,494,0,0.23710000 ,24003,11,3,0,0,0 ,0 
1.0036,53,0,0.41810000 ,12000,5,0,0,0,3 ,0 
0,26,1,790364.00000000 ,9200,7,3,2,4,5 ,0 
0,54,1,0.96040000 ,6666,0,0,0,0,3 ,0 
1.1068,0,0,0.61040000 ,0,19,0,2,0,0 ,0 
0.2961,46,2,0.00000000 ,65006,12,5,3,0,0 ,1 
0.8652,37.5,5,0.00000000 ,26005,5,3,0,1,4 ,0 
0,38,2,0.34200000 ,3725,6,0,0,0,0 ,1 
0,46,3,0.00380000 ,5000,0,2,0,1,0 ,1 
0.1055,47.5,0,0.18240000 ,6000,6,0,0,0,2 ,0 
0.0154,44,0,0.13840000 ,3166,16,0,0,0,0 ,0 
0,66,0,0.00000000 ,6400,4,0,1,0,2 ,0 
0.6906,54,4,0.48610000 ,4440,12,0,1,2,3 ,1 
0,5250,0,0.39300000 ,58006,12,0,1,0,0 ,0 
1.0252,46,2,0.61320000 ,5500.5,13,0,0,4,0 ,1 
0,54,0,0.00000000 ,4366,8,2,1,3,3 ,0 
0.0762,49,0,0.56780000 ,103003,9,1,0,2,0 ,1 
0.1669,39,3,0.39440000 ,2500,11,0,0,0,2 ,1 
0.9837,38,4,0.16250000 ,2599,6,1,0,0,0 ,1 
0.1582,36,0,0.07070000 ,6500,0,0,0,0,0 ,0 
0,56,2,0.63320000 ,3515,9,0,1,0,3 ,0 
0.0308,6600,0,0.25320000 ,0,8,0,0,0,0 ,1 
0.324,40,4,0.00000000 ,58007,6,3,1,0,2 ,1 
1.2295,47,4,0.46680000 ,5300,8,2,0,0,0 ,1 
0.9711,5071,0,0.45380000 ,4600,5,0,1,0,4 ,0 
1.2829,49,0,0.00000000 ,4583,3,2,0,3,2 ,0 
0.0172,44,0,0.50690000 ,88008,0,0,1,0,2 ,0 
0.9452,57,3,0.39330000 ,45004,13,2,0,1,0 ,1 
0.8306,0,0,0.43010000 ,0,9,0,0,0,0 ,0 
0.0046,0,0,0.41080000 ,9666,0,0,1,0,2 ,0 
0.0111,6150,0,0.17660000 ,3875,11,0,0,0,0 ,0 
5991,33,0,0.37690000 ,6200,7,0,1,1,3 ,1 
0.8983,54,1,0.16830000 ,136009,0,0,0,2,0 ,0 
0,40,2,0.18810000 ,107506,0,0,0,0,0 ,0 
0.46083,4340,0,0.00000000 ,5000,5,0,0,0,2 ,0 
0.0424,51,0,0.37860000 ,2800,10,0,2,0,0 ,0 
0,50,0,0.00000000 ,303364,8,5,0,4,3 ,0 
0.0362,49,0,0.12310000 ,85006,4,0,1,0,2 ,0 
1.2348,48,4,0.03430000 ,25000,0,1,0,2,2 ,1 
0.9705,5433,0,0.02410000 ,5200,10,0,0,0,2 ,0 
0.0756,6250,0,6601.00000000 ,3500,0,0,0,5,0 ,0 
0.9072,54,0,0.49450000 ,9500,0,0,0,0,1 ,0 
1.0811,36,0,0.00430000 ,5000,3,5,0,0,0 ,1 
0.0109,55,0,0.34920000 ,5833,11,0,2,0,3 ,1 
0,4260,0,0.06330000 ,2400,8,0,0,0,3 ,1 
1.0117,34,3,0.18720000 ,4500,6,5,0,2,1 ,0 
0.7384,4130,4.5,0.50420000 ,55006,7,3,0,0,0 ,1 
0.0567,66,0,0.56660000 ,3700,11,1,0,5,0 ,1 
0.0358,5230,0,0.00000000 ,3500,9,0,0,0,2 ,0 
0.0167,0,5,0.00000000 ,96003,10,2,3,4,2 ,0 
0.8944,5700,0,0.14861000 ,3000,11,0,0,0,0 ,0 
0.8034,28,0,0.00610000 ,2400,0,0,0,1,1 ,1 
0.9855,38,5,0.00000000 ,2125,13,0,0,6,0 ,0 
0.013,31,0,0.00460000 ,12666,3,0,0,2,0 ,1 
0,52,0,0.00420000 ,5500,6,0,1,0,0 ,0 
0.3146,35,2,0.00000000 ,10500,0,2,0,3,0 ,1 
0.0442,0,0,0.00000000 ,3200,9,0,0,0,2 ,0 
0.0153,59,0,0.00770000 ,7000,2,0,0,0,0 ,0 
0.0547,66,0,0.33990000 ,2500,10,0,0,0,0 ,0 
0.0232,4130,2,0.18870000 ,8000,0,0,0,0,0 ,0 
0.9829,49,3,0.47260000 ,12000,0,4,2,8,0 ,1 
1.9071,36,1,0.02930000 ,12500,3,0,0,0,0 ,0 
0,51,0,0.02560000 ,15000,0,0,0,0,0 ,1 
0.0207,7080,0,0.00000000 ,3040,3,0,1,0,2 ,0 
0.8981,38,0,0.00000000 ,5583,4,0,1,0,0 ,0 
0.0173,41,0,0.05890000 ,71004,0,0,0,0,0 ,0 
0.0096,59,1,0.00000000 ,4166,0,0,1,0,0 ,0 
0.2481,47,3,0.31070000 ,5140,7,0,0,0,0 ,0 
0.1555,60,0,0.25520000 ,3333,13,0,0,0,0 ,0 
0.0572,4400,0,0.51440000 ,0,18,0,1,0,0 ,0 
0.0867,41,0,0.26270000 ,4600,0,0,0,0,3 ,1 
0.5678,30,0,0.21930000 ,3200,5,0,0,0,0 ,0 
0.0306,0,0,1.01110000 ,5500,12,0,2,0,0 ,0 
0.9151,4260,488.5,0.49220000 ,2730,5,0,0,0,0 ,1 
0.9685,49,4,0.00000000 ,4080,0,5,0,6,3 ,0 
2116,5130,0,0.35200000 ,7000,0,0,2,0,0 ,0 
0,4150,3,0.00000000 ,5000,0,5,0,4,0 ,0 
0.047,56,0,0.35710000 ,1150,9,0,0,0,2 ,0 
0,6250,0,0.00000000 ,95006,0,0,3,0,4 ,0 
1.034,6150,3,0.25920000 ,8000,6,2,0,0,4 ,1 
0.1423,6150,0,0.00000000 ,5500,11,0,2,0,3 ,1 
0.0457,44,0,0.07860000 ,320000,10,0,0,0,0 ,1 
0,43,5,0.00000000 ,3600,12,3.5,0,0,4 ,1 
1.0022,49,6,0.73420000 ,10000,13,1,0,7,2 ,0 
0.0241,44,0,0.05340000 ,31006,5,0,0,2,0 ,0 
0.5081,39,3,0.74591000 ,2500,7,0,0,0,0 ,1 
1.0962,65,2,0.25550000 ,2600,7,4,0,3,0 ,1 
0.8583,5450,0,0.70170000 ,0,6,0,1,0,2 ,0 
0,49,0,0.01640000 ,2800,9,0,0,0,3 ,0 
0.0923,0,0,0.31530000 ,88004,11,0,1,0,0 ,0 
0,58,0,0.00710000 ,6000,0,0,0,5,0 ,0 
682539,57,0,0.00000000 ,7160,22,0,0,0,1 ,0 
0.146,54,0,0.00000000 ,75006,15,0,1,0,5 ,1 
1.0636,39,5,0.16800000 ,4696,3,6,0,0,0 ,1 
0.0208,53,0,0.00490000 ,105003,8,0,1,0,2 ,0 
0,44,0,0.51006000 ,5900,17,0,0,1,0 ,0 
0,0,0,0.14190000 ,6000,9,0,0,0,0 ,0 
1.0266,35,0,0.61370000 ,3200,8,0,0,0,0 ,1 
3820,44,0,0.00000000 ,3800,5,0,0,0,0 ,1 
0.2855,58,0,0.43920000 ,5000,11,0,2,0,0 ,0 
0,5900,6.5,0.00000000 ,2500,13,2,0,1,0 ,1 
0,32,0,0.58340000 ,2916,8,0,0,0,2 ,0 
0.6081,4150,1,0.00000000 ,105008,4,3,0,0,0 ,0 
0.0789,5130,3,0.00000000 ,10000,9,0,2,1,0 ,1 
1.0868,47,0,0.29150000 ,5000,7,3,2,1,5 ,1 
0,57,3,0.00000000 ,2900,12,0,0,0,5 ,0 
1.1207,0,2,0.59600000 ,4500,5,0,0,0,0 ,1 
0.8263,60,0,0.33740000 ,15000,8,2,0,0,0 ,0 
0.8983,34,0,0.90710000 ,6500,8,0,0,0,2 ,1 
0,0,0,1.08500000 ,4583,0,0,0,0,0 ,0 
0.7022,6130,4.5,0.00000000 ,7000,13,3,1,0,2 ,0 
1.0284,0,0,0.00210000 ,3500,0,0,0,0,0 ,0 
0.0767,34,4,0.28720000 ,13000,0,0,0,1,0 ,1 
0.0179,41,0,0.95550000 ,3700,6,0,0,0,0 ,0 
0.0535,30.5,99663,0.40200000 ,84004,5,0,1,0,0 ,0 
0,0,2,0.00000000 ,12333,6,4,0,0,0 ,1 
0.7166,37,6,0.00000000 ,4666,12,5,2,0,0 ,0 
0,57,4,0.36780000 ,80003,7,3,0,5,0 ,1 
0.0477,32,0,1.01200000 ,3200,9,0,0,0,0 ,0 
0.9451,33,0,0.54970000 ,4000,8,0,0,0,0 ,1 
1.0023,28,5,0.20530000 ,75002,1,4,0,2,0 ,1 
0,0,0,0.95820000 ,7125,8,3,0,4,5 ,1 
0.0293,5650,0,0.53350000 ,2600,0,0,0,0,0 ,0 
0.9651,35.5,0,0.00000000 ,4000,8,1,2,4,0 ,1 
0.0369,53,5,0.28210000 ,127004,9,0,1,0,0 ,1 
0.7523,47,1,0.00000000 ,45008,11,5,2,6,0 ,0 
0.0207,52,0,0.00000000 ,25000,18,0,0,0,0 ,0 
0.0148,3084,0,0.50430000 ,3200,6,0,1,5,0 ,0 
0.8108,6400,4,0.67020000 ,10333,16,0,0,0,2 ,0 
0.9906,29,0,0.89870000 ,2500,9,3,0,4,2 ,1 
0.0767,28,3,2117.00000000 ,5833,0,0,0,0,0 ,1 
1.0072,31,0,0.54090000 ,2850,17,2,0,3,1 ,1 
1.0274,34,1,0.16210000 ,0,3,3,0,2,0 ,0 
1.2035,4250,3,0.04140000 ,4000,0,2,0,0,0 ,1 
0.9487,47,0,0.00000000 ,3500,13,3,1,2,4 ,0 
0.0785,4950,0,0.40630000 ,5900,12,0,0,0,0 ,0 
0.0286,4260,0,0.27610000 ,5500,12,0,0,0,0 ,0 
0.9846,4943,0,0.14890000 ,1500,0,2,0,0,0 ,1 
0.0767,50,0,0.00000000 ,0,19,0,1,0,3 ,0 
0.9654,48,2,0.26720000 ,4166,5,1,0,3,0 ,1 
0,5130,0,0.20830000 ,4800,6,0,1,0,0 ,0 
1.2567,4130,4,0.29010000 ,58005,9,1,0,3,0 ,1 
0,56,0,0.37440000 ,9333,7,2,0,3,4 ,0 
0.087,4150,0,0.43780000 ,4666,5,0,1,0,0 ,0 
0.5019,4260,1,0.20610000 ,7083,0,0,0,1,0 ,1 
0.0127,53,0,0.57070000 ,2900,6,0,0,0,2 ,0 
0.8266,29,3,0.70132200 ,3800,11,0,0,1,0 ,1 
0.0234,48,0,0.81680000 ,77003,6,0,0,1,0 ,1 
1.0289,48,2,0.00000000 ,3000,8,3,0,1,5 ,1 
1.0711,26,3,0.06330000 ,40881,5,4,0,0,0 ,1 
1.0228,56,6,0.40440000 ,5500,9,7,0,0,0 ,1 
0.3247,58,0,0.05660000 ,51006,7,0,0,0,0 ,0 
0.0038,30,0,0.01220000 ,4075,0,0,0,0,0 ,0 
0,50,0,0.19040000 ,54003,6,0,1,0,0 ,0 
0.0056,4260,0,0.13810000 ,0,8,0,0,0,0 ,0 
0.9166,4230,0,0.54560000 ,30006,12,0,4,0,0 ,1 
0.1366,47,0,0.70163000 ,3000,3,0,0,0,0 ,0 
0.8608,4760,3,0.55650000 ,3416,0,5,1,0,0 ,1 
0.8266,65,3,0.22670000 ,7200,8,4,0,2,0 ,1 
0,4150,4,0.00000000 ,2600,10,2,0,1,3 ,1 
1.0308,29,7,0.00000000 ,3400,0,3,0,4,0 ,1 
1.0651,0,2,2.53320000 ,65006,5,3,4,0,2 ,0 
0.0168,0,0,0.30230000 ,6000,10,0,0,0,0 ,0 
0.0303,48,0,1.07830000 ,3200,0,0,2,0,0 ,0 
0.0112,40,0,0.44580000 ,8500,16,0,0,0,3 ,0 
0.8651,4260,3,0.61780000 ,2200,6,1,1,0,0 ,1 
0.9813,5630,3,0.00000000 ,4583,0,1,0,0,0 ,0 
1.0872,4430,0,0.51060000 ,3800,3,2,0,0,0 ,0 
0.9063,26,0,0.00490000 ,6000,0,2,0,3,0 ,0 
0.8977,63.5,1,0.56480000 ,4500,6,5,0,2,0 ,0 
0.5281,5150,0,0.03330000 ,2800,7,0,0,0,0 ,1 
0.0158,34,0,0.29270000 ,12333,6,0,0,1,4 ,0 
0,28,0,0.18840000 ,3600,5,0,0,1,0 ,1 
0.0761,58,0,0.14720000 ,7500,4,0,0,1,0 ,0 
0.9086,56,0,0.54590000 ,12500,0,0,2,0,0 ,1 
0.72983,44,0,0.22960000 ,7500,0,3,1,1,4 ,0 
0.0098,55,0,0.35480000 ,8166,15,0,0,0,2 ,0 
1.0058,0,0,0.00000000 ,35006,10,6,2,5,4 ,0 
0.7152,36,6,0.00000000 ,2500,8,0,0,3,1 ,1 
0,58,0,0.45720000 ,15000,11,0,1,0,2 ,0 
0.0363,4230,3,0.00000000 ,17000,5.00003,0,0,1,4 ,0 
64.9083,40,0,0.47890000 ,65006,8,0,0,0,0 ,0 
0.0107,68,0,0.40920000 ,8500,7,0,0,0,0 ,0 
1,0,1,0.03260000 ,4666,1,2,0,0,0 ,1 
0,6150,56600,0.00000000 ,5916,12,4,2,0,3 ,0 
0.51006,34,0,0.43040000 ,6500,8,2,0,3,0 ,1 
1.0077,47,4,0.37670000 ,2666,0,2,0,0,3 ,1 
0.9162,44,0,0.51780000 ,6200,13,0,0,0,1 ,1 
1.0064,46,0,0.00000000 ,3200,2,1,0,0,0 ,1 
0,5230,4,0.63810000 ,0,14,0,2,0,0 ,1 
0,50,0,0.18940000 ,75004,10,0,1,5,2 ,0 
1,58,0,0.00460000 ,3000,2,0,0,0,0 ,1 
0,47,6,0.72971000 ,85006,0,3,0,2,0 ,1 
0.8792,34,2,0.17820000 ,0,5,3,0,0,0 ,0 
1.0096,33.5,0,0.00000000 ,12500,5,0,2,0,3 ,0 
0.5705,48,0,0.44220000 ,12500,0,0,1,0,0 ,0 
0.0442,36,0,0.23650000 ,5900,7,0,1,0,3 ,0 
0.057,29,0,0.00230000 ,2800,0,2,0,0,0 ,1 
0.0104,27,0,0.00220000 ,4800,7,0,0,0,0 ,1 
0,38,0,4973.00000000 ,12000,8,0,0,0,0 ,0 
0.6786,34,2,0.06780000 ,5500,7,0,0,0,0 ,1 
0.9916,49,4,0.29650000 ,7000,0,2,0,1,3 ,1 
0,33,1,0.00370000 ,2600,5,0,0,0,0 ,0 
1.1094,50,0,0.48260000 ,45006,11,2,0,0,5 ,1 
0.7017,4130,4,0.54870000 ,3200,0,0,0,0,0 ,1 
1.0022,39,1,0.34750000 ,10000,7,2,0,4,5 ,1 
0.2383,6300.5,0,0.56480000 ,5200,10,0,0,0,0 ,0 
1.0028,27,1,0.00000000 ,2536,4,2,0,0,0 ,1 
1.5648,50,4,0.14630000 ,3000,0,3,0,1,2 ,1 
0.0654,58,0,0.20830000 ,0,0,0,0,0,0 ,0 
0.6683,66,1,0.27700000 ,107007,0,0,0,0,0 ,1 
0.0092,28,2,0.36670000 ,2916,7,0,1,0,0 ,0 
1.1392,4130,1,0.33830000 ,2800,5,2,0,0,0 ,1 
0.8792,42,0,0.64240000 ,2800,11,0,0,0,3 ,1 
0,63,0,0.00000000 ,7083,9,0,2,0,1 ,0 
0.0343,6130,4.5,0.00660000 ,0,2,2,0,3,0 ,1 
0,52,0,0.00000000 ,16000,7,0,1,0,3 ,0 
1.013,48,1,0.00000000 ,5500,8,0,2,0,3 ,1 
1.0071,4650,3,0.39290000 ,9166,0,5,2,0,6 ,0 
0.9862,6150,3,0.00000000 ,5000,7,5,2,4,0 ,1 
0.0382,46,0,0.15240000 ,6500,8,0,0,0,2 ,0 
1.0641,31,0,0.00520000 ,2000,5,0,0,0,0 ,1 
0.909,54,3,54390364.00000000 ,0,13,4,1,2,5 ,0 
0.0098,49,3,0.12440000 ,7500,6,0,0,0,0 ,1 
1,40,0,1.26620000 ,5000,7,0,0,0,0 ,0 
0.284,60,961614,0.44670000 ,9074,6,0,2,0,0 ,0 
0.8551,54,0,0.37390000 ,5500,10,0,0,0,2 ,0 
0.0384,60,2,0.53460000 ,63003,7,0,0,0,0 ,0 
0.9555,40,0,0.00000000 ,2700,8,1,2,3,4 ,1 
0,34,0,0.02940000 ,4500,5,2,0,0,0 ,0 
0.0515,4130,0,0.24550000 ,58006,0,0,2,0,3 ,1 
1.05963,30,0,0.00000000 ,5000,12,2,0,4,3 ,1 
1.0209,42,0,0.17600000 ,3800,9,0,0,0,1 ,1 
0.4608,48,3,0.40720000 ,6200,0,0,1,0,0 ,0 
0,33,0,0.53340000 ,7200,0,0,0,2,4 ,1 
0.0276,44,0,0.20770000 ,230004,12,0,1,0,0 ,0 
0.8272,31,0,1.00340000 ,1750,14,3,2,0,0 ,0 
0.9366,63,2,0.40830000 ,65004,0,0,0,0,5 ,1 
0.7409,54,4,0.15780000 ,5000,0,3,0,5,0 ,1 
0.8879,39,3,0.00000000 ,2550,5,4,1,0,2 ,0 
0.8859,46,0,0.39320000 ,68008,12,4,2,0,3 ,1 
0.9731,45,1,0.01560000 ,54006,0,1,0,0,0 ,0 
1.0102,39,0,0.41780000 ,2500,9,0,0,0,0 ,1 
0.1064,49,0,0.00000000 ,5900,15,0,1,0,0 ,0 
1.0274,38,4,0.74580000 ,12000,7,0,0,0,0 ,0 
0.9166,42,8,0.55670000 ,4300,0,3,0,2,4 ,1 
0.1081,47,3,0.54580000 ,107006,13,0,0,0,2 ,1 
0,0,0,0.36920000 ,4800,7,3,0,0,0 ,0 
0.6467,66,3,0.16560000 ,7500,8,4,0,0,0 ,0 
0.7406,4260,3,0.08620000 ,0,6,2,0,0,0 ,1 
0.7887,32,0,0.31040000 ,8500,7,0,1,0,0 ,0 
0.9063,3160,1,0.00000000 ,6666,0,0,0,0,0 ,1 
0.0234,0,0,0.29150000 ,2950,0,0,1,2,0 ,0 
0.9458,47,3,0.00000000 ,2916,0,2,0,1,0 ,1 
1.004,46,11,0.41001000 ,3333,0,4,0,0,5 ,1 
0.2885,56,0,0.00000000 ,4500,10,0,1,0,0 ,0 
0.0112,43,1,0.00000000 ,4700,7,3,2,0,4 ,0 
0.8108,31,0,0.26910000 ,98003,7,0,0,1,1 ,0 
0.9332,30,0,0.56780000 ,4200,5,1,0,0,2 ,1 
0.8957,36,0,0.22910000 ,83003,10,0,0,0,3 ,1 
0.0112,29,0,0.23730000 ,58003,9,0,0,0,0 ,0 
0.8583,57,7,0.00000000 ,3000,14,3,0,6,5 ,0 
1.0427,55,4,0.00000000 ,12000,5,2,0,0,3 ,1 
0,58,2,0.16560000 ,6416,5,3,0,4,0 ,1 
0.8555,66,0,0.00000000 ,2673,9,3,0,0,0 ,1 
0,5230,4,0.96791000 ,3816,5,0,0,0,2 ,0 
0.9745,46,0,0.74410000 ,2529,0,0,2,0,0 ,0 
0.5207,28,0,0.20520000 ,85006,7,0,2,0,4 ,1 
0.6159,5440,0,0.35820000 ,4166,13,0,0,0,0 ,0 
0.9955,0,2,0.23400000 ,5833,0,3,0,0,2 ,0 
0,4300,0,0.00000000 ,75003,5,3,1,0,0 ,1 
0.7409,37,0,0.15420000 ,16051,0,0,1,0,0 ,0 
0,44,0,0.02050000 ,4100,12,9,0,7,0 ,1 
1.0058,4230,3,0.00000000 ,8583,7,4,2,0,0 ,0 
0,54,0,0.00000000 ,78006,15,0,1,0,3 ,0 
0.4286,40,4,0.29460000 ,3900,0,5,1,0,3 ,1 
0.9792,6150,5,0.28340000 ,13500,0,4,0,3,0 ,0 
0,0,0,0.61290000 ,8333,0,0,0,0,0 ,0 
0.1221,57.5,0,0.00000000 ,7000,10,0,1,0,2 ,0 
1.745931,26,4,0.00710000 ,3850,0,0,0,1,0 ,1 
0,37,0,0.00000000 ,4350,7,3,2,5,4 ,1 
1.0038,26,4,0.04050000 ,3833,3,2,0,0,0 ,0 
0.5335,62,3,0.11550000 ,7500,4,2,0,0,1 ,1 
0.2372,3800,0,0.22910000 ,5000,13,1,0,0,0 ,1 
0.9582,66,0,0.03630000 ,0,3,4,0,0,0 ,0 
0.6273,5260,3,0.00400000 ,2570,1,2,0,0,0 ,1 
0.0266,23,0,0.01450000 ,4500,5,0,0,0,0 ,1 
0.9961,63,0,0.90830000 ,6167,0,0,0,0,0 ,0 
0.0311,49,0,0.00780000 ,74005,6,0,0,0,0 ,0 
0.0106,31,0,0.24220000 ,91006,5,0,0,0,2 ,1 
0.6159,40,3,0.74410000 ,7083,0,0,0,4,0 ,1 
0.0498,7150,0,1.05350000 ,45006,10,0,2,0,0 ,0 
0,43,0,0.00000000 ,6200,8,0,0,0,3 ,0 
0.4646,26,0,0.05920000 ,4500,3,0,0,0,0 ,0 
1.1864,37,3,0.01850000 ,65006,2,0,0,0,1 ,1 
0.8116,0,0,0.37910000 ,103004,14,0,2,0,0 ,1 
0.9652,4260.5,3,0.00000000 ,3700,6,0,0,0,0 ,1 
0.7231,58,2,0.09510000 ,9583,3,0,0,1,0 ,0 
0,57,0,0.24260000 ,95008336475,0,0,0,0,2 ,0 
0.0948,69,0,0.41070000 ,2800,0,0,0,0,0 ,0 
1.0405,24,1,0.00000000 ,3500,0,3,0,0,0 ,1 
0,7260.5,0,0.00000000 ,1250,6,0,0,0,0 ,0 
1.014,54,0,0.50100000 ,2300,11,3,2,0,2 ,0 
0,30,5,0.01700000 ,2200,3,4,0,1,0 ,1 
0.9087,43,0,0.00000000 ,9200,5,3,0,4,3 ,0 
0.1092,30,0,0.00000000 ,55003,4,6,1,2,3 ,0 
0.0482,37,7,0.28970000 ,3900,4,2,0,1,0 ,1 
0.0613,48,0,0.26350000 ,3800,5,0,0,0,0 ,1 
0,68,0,0.24340000 ,5833,0,0,1,0,0 ,0 
0.0167,4250,0,0.45420000 ,4400,11,0,0,0,2 ,0 
0.0156,56,0,0.00000000 ,167003,6,0,1,0,3 ,0 
0.8597,42,3,0.00000000 ,105006,2048,6,2,0,0 ,1 
0.0185,3150,1,0.00330000 ,10000,2,0,0,0,2 ,0 
0.0947,33,0,0.31720000 ,96005,6,0,0,0,0 ,0 
0.2462,47,0,0.14830000 ,10500,14,0,0,0,0 ,1 
1.0301,29,0,0.82070000 ,3500,7,0,0,0,0 ,0 
0.021,44,0,0.37990000 ,8500,0,0,1,0,0 ,0 
1.0103,46,3,0.00000000 ,9166,7,6,2,0,0 ,0 
0.0109,48,0,0.02020000 ,2350,4,0,0,0,0 ,0 
0.5241,32,0,0.43840000 ,6000,0,1,0,0,2 ,0 
0.0063,56,0,0.05450000 ,2500,11,0,0,0,3 ,1 
0.0257,32,0,0.23450000 ,1630,7,1,0,0,3 ,0 
0.9528,46,5,0.46680000 ,3500,20,4,2,0,0 ,1 
1.0157,44,0,0.04860000 ,10000,14,0,0,4,0 ,1 
2.018,29,5,0.18570000 ,16000,6,0,0,3,4 ,1 
0.0775,5230,0,0.00000000 ,5916,3,0,0,1,0 ,0 
0.9441,0,0,0.53350000 ,6500,0,0,0,0,0 ,0 
0.0254,43,2,0.00000000 ,62508,9,5,3,0,2 ,0 
1.1569,45,1,0.34700000 ,5500,9,0,0,0,0 ,1 
0.8987,31,0,0.00000000 ,52003,2,4,0,0,0 ,0 
0.0179,36,0,0.17650000 ,3750,14,0,0,0,0 ,0 
1.0052,4130,0,0.74590000 ,85004,11,0,0,0,3 ,0 
0.1755,57,0,0.20770000 ,5500,4,0,0,0,0 ,0 
1.4608,26,3,0.20480000 ,3000,4,6,0,0,0 ,1 
0.9652,50,0,0.15480000 ,113300,0,0,2,0,0 ,0 
1.4229,40,4,0.49600000 ,5500,12,6,0,7,0 ,1 
0.9668,49,1,0.00000000 ,6000.5,4,2,0,3,0 ,0 
0.031,36,0,0.32580000 ,3850,10,0,0,0,0 ,1 
1.2611,58,1,0.00000000 ,3000.5,4,3,0,2,0 ,0 
0,55,0,6612.00000000 ,5000,9,0,2,0,0 ,1 
0,23,0,0.00290000 ,3333,3,0,0,0,0 ,0 
0.0109,53,1,0.00000000 ,0,12,0,4,0,3 ,0 
0,52,0,0.47670000 ,7500,13,0,0,0,0 ,0 
3388,63,0,1.23150000 ,5500,0,0,2,0,2 ,0 
0.5491,46,0,0.47360000 ,5000,9,2,0,0,0 ,1 
0.7573,49,1,0.17740000 ,5500,14,2,0,3,0 ,1 
0.5067,41,0,0.00000000 ,4800,0,3,0,5,4 ,1 
0,6350,0,0.23490000 ,6500,0,0,1,0,0 ,1 
0.9283,46,4,0.00000000 ,12500,7,5,2,6,3 ,0 
0.0037,5130,6,0.29880000 ,5000,0,0,2,3,0 ,1 
1.0252,30,0,0.48220000 ,7583,1,5,0,3,2 ,1 
0.8206,64,0,0.45720000 ,5416,9,0,1,5,0 ,1 
6,63,0,0.02050000 ,6200,0,0,0,0,0 ,0 
0.0228,0,0,0.00430000 ,3850,0,0,1,0,0 ,0 
1.0789,28,0,0.38540000 ,5500,9,2,0,1,2 ,0 
0.5459,40,0,0.42700000 ,4900,5,0,0,0,0 ,1 
0,53,0,0.31510000 ,5500,6,0,0,0,0 ,0 
1.1135,44,3,0.04820000 ,11600,12,2,0,5,1 ,0 
0.9513,54,4,0.76040000 ,95006,8,3,0,0,0 ,1 
0.68791,56,0,0.42860000 ,31663,9,0,0,0,0 ,0 
0.7459,30,2,0.00000000 ,15000,5,4,0,3,0 ,1 
0,35,0,0.03370000 ,5000,0,0,0,0,0 ,0 
0.6019,56,0,0.50170000 ,84007,0,0,2,0,3 ,1 
0.9088,4130,0,0.00000000 ,6100,5,0,1,0,3 ,0 
0.0398,6130,0,0.53421902 ,4000,11,0,0,0,0 ,0 
0,0,0,77813072.00000000 ,303600,11,3,0,0,0 ,0 
0,4450,0,0.44880000 ,75004,6,0,1,0,0 ,0 
1.0335,31,0,0.38720000 ,5833,1022,3,2,0,4 ,1 
98.9942,35,1,0.00000000 ,10000,5,3,0,4,0 ,0 
0.0355,4130,0,0.00000000 ,7083,4,0,1,0,0 ,0 
0,33,0,1.08000000 ,2669,7,2,0,4,0 ,0 
0.0699,47,0,0.12850000 ,620000,11,0,3,0,2 ,0 
0.0083,4250,0,0.01400000 ,4000,14,0,1,0,0 ,0 
1.0054,58,0,0.33700000 ,5416,11,0,0,0,0 ,1 
0.0678,53,2,0.15300000 ,5500,20,0,0,1,0 ,0 
0.0042,5250,0,0.24720000 ,3200,7,0,0,0,0 ,0 
0,36,4,0.41080000 ,8000,13,2,0,3,0 ,1 
0,4150,0,0.40410000 ,0,11,0,2,0,0 ,0 
0.8092,49,1,0.00000000 ,31003,5,0,0,0,2 ,1 
1.0514,48,0,0.21750000 ,0,6,4,0,3,0 ,1 
1.0117,29,2,0.03430000 ,17000,0,0,0,0,0 ,1 
0.9736,46,6,0.43970000 ,0,5,4,0,0,0 ,1 
1.0464,5640,5,0.00000000 ,3500,8,3,1,0,4 ,0 
0.0108,39,0,0.00440000 ,1350,11,0,0,0,2 ,0 
0.0024,46,0,0.02520000 ,5160,9,0,0,0,2 ,0 
0.2678,37,0,0.00000000 ,8200,10,2,0,1,3 ,0 
1.0276,55,0,0.42360000 ,2500,5,2,0,0,0 ,1 
1.0624,38,3,0.00000000 ,5800,10,0,0,2,0 ,1 
0.0252,49.5,5,0.43660000 ,50002,0,4,1,3,0 ,0 
0.8482,46,3,0.26270000 ,7000,8,0,0,1,2 ,1 
0.0293,73,0,0.29790000 ,85006,0,0,0,0,0 ,0 
0,53,0,0.00230000 ,4033,6,38,0,0,0 ,0 
1.1605,54,0,0.31080000 ,5200,7,4,2,3,0 ,1 
0.3678,47,0,0.12210000 ,45006,0,0,2,0,0 ,0 
0.6589,46,0,0.26660000 ,4200,6,0,0,0,0 ,0 
1.0121,29,0,0.22830000 ,5200,6,0,0,0,0 ,0 
0.0153,53,0,0.52993000 ,5833,13,0,0,0,0 ,0 
0,54,0,0.70180000 ,6300.5,11,5,0,3,0 ,1 
