V1,V6,V10,V12,V13,V14,V15,Class
6350 ,843 ,1748 ,738 ,1 ,-103 ,1172 ,2
39 ,1122 ,3 ,573 ,8 ,95 ,699 ,2
42 ,3769 ,17 ,664 ,1 ,-9250 ,0 ,2
5948 ,61923994 ,23 ,106 ,3 ,9567 ,574 ,1
53 ,471 ,18 ,182 ,2 ,-1125 ,1089 ,2
3250 ,20862 ,14 ,604 ,8 ,-1 ,1058 ,2
0 ,957 ,17 ,479 ,1 ,-103 ,0 ,2
3370 ,561 ,987 ,487 ,479 ,-1 ,1 ,2
394 ,1011 ,3 ,651 ,2 ,-1 ,541 ,2
393 ,1701 ,0 ,493 ,8 ,-1 ,0 ,1
57 ,7054 ,1101 ,683 ,2 ,-1 ,8 ,1
608 ,0 ,591 ,5891 ,1 ,91 ,3 ,2
40 ,693 ,21 ,805 ,4 ,-1 ,3 ,2
0 ,1528 ,16 ,112 ,3 ,183 ,1092 ,2
61 ,0 ,21 ,74 ,3 ,-103 ,0 ,2
382 ,0 ,17 ,473 ,3 ,92 ,1 ,2
37 ,1225 ,21 ,1275 ,2 ,-9250 ,1172 ,2
2740 ,1553 ,20 ,857 ,658 ,-1 ,1074 ,2
0 ,-4683 ,21 ,391 ,1 ,-1 ,0 ,2
3668 ,3965 ,20 ,125 ,3 ,9599 ,0 ,1
40 ,9069 ,12 ,796 ,11 ,96 ,6 ,1
0 ,1357 ,15 ,574 ,1 ,-461 ,2601 ,2
34 ,27793 ,3150 ,8094 ,4 ,-1 ,3 ,2
5645 ,8054 ,23 ,4538 ,3 ,-1 ,0 ,2
487 ,1749 ,2461 ,88 ,1 ,-1128 ,0 ,1
362 ,29961 ,15 ,1508 ,8 ,-1123 ,1 ,2
3568 ,1599 ,13 ,393 ,3 ,-1 ,1443 ,1
3540 ,1423 ,902 ,1207 ,4 ,-1 ,0 ,2
26 ,2939 ,11763 ,517 ,1 ,-1128 ,0 ,2
4084 ,1583 ,27 ,959 ,1 ,-962 ,0 ,2
3568 ,1134 ,1501 ,784 ,2 ,-1128 ,0 ,2
62 ,638 ,25 ,196 ,8 ,181 ,558 ,2
4746 ,2084 ,1566 ,538 ,7 ,-1 ,3 ,2
44 ,-291 ,13 ,845 ,3 ,-1 ,706 ,2
4150 ,7061 ,28 ,1106 ,1 ,-1 ,0 ,2
2872 ,2387 ,1431 ,535 ,2 ,-103 ,0 ,1
3443 ,3074 ,14 ,0 ,3 ,-1 ,0 ,2
4533 ,1123 ,28 ,590 ,3 ,92 ,764 ,2
362 ,2666 ,22 ,528 ,1 ,-1 ,0 ,2
3048 ,1313 ,18 ,144 ,4 ,-2187 ,1 ,2
4300 ,8521101 ,24 ,668 ,1 ,-1 ,0 ,2
4633 ,595 ,17 ,682 ,2 ,-1 ,0 ,2
2548 ,-922 ,23 ,664 ,1 ,185 ,904 ,2
3900 ,-271 ,15 ,473 ,1 ,-1 ,958 ,2
37 ,4963 ,29 ,1534 ,1 ,-1128 ,0 ,2
3068 ,2984 ,21 ,787 ,1 ,-1 ,0 ,2
5542 ,4837 ,1161 ,705 ,2 ,92 ,0 ,2
3542 ,1414 ,1162 ,574 ,1 ,-1125 ,0 ,2
46 ,2474 ,23 ,533 ,1 ,-1 ,2058 ,2
51 ,574 ,21 ,1066 ,1 ,-1125 ,0 ,2
2572 ,781 ,29 ,0 ,2 ,-3255 ,0 ,2
3160 ,3169 ,923 ,876 ,1 ,106 ,0 ,1
0 ,765 ,30 ,169 ,0 ,-1 ,1 ,1
3569 ,108467 ,21 ,8 ,4 ,-1 ,0 ,2
4052 ,1166 ,8 ,1749 ,1 ,-1 ,704 ,2
4280 ,1257 ,11 ,394 ,2 ,-1 ,0 ,1
3765 ,578 ,17 ,495 ,1 ,-1 ,0 ,2
0 ,27991 ,15 ,12 ,1 ,0 ,0 ,2
3300 ,1638 ,961 ,642 ,2 ,-1128 ,0 ,2
5542 ,691 ,761 ,1023 ,1 ,9299 ,574 ,2
4633 ,903 ,29 ,673 ,1 ,9466 ,3 ,2
3345 ,1743 ,12 ,101 ,3 ,-1 ,958 ,2
3300 ,145328 ,25 ,591 ,1 ,-1 ,0 ,2
52 ,0 ,14 ,982 ,2 ,-1 ,0 ,2
39 ,471 ,17 ,1249 ,2 ,-1128 ,0 ,1
4219 ,99401 ,765 ,10 ,2 ,-1 ,0 ,1
54 ,543 ,16 ,935 ,1 ,-1 ,0 ,2
33 ,16091 ,858 ,1012 ,2 ,-1 ,0 ,2
49 ,2951 ,19 ,582 ,4 ,-9250 ,0 ,2
603 ,5438 ,8 ,181 ,9 ,-1 ,1404 ,2
53 ,481 ,18 ,1509 ,9 ,-102 ,551 ,2
505 ,667 ,2045 ,991 ,3 ,-1 ,0 ,2
0 ,1627 ,1205 ,1506 ,4 ,182 ,3 ,2
3543 ,1662 ,835 ,0 ,1 ,196 ,704 ,2
38 ,44 ,1429 ,135 ,5 ,-95 ,0 ,2
3399 ,549 ,12 ,749 ,2 ,-1 ,0 ,2
0 ,2765 ,25 ,1506 ,3 ,-1 ,825 ,2
3568 ,1013 ,9 ,538 ,1 ,183 ,467 ,1
4467 ,3391 ,15 ,497 ,4 ,-1125 ,0 ,2
52 ,3711 ,9 ,7 ,1 ,-1125 ,0 ,2
3940 ,1746 ,18 ,633 ,1 ,-256 ,0 ,1
0 ,3646 ,4 ,1009 ,11 ,-1 ,0 ,2
2667 ,8984 ,6 ,176 ,2 ,-1125 ,3 ,2
58 ,1642 ,18 ,861 ,2 ,-1125 ,0 ,2
4350 ,1137 ,962 ,171 ,1 ,-1125 ,0 ,2
494 ,3617 ,22 ,463 ,1 ,-1128 ,0 ,2
394 ,482 ,19 ,976 ,1 ,183 ,473 ,2
33 ,98518 ,17 ,1003 ,3 ,-1 ,1 ,2
3546 ,1049 ,29 ,588 ,9 ,-1 ,3 ,2
4645 ,496811 ,13 ,1023 ,0 ,-190 ,0 ,2
26 ,1744 ,29 ,507 ,5 ,-1 ,0 ,2
3150 ,2746 ,21 ,467 ,2 ,-1125 ,0 ,2
5978 ,867 ,682 ,166 ,3 ,-1120 ,704 ,2
60 ,2023 ,21 ,487 ,18 ,181 ,0 ,2
4101 ,-399 ,18 ,166 ,574 ,93 ,0 ,2
3350 ,4636616 ,15 ,691 ,1 ,-1 ,7082 ,2
3130 ,1873 ,11 ,144 ,3 ,-1125 ,6054 ,2
5869 ,-449 ,21 ,149 ,3 ,-1 ,0 ,2
51 ,0 ,14 ,584 ,1 ,-1 ,0 ,2
35 ,1373 ,1667 ,893 ,3 ,-1 ,0 ,2
3260 ,10891 ,28 ,175 ,1 ,80 ,3 ,2
0 ,3533 ,0 ,705 ,2 ,-1120 ,0 ,2
2542 ,1173 ,19 ,136 ,1 ,-1128 ,0 ,1
3500 ,1122 ,21 ,7828 ,2 ,-1 ,463 ,2
3150 ,685 ,19 ,928 ,4 ,-1 ,784 ,2
36 ,1425 ,19 ,874 ,1 ,92 ,3 ,1
3250 ,1635 ,25 ,569 ,4 ,-1 ,0 ,1
5450 ,488 ,1871 ,1104 ,1 ,-1125 ,0 ,2
3150 ,-4752 ,19 ,507 ,1 ,95 ,0 ,2
39 ,4 ,1145 ,178 ,3 ,-1125 ,0 ,1
0 ,1014 ,18 ,0 ,1 ,-1128 ,873 ,1
3634 ,508 ,14 ,673 ,3 ,-1128 ,7054 ,2
3150 ,1057 ,7 ,1117 ,2 ,-1 ,854 ,2
0 ,569 ,27 ,1366 ,1 ,-1 ,0 ,2
5469 ,1729 ,29 ,855 ,2 ,-1125 ,3642 ,1
46 ,723 ,1737 ,803 ,1 ,-1 ,0 ,2
507 ,5745 ,1375 ,573 ,2 ,-1 ,0 ,2
32 ,1836 ,11 ,903 ,2 ,-1128 ,0 ,2
3400 ,2770 ,5 ,903 ,3 ,-1 ,741 ,2
29 ,3849 ,16 ,1042 ,2 ,-1 ,474 ,1
3400 ,78501 ,11 ,1063 ,1 ,17569 ,3 ,2
382 ,1528 ,1162 ,469 ,6 ,-1125 ,0 ,2
4650 ,2657 ,3 ,473 ,4 ,-1 ,0 ,2
43 ,0 ,12 ,0 ,2 ,184 ,513 ,2
35 ,1797 ,12 ,486 ,5 ,-1125 ,0 ,2
363 ,763 ,2150 ,527 ,1 ,-1125 ,2558 ,2
397 ,1752 ,1601 ,893 ,1 ,-1 ,574 ,1
394 ,563 ,18 ,686 ,1 ,-1 ,0 ,2
35 ,1568 ,19 ,110 ,1 ,-1 ,0 ,2
49 ,79441 ,19 ,805 ,4 ,-1125 ,761 ,2
362 ,1740 ,30 ,684 ,1 ,-1 ,704 ,2
4601 ,699 ,3642 ,154 ,1 ,-1128 ,0 ,1
4535 ,1093 ,3126 ,476 ,5 ,-1125 ,0 ,2
6435 ,4 ,22 ,0 ,3 ,-1125 ,0 ,2
58 ,-401 ,17 ,0 ,8 ,-1125 ,3 ,2
3350 ,863 ,17 ,1205 ,2 ,-1128 ,0 ,2
3250 ,958 ,30 ,1462 ,10 ,95 ,534 ,2
47 ,983 ,2030 ,125 ,0 ,-1120 ,0 ,1
40 ,482 ,5 ,461 ,6 ,-1125 ,0 ,1
0 ,3069 ,8 ,591 ,1 ,9401 ,0 ,1
4130 ,1452 ,24 ,459 ,3 ,-1128 ,761 ,2
3150 ,1234 ,19 ,974 ,1 ,-1 ,3 ,2
4545 ,95700 ,7 ,534 ,4 ,-1 ,0 ,1
4740 ,5928 ,1692 ,896 ,1 ,8770 ,0 ,2
3436 ,10893 ,6 ,527 ,0 ,-1125 ,0 ,1
3150 ,11892 ,2029 ,109 ,1 ,-1 ,4984 ,2
0 ,1431 ,29 ,3012 ,1 ,0 ,0 ,2
0 ,1368 ,30 ,830 ,1 ,-1 ,0 ,2
5616 ,865 ,30 ,785 ,10 ,-1128 ,1972 ,2
0 ,869 ,29 ,182 ,2 ,-1 ,0 ,2
0 ,9791 ,1766 ,12 ,2 ,-1 ,0 ,2
27 ,-1 ,19 ,658 ,2 ,-1 ,461 ,2
62 ,1233 ,23 ,176 ,16 ,-1 ,0 ,2
44 ,4949 ,2681 ,155 ,2 ,102 ,558 ,2
3260 ,4078 ,26 ,183 ,1 ,-1125 ,3 ,2
46 ,1849042 ,13 ,751 ,1 ,-1 ,2801 ,2
31 ,50897 ,2562 ,472 ,665 ,-1125 ,1 ,2
5948 ,2139 ,20 ,706 ,596 ,-1125 ,0 ,2
57 ,487 ,20 ,162 ,2 ,9401 ,0 ,2
5948 ,1081 ,9 ,674 ,5 ,181 ,1446 ,2
5952 ,638 ,22 ,548 ,3 ,-1125 ,0 ,2
33 ,1701 ,20 ,1081 ,2 ,-1 ,1804 ,2
394 ,2583 ,5 ,865 ,2 ,-1 ,1168 ,2
2665 ,649 ,1857 ,639 ,1 ,9280 ,0 ,2
3543 ,431 ,20 ,632 ,5 ,-1128 ,0 ,2
5766 ,1574 ,20 ,506 ,2 ,-1128 ,3642 ,2
0 ,2385 ,4 ,88 ,1 ,-190 ,0 ,1
57 ,953 ,23 ,594 ,1 ,-1 ,0 ,2
2946 ,362031 ,26 ,467 ,1 ,-1125 ,3641 ,1
362 ,1068 ,18 ,673 ,4 ,-1125 ,0 ,1
0 ,1142 ,21 ,7074 ,0 ,195 ,966 ,2
3730 ,0 ,13 ,1533 ,0 ,-1120 ,2800 ,1
54 ,1501 ,14 ,1374 ,2 ,-1 ,0 ,1
4250 ,0 ,9 ,699 ,1 ,-1125 ,0 ,2
3750 ,-14 ,1366 ,1026 ,3 ,9469 ,0 ,2
392 ,2866 ,19 ,1349 ,1 ,-95 ,0 ,2
2872 ,4645 ,439 ,1005 ,559 ,-1 ,3051 ,2
5301 ,13963 ,19 ,836 ,2 ,-1 ,0 ,1
0 ,2678 ,14 ,7761 ,0 ,-1 ,902 ,2
2958 ,523 ,1472 ,674 ,1 ,-1125 ,907 ,2
46 ,876 ,4 ,467 ,1 ,-1 ,0 ,1
50 ,18054 ,21 ,154 ,3 ,-1125 ,0 ,1
0 ,0 ,928 ,0 ,3 ,1017 ,1166 ,2
42 ,14054 ,30 ,504 ,6 ,94 ,0 ,1
4066 ,-3715 ,16 ,441 ,2 ,-1125 ,0 ,2
3400 ,-9533 ,17 ,543 ,2 ,-1 ,0 ,2
3350 ,0 ,21 ,709 ,1 ,-1125 ,0 ,2
2769 ,1665 ,19 ,7 ,2 ,-1128 ,0 ,2
4064 ,1082 ,26 ,581 ,1 ,-1125 ,0 ,2
5941 ,57500 ,1837 ,684 ,3 ,87 ,0 ,2
362 ,4894 ,19 ,896 ,2 ,-1 ,0 ,1
38 ,6445 ,20 ,109 ,2 ,95 ,0 ,1
3467 ,524 ,930 ,1273 ,6 ,9565 ,0 ,2
0 ,10939 ,9 ,1109 ,2 ,183 ,572 ,2
363 ,4911 ,18 ,565 ,2 ,-1 ,958 ,2
4838 ,0 ,2041 ,726 ,4 ,-2187 ,0 ,1
3300 ,1399 ,1225 ,874 ,1 ,181 ,1 ,2
52 ,7 ,574 ,836 ,1 ,-1125 ,0 ,2
5435 ,3917 ,14 ,449 ,2 ,-1125 ,0 ,1
3750 ,2287 ,1601 ,549 ,6 ,-1123 ,0 ,1
32 ,972 ,0 ,474 ,2 ,9101 ,718 ,1
45 ,1772 ,925 ,215 ,3 ,183 ,573 ,2
28 ,2139 ,29 ,527 ,24 ,3705 ,929 ,2
3170 ,3601 ,24 ,1045 ,4 ,-1 ,0 ,2
26 ,741 ,12 ,816 ,4762 ,-1128 ,3 ,2
3552 ,53917 ,21 ,1409 ,2 ,-1128 ,704 ,2
2849 ,-9734 ,23 ,517 ,1 ,-1125 ,0 ,2
3468 ,2395 ,22 ,152 ,3 ,-1125 ,0 ,1
394 ,1045 ,20 ,1201 ,3 ,-1125 ,32 ,2
44 ,984 ,0 ,81 ,1 ,-1 ,0 ,1
32 ,0 ,30 ,559 ,1 ,-1128 ,0 ,2
3450 ,1354 ,27 ,659 ,8 ,-1125 ,1202 ,2
52 ,2366 ,1520 ,531 ,3 ,-1125 ,0 ,1
37 ,975 ,16 ,1170 ,3 ,-1125 ,0 ,1
33 ,14961 ,461 ,482 ,2 ,-1125 ,0 ,2
3150 ,9054 ,28 ,124 ,1 ,-1128 ,0 ,2
0 ,1374 ,21 ,485 ,1 ,87 ,0 ,1
54 ,1374160102 ,2358 ,1097 ,1 ,183 ,2672 ,2
362 ,576 ,13 ,1246 ,1 ,84 ,701 ,1
2741 ,-4634 ,23 ,109 ,2 ,-1 ,0 ,1
32 ,1005 ,14 ,484 ,1 ,-1128 ,0 ,2
2952 ,-441665 ,0 ,495 ,1 ,0 ,0 ,2
3130 ,0 ,24 ,154 ,1 ,181 ,469 ,2
4400 ,1014 ,21 ,176 ,4 ,-1 ,661 ,2
3300 ,632 ,1536 ,596 ,7 ,-1 ,0 ,2
35 ,1017 ,15 ,562 ,1 ,-1128 ,4863 ,2
362 ,28977517 ,22 ,825 ,4 ,-1 ,0 ,2
28 ,12897 ,16 ,447 ,3 ,-1125 ,1 ,1
31 ,1393 ,17 ,7094 ,4 ,1106 ,761 ,2
5150 ,561 ,1771 ,1688 ,1 ,-1123 ,0 ,2
4130 ,29 ,19 ,876 ,5 ,-1125 ,1041 ,2
31 ,-849 ,22 ,9062 ,1 ,-1123 ,1174 ,2
3250 ,1332 ,12 ,13635 ,2 ,-103 ,0 ,2
58 ,775 ,13 ,1464 ,9 ,-190 ,0 ,1
38 ,-865 ,1461 ,394 ,4 ,-1128 ,0 ,2
32 ,3444 ,27 ,0 ,5 ,-1128 ,0 ,2
4438 ,55375 ,17 ,1074 ,1 ,-1128 ,0 ,2
31 ,1524 ,18 ,518 ,2 ,-116 ,2447 ,1
2764 ,2223 ,7 ,965 ,4 ,-92 ,0 ,1
2468 ,5087 ,29 ,985 ,3 ,-1 ,0 ,2
59 ,10421 ,26 ,453 ,1 ,102 ,0 ,2
3230 ,3534 ,19 ,716 ,1 ,0 ,0 ,2
7433 ,5023 ,1366 ,0 ,2 ,-1128 ,0 ,2
362 ,1203 ,0 ,965 ,3 ,-1 ,0 ,2
52 ,1474 ,20 ,1122 ,2 ,703 ,0 ,2
3061 ,3622 ,18 ,164 ,1 ,-1125 ,474 ,1
4260 ,434 ,20 ,482 ,2 ,-1 ,929 ,2
4568 ,917 ,17 ,483 ,1372 ,-1 ,1 ,1
3568 ,58762 ,21 ,716 ,2 ,-1 ,0 ,2
3399 ,3854 ,14 ,552 ,1 ,1011 ,0 ,2
392 ,1733 ,3 ,461 ,1 ,-1123 ,0 ,2
363 ,49434 ,18 ,518 ,3 ,-1120 ,0 ,2
58 ,1162 ,21 ,1006 ,469 ,9399 ,604 ,2
3301 ,4963 ,2029 ,1038 ,1 ,-1 ,1 ,2
53 ,-205 ,25 ,928 ,1 ,-1 ,473 ,2
3528 ,972 ,18 ,446 ,0 ,-1128 ,704 ,2
0 ,3529 ,4 ,0 ,3 ,-1120 ,968 ,2
58 ,-346 ,1368 ,1033 ,1 ,-1125 ,0 ,2
60942 ,-475 ,13 ,638 ,574 ,-1125 ,1 ,2
4650 ,1602 ,17 ,561 ,2 ,-1 ,1346 ,2
3250 ,2763 ,6 ,903 ,1 ,-190 ,0 ,2
0 ,565 ,12 ,818 ,1 ,-1125 ,0 ,2
4301 ,561 ,18 ,618 ,1 ,-1 ,0 ,1
2957 ,-395 ,30 ,134 ,3 ,-1128 ,0 ,2
394 ,2390 ,18 ,775 ,1 ,-1125 ,0 ,2
2748 ,7054 ,18 ,558 ,4 ,-1 ,0 ,2
3740 ,1655 ,2150 ,0 ,2 ,-1 ,0 ,2
35 ,943 ,5 ,763 ,2 ,1117 ,0 ,1
3400 ,1523 ,27 ,1059 ,0 ,-1123 ,0 ,1
2348 ,965 ,19 ,678 ,1 ,182 ,2 ,2
61 ,2541 ,2035 ,78 ,2 ,-1 ,3491 ,2
362 ,7094 ,2074 ,1032 ,1 ,-1 ,0 ,2
53 ,362 ,1766 ,567 ,11 ,-1125 ,0 ,1
4400 ,1082 ,15 ,1193 ,1 ,9280 ,3 ,2
362 ,1628 ,27 ,723 ,2 ,-1125 ,0 ,2
2668 ,579 ,2061 ,1209 ,4 ,92 ,0 ,2
33 ,594 ,18 ,661 ,7 ,-1 ,0 ,2
5968 ,1757 ,8 ,144 ,3 ,-1128 ,0 ,2
362 ,6401 ,13 ,561 ,1 ,-1 ,0 ,2
4300 ,565 ,1162 ,1128 ,5 ,-1128 ,0 ,1
6542 ,1354 ,22 ,506 ,1 ,-1128 ,0 ,2
63 ,5130 ,0 ,1241 ,1 ,-1 ,0 ,2
3400 ,965 ,12 ,696 ,3 ,-1 ,0 ,2
34 ,1373 ,19 ,1057 ,1 ,93 ,0 ,2
0 ,3733 ,1442 ,617 ,1 ,-1 ,0 ,2
0 ,1657 ,18 ,645 ,2 ,0 ,0 ,2
31 ,0 ,17 ,7418 ,5 ,-187 ,0 ,1
3299 ,1207 ,29 ,632 ,551 ,-1 ,0 ,2
57 ,139750 ,26 ,1235 ,5 ,181 ,3401 ,2
494 ,4963 ,19 ,918 ,1 ,-1125 ,0 ,2
30 ,3565 ,13 ,1497 ,2 ,-1 ,467 ,2
60 ,1651 ,21 ,1481 ,9 ,93 ,3 ,1
5745 ,1528 ,21 ,567 ,1 ,-1 ,0 ,2
393 ,4064 ,14 ,158 ,3 ,-1 ,1 ,2
51 ,2491 ,1162 ,961 ,1 ,-110 ,0 ,2
30 ,7462 ,29 ,552 ,4 ,-1125 ,0 ,2
2857 ,4761 ,1161 ,0 ,1 ,-1125 ,0 ,1
3738 ,874 ,28 ,582 ,1 ,-1125 ,0 ,2
26 ,2595 ,1541 ,735 ,1 ,-1 ,0 ,2
3500 ,696 ,1433 ,942 ,1 ,-95 ,0 ,2
34 ,11 ,17 ,603 ,4 ,102 ,20 ,2
58 ,8991 ,21 ,585 ,1 ,0 ,0 ,1
52 ,1127 ,29 ,903 ,0 ,-1128 ,0 ,2
4400 ,13746667 ,20 ,954 ,1 ,-1 ,0 ,2
37 ,1203 ,21 ,461 ,1 ,-1 ,0 ,2
3740 ,15984 ,12 ,478 ,3 ,-1 ,1368 ,2
2766 ,1093 ,18 ,155 ,2 ,9150 ,2301 ,1
33 ,15271722 ,26 ,1276 ,572 ,-1128 ,604 ,2
4250 ,991 ,29 ,542 ,1 ,-103 ,0 ,2
2943 ,667 ,12 ,668 ,2 ,-1 ,938 ,2
35 ,895 ,26 ,486 ,7 ,183 ,566 ,1
38 ,790 ,14 ,397 ,1 ,-1 ,0 ,2
47 ,4680 ,6 ,775 ,10 ,-1125 ,0 ,2
0 ,1593 ,16 ,9 ,476 ,-1 ,10 ,2
49 ,612 ,1569 ,141 ,16 ,-1 ,0 ,2
392 ,2384 ,1561 ,674 ,5 ,-1 ,0 ,2
382 ,494 ,26 ,7420 ,2 ,-1128 ,3366 ,2
52 ,4963 ,13 ,182 ,565 ,-1128 ,674 ,1
5350 ,962 ,22 ,674 ,476 ,-1128 ,558 ,2
48 ,4301 ,5 ,1089 ,7 ,-1123 ,0 ,2
382 ,5092 ,29 ,709 ,19 ,-1128 ,0 ,2
62 ,-1957 ,4 ,591 ,0 ,-1125 ,0 ,2
2772 ,1387 ,23 ,467 ,3 ,-1 ,473 ,2
29 ,30891 ,12 ,0 ,726 ,9250 ,1072 ,2
3400 ,473 ,24 ,889 ,1 ,-1 ,1072 ,2
31 ,-516 ,21 ,567 ,2 ,-92 ,0 ,2
34 ,5083 ,19 ,49 ,1 ,181 ,904 ,1
2672 ,1374 ,6 ,134 ,4 ,9699 ,703 ,2
3546 ,1032 ,22 ,682 ,1 ,-1125 ,0 ,2
3700 ,0 ,12 ,981 ,2 ,-1128 ,0 ,2
0 ,495 ,19 ,852 ,3 ,-1 ,0 ,2
36 ,2571 ,23 ,1085 ,3 ,-90 ,0 ,2
0 ,567 ,27 ,923 ,1 ,-1125 ,1 ,1
3540 ,1375 ,30 ,131 ,1 ,-1 ,3 ,1
36 ,2974 ,9 ,694 ,1 ,-1 ,858 ,2
36 ,1581 ,12 ,1463 ,1123 ,19801 ,0 ,2
5150 ,2772 ,9 ,603 ,3 ,-1 ,0 ,2
362 ,1654 ,8 ,479 ,9 ,9301 ,0 ,1
397 ,7084 ,14 ,642 ,1 ,-405 ,0 ,2
362 ,0 ,16 ,852 ,2 ,92 ,514 ,2
41 ,551 ,22 ,561 ,5 ,95 ,3 ,2
44 ,1013 ,5 ,639 ,1 ,-1128 ,0 ,2
3250 ,523 ,2027 ,1160 ,2 ,-1125 ,703 ,1
5543 ,23984 ,19 ,791 ,3 ,-1 ,0 ,2
57 ,20150 ,2767 ,109 ,1 ,-1125 ,0 ,2
362 ,1230 ,3150 ,715 ,1 ,-1 ,0 ,2
3150 ,559 ,954 ,5962 ,1 ,-1 ,0 ,2
3150 ,676 ,12 ,152 ,5 ,-1 ,0 ,2
47 ,894 ,25 ,3015 ,1 ,-1 ,0 ,2
4650 ,590 ,1366 ,761 ,1 ,-1 ,965 ,2
32 ,-14 ,0 ,21501 ,5 ,180 ,0 ,2
608 ,665 ,24 ,463 ,3 ,-103 ,1091 ,2
4638 ,-4754 ,1271 ,582 ,1 ,-405 ,0 ,2
2943 ,3083 ,1 ,653 ,472 ,-1125 ,903 ,2
53 ,1768 ,14 ,874 ,1 ,-1 ,0 ,2
53 ,2393 ,17 ,481 ,3 ,9399 ,2 ,2
0 ,-39 ,12 ,1169 ,4 ,-1125 ,0 ,2
2574 ,757 ,21 ,467 ,2 ,-1128 ,3 ,1
2869 ,7 ,1561 ,158 ,1 ,-1 ,1057 ,2
3561 ,437 ,3 ,618 ,2 ,-1 ,2801 ,2
45 ,2581 ,31 ,661 ,1 ,-1 ,0 ,1
2448 ,3326 ,20 ,1205 ,3 ,181 ,765 ,2
3420 ,557 ,29 ,1203 ,602 ,-1128 ,726 ,2
4150 ,113787 ,13 ,762 ,4 ,-1 ,0 ,2
394 ,2601 ,1346 ,8961 ,1 ,-1 ,573 ,2
39 ,1361 ,21 ,581 ,8 ,-1 ,0 ,2
48 ,2676 ,2150 ,849 ,22 ,-461 ,0 ,2
41 ,494 ,24 ,1333 ,1176 ,9299 ,558 ,2
3744 ,14463 ,539 ,101 ,1 ,-1125 ,0 ,2
30 ,893 ,15 ,990 ,2 ,-1 ,0 ,1
3542 ,-309 ,15 ,692 ,1 ,-1 ,0 ,2
5345 ,498 ,1770 ,627 ,1 ,97 ,0 ,2
4400 ,1453 ,7 ,1090 ,4 ,-1 ,0 ,1
4260 ,2527 ,4862 ,158 ,3 ,-1 ,0 ,2
0 ,25 ,18 ,1560 ,2 ,-92 ,0 ,2
0 ,1506 ,0 ,1060 ,2 ,-1 ,0 ,2
3766 ,1371 ,1962 ,1025 ,1 ,-1 ,0 ,2
42 ,518 ,21 ,889 ,5 ,-61 ,0 ,2
4750 ,-392 ,23 ,557 ,1 ,-1 ,0 ,2
34 ,1065 ,28 ,176 ,3 ,-1 ,754 ,2
394 ,17962 ,28 ,1242 ,1 ,-190 ,0 ,1
4250 ,491 ,7 ,933 ,0 ,-1125 ,699 ,2
59 ,1719 ,976 ,562 ,3 ,-1 ,1468 ,2
3260 ,394 ,8 ,134 ,1 ,8770 ,0 ,1
49 ,2381 ,14 ,733 ,1 ,-1125 ,28 ,2
3546 ,1441 ,13 ,635 ,2 ,-1128 ,0 ,2
508 ,687 ,21 ,567 ,1 ,-1128 ,0 ,2
43 ,2829 ,21 ,138 ,542 ,9536 ,2 ,2
3569 ,497 ,2135 ,982 ,3 ,-1 ,854 ,2
6130 ,2902 ,1101 ,836 ,1 ,0 ,0 ,2
2778 ,495 ,17 ,491 ,2 ,91 ,614 ,1
2972 ,20962 ,26 ,886 ,4 ,-1 ,0 ,2
44 ,16894 ,15 ,1129 ,4 ,-1125 ,542 ,2
2661 ,987 ,6 ,895 ,1 ,-1 ,0 ,2
0 ,3301 ,18 ,985 ,1 ,-1 ,0 ,2
3554 ,755 ,4 ,809 ,1 ,-1125 ,0 ,2
3250 ,518 ,0 ,765 ,2 ,0 ,0 ,2
5868 ,665 ,14 ,100 ,10 ,-1 ,1 ,1
29 ,4961 ,16 ,1219 ,7 ,-1 ,3 ,1
54 ,3319 ,18 ,155 ,5 ,182 ,0 ,1
3350 ,527 ,961 ,603 ,2 ,-1125 ,0 ,2
3768 ,2346 ,6 ,1589 ,2 ,183 ,0 ,1
57 ,3917 ,930 ,1506 ,473 ,-1 ,0 ,1
32 ,0 ,15 ,634 ,2 ,9567 ,948 ,1
3568 ,857 ,20 ,691 ,2 ,-1 ,0 ,2
397 ,3126 ,14 ,459 ,1 ,-1 ,0 ,2
55 ,29962 ,1201 ,933 ,2 ,-1128 ,0 ,2
3250 ,991 ,17 ,1131 ,1 ,-1 ,1342 ,2
0 ,2085 ,28 ,569 ,6 ,-1128 ,0 ,2
32 ,4962 ,1204 ,1032 ,6 ,-1125 ,972 ,2
3542 ,1597 ,2681 ,1019 ,4 ,-1 ,0 ,1
4601 ,2388 ,14 ,733 ,1 ,-1125 ,0 ,2
4280 ,1013 ,13 ,936 ,1 ,182 ,4982 ,1
3500 ,769 ,1409 ,852 ,6 ,-1123 ,1 ,2
0 ,1533 ,14 ,936 ,4 ,-1125 ,0 ,2
4250 ,5714 ,9 ,542 ,18 ,-1128 ,3491 ,2
3280 ,782 ,14 ,669 ,1 ,-1125 ,0 ,2
58 ,903 ,13 ,0 ,5 ,95 ,2 ,2
46 ,1468 ,466 ,616 ,2 ,-1125 ,0 ,2
4280 ,2047 ,3 ,717 ,1 ,-1128 ,0 ,2
38 ,1388 ,1162 ,874 ,0 ,18399 ,1 ,2
4280 ,29054 ,5 ,603 ,4 ,-1125 ,10 ,2
4062 ,2692 ,28 ,483 ,3 ,91 ,574 ,2
2652 ,574 ,14 ,6968 ,2 ,-1 ,0 ,2
0 ,661 ,17 ,136 ,2 ,8101 ,1242 ,2
29 ,887 ,19 ,667 ,1 ,-1128 ,0 ,2
32 ,437 ,21 ,176 ,2 ,-1128 ,5894 ,2
39 ,648 ,12 ,528 ,1 ,-1 ,0 ,2
46 ,2957 ,1791 ,535 ,1 ,-1125 ,0 ,2
2772 ,2038 ,28 ,1010 ,3 ,-1 ,0 ,2
3522 ,1327 ,574 ,493 ,1 ,-1128 ,3 ,2
3345 ,1190 ,15 ,497 ,3 ,-1 ,0 ,2
4467 ,1832 ,13 ,8 ,3 ,-1 ,573 ,2
4450 ,1849891 ,0 ,362 ,1 ,-1125 ,0 ,1
3542 ,7751617 ,24 ,434 ,3 ,-1 ,0 ,2
3500 ,2344 ,0 ,1121 ,1 ,-2 ,0 ,2
0 ,82542 ,6 ,902 ,1 ,-1 ,0 ,1
4280 ,567 ,439 ,227 ,2 ,8869 ,3 ,2
51 ,8054 ,16 ,1071 ,2 ,-1125 ,0 ,1
3700 ,897 ,20 ,573 ,2 ,187 ,0 ,1
362111 ,2563 ,819 ,391 ,3 ,-1 ,0 ,2
77 ,2443 ,2150 ,585 ,1 ,-95 ,0 ,2
3740 ,4711 ,29 ,728 ,3 ,-1 ,1074 ,2
3745 ,1433 ,21 ,590 ,1 ,-1128 ,0 ,2
323061 ,975 ,14 ,507 ,572 ,-1125 ,0 ,2
52 ,391 ,27 ,141 ,5 ,-1 ,0 ,2
0 ,4327 ,1743 ,951 ,1 ,-1 ,0 ,1
44 ,2763 ,0 ,18569 ,1 ,-1125 ,0 ,1
34 ,573 ,15 ,659 ,4 ,-190 ,0 ,1
54 ,788 ,13 ,668 ,2 ,-1125 ,0 ,1
37 ,1741 ,14 ,489 ,1 ,-1125 ,0 ,1
5345 ,1063 ,1130 ,1373 ,2 ,-1 ,0 ,2
3050 ,18095 ,26 ,623 ,2 ,-1 ,904 ,1
2940 ,10157 ,17 ,1092 ,1 ,-1 ,801 ,1
4130 ,3169 ,26 ,0 ,1 ,181 ,1474 ,2
5735 ,4 ,15 ,185 ,3 ,-1128 ,0 ,2
0 ,2349 ,30 ,493 ,3 ,-1125 ,703 ,2
2840 ,441172 ,26 ,1289 ,5 ,-1128 ,0 ,2
494 ,2287 ,469 ,1227 ,3 ,-1 ,1138 ,2
7728 ,2887 ,14 ,684 ,26 ,-1128 ,1 ,1
2948 ,774504 ,12 ,657 ,1 ,-1 ,1 ,2
5744 ,0 ,29 ,538 ,1 ,83 ,0 ,2
56 ,1743 ,25 ,493 ,3 ,-1 ,0 ,2
362 ,2390 ,19 ,488 ,1 ,-9541 ,0 ,1
54 ,3319 ,1343 ,6894 ,1 ,-1 ,0 ,2
2850 ,1085 ,13 ,883 ,1 ,-1128 ,1 ,2
4280 ,462 ,13 ,117 ,2 ,-1123 ,602 ,1
50 ,12093 ,28 ,381 ,772 ,-1 ,0 ,1
3225 ,975 ,28 ,461 ,1 ,95 ,10 ,2
2062 ,484 ,12 ,491 ,2 ,-1 ,789 ,2
32 ,76961 ,20 ,879 ,2 ,-1 ,0 ,2
29 ,2740 ,2087 ,876 ,0 ,-1125 ,542 ,2
508 ,2433 ,1365 ,642 ,2 ,-1128 ,3 ,2
4250 ,3285 ,18 ,109 ,4 ,-1 ,0 ,2
34 ,1554 ,1601 ,442 ,1 ,-1125 ,3641 ,2
0 ,925 ,0 ,1369 ,1 ,-1 ,0 ,2
3766 ,588 ,27 ,718 ,1 ,-253 ,0 ,2
59 ,4953 ,14 ,578 ,1 ,-1128 ,0 ,2
32 ,6529 ,4 ,984 ,5 ,194 ,1 ,1
5130 ,2768 ,1071 ,678 ,1 ,-1 ,0 ,2
0 ,7053 ,16 ,858 ,0 ,-1 ,0 ,2
53 ,127480 ,5 ,145 ,1 ,-1 ,0 ,2
2743 ,18068 ,23 ,622 ,2 ,9101 ,0 ,2
28 ,971 ,20 ,541 ,2 ,-1 ,2542 ,2
32 ,1767 ,15 ,676 ,2 ,-1 ,0 ,2
28 ,3350 ,15 ,1059 ,2 ,-1 ,0 ,1
3441 ,1255 ,28 ,0 ,4762 ,-1125 ,603 ,2
452 ,4611 ,27 ,1004 ,1 ,-1 ,0 ,2
3466 ,4861 ,0 ,494 ,0 ,-1 ,0 ,2
5101 ,906 ,16 ,12 ,7 ,-1125 ,3762 ,2
33 ,1674 ,29 ,696 ,4 ,-103 ,0 ,2
606 ,74421 ,18 ,535 ,17 ,-1 ,961 ,2
51 ,1774 ,5 ,1081 ,2 ,-190 ,461 ,2
4050 ,0 ,28 ,696 ,2 ,-1125 ,0 ,2
32 ,2361 ,22 ,1649 ,1 ,-1 ,0 ,2
4230 ,993 ,29 ,1505 ,4 ,-1125 ,3642 ,2
5633 ,1544 ,21 ,674 ,1 ,-1 ,761 ,2
44 ,67468 ,5 ,1233 ,1 ,193 ,1451 ,2
5150 ,143853 ,12 ,658 ,3 ,-1125 ,0 ,2
3350 ,775 ,18 ,1463 ,4 ,-1 ,0 ,2
32 ,1535 ,17 ,456 ,1 ,-1128 ,1341 ,2
3450 ,925 ,1523 ,1505 ,1 ,-1125 ,0 ,2
3150 ,3189 ,30 ,1244 ,0 ,-1125 ,569 ,1
7399 ,53568 ,19 ,648 ,4 ,-1 ,902 ,2
36 ,39344 ,28 ,171 ,551 ,-1125 ,1170 ,2
33 ,0 ,25 ,636 ,2 ,-1 ,0 ,1
3568 ,549 ,21 ,667 ,3 ,-1 ,0 ,2
46 ,1543 ,16 ,653 ,1 ,-1 ,0 ,2
5250 ,5861 ,2130 ,185 ,2 ,-1 ,0 ,2
57 ,3438 ,18 ,806 ,1 ,105 ,3 ,2
382 ,16071 ,30 ,7084 ,3 ,93 ,2 ,2
4428 ,1548 ,13 ,569 ,2 ,-1125 ,3642 ,1
5250 ,1006 ,9 ,1045 ,8 ,-1 ,3 ,2
3280 ,597 ,18 ,631 ,1 ,-1123 ,0 ,2
45 ,1013 ,13 ,687 ,2 ,-1125 ,0 ,1
47 ,944 ,17 ,578 ,7 ,95 ,0 ,2
382 ,1729 ,15 ,497 ,1 ,-1 ,4 ,2
2542 ,1528 ,19 ,154 ,464 ,-191 ,0 ,2
2672 ,0 ,28 ,1127 ,3 ,-1125 ,99 ,2
32 ,1346 ,15 ,873 ,10 ,-1125 ,0 ,2
40 ,1023 ,30 ,489 ,5 ,-1 ,901 ,2
452 ,491171 ,20 ,9 ,17 ,-1 ,3 ,1
45 ,2917 ,9 ,892 ,3 ,9101 ,1089 ,2
34 ,43782 ,12 ,697 ,4 ,-1 ,3 ,2
31 ,4780 ,13 ,127 ,2 ,-1 ,0 ,2
452 ,1063 ,0 ,159 ,2 ,9536 ,0 ,2
4601 ,17962 ,25 ,6 ,3 ,-1125 ,0 ,2
32 ,-9750 ,23 ,972 ,2 ,-190 ,807 ,2
48 ,577 ,28 ,185 ,1 ,-1 ,2658 ,2
53 ,187428 ,16 ,547 ,1 ,-1 ,0 ,2
3450 ,1530 ,23 ,696 ,1 ,-1125 ,0 ,2
5340 ,1601 ,2078 ,696 ,1 ,-1 ,0 ,2
2549 ,0 ,528 ,890 ,2 ,-1 ,0 ,2
36 ,482 ,15 ,391 ,9 ,-1128 ,0 ,1
42 ,896 ,1558 ,715 ,3 ,-1128 ,0 ,2
0 ,781 ,30 ,65 ,1 ,-1 ,0 ,2
608 ,12950 ,21 ,867 ,2 ,-1 ,1346 ,2
2568 ,8983 ,21 ,1060 ,2 ,-1 ,0 ,2
38 ,4744 ,22 ,622 ,3 ,-1125 ,0 ,2
3445 ,946 ,19 ,1015 ,1 ,-1 ,1073 ,2
25 ,638 ,9 ,1157 ,1 ,-1 ,2801 ,2
3250 ,0 ,18 ,0 ,2 ,-1128 ,0 ,1
382 ,4401 ,18 ,9 ,4 ,0 ,0 ,2
37 ,121219 ,3078 ,1402 ,2 ,-190 ,0 ,2
58 ,10763 ,29 ,696 ,2 ,-1125 ,0 ,2
4450 ,-869 ,28 ,855 ,1 ,-1 ,0 ,2
6468 ,2563 ,1146 ,762 ,2 ,-1125 ,0 ,1
7250 ,1210 ,27 ,654 ,1 ,-92 ,0 ,1
35 ,1553 ,29 ,0 ,4 ,-1128 ,0 ,2
4245 ,2047 ,2130 ,393 ,2 ,-1 ,0 ,2
36 ,568 ,7 ,942 ,1 ,-1 ,1361 ,2
3250 ,2791 ,3182 ,442 ,7 ,-1 ,2058 ,2
2952 ,696 ,21 ,704 ,4 ,-1 ,0 ,2
2668 ,1658 ,20 ,703 ,1 ,-1 ,473 ,2
25 ,2055 ,15 ,684 ,5 ,-1 ,0 ,2
363 ,905 ,23 ,635 ,3 ,92 ,0 ,2
0 ,827 ,1535 ,81 ,1 ,-1125 ,0 ,1
4400 ,1402 ,1604 ,951 ,7 ,-1125 ,673 ,2
46 ,24962 ,18 ,397 ,2 ,-1 ,0 ,1
452 ,1111 ,2069 ,1344 ,1 ,-1 ,1 ,2
0 ,391762 ,3042 ,673 ,0 ,-1 ,0 ,2
2672 ,1402 ,16 ,796 ,1 ,17568 ,564 ,2
362 ,1113 ,674 ,14099 ,3 ,-1123 ,479 ,2
4150 ,3619 ,24 ,657 ,2 ,-1123 ,1704 ,2
27 ,881 ,1561 ,719 ,1 ,-190 ,0 ,2
362 ,2869 ,5 ,466 ,1 ,-1 ,0 ,1
3740 ,-1120 ,6 ,944 ,14 ,91 ,2130 ,2
0 ,2761 ,18 ,890 ,4 ,178 ,2 ,2
54 ,6962 ,16 ,7 ,4 ,-1125 ,0 ,2
39466 ,549 ,431 ,904 ,6 ,-1 ,0 ,2
4250 ,3439 ,16 ,14 ,1 ,-1125 ,3 ,1
3750 ,1179 ,22 ,769 ,3 ,-1 ,1058 ,1
3300 ,0 ,9 ,574 ,2 ,-1 ,0 ,1
0 ,1019 ,18 ,518 ,4 ,-1123 ,0 ,2
2765 ,0 ,825 ,657 ,1 ,9467 ,2130 ,2
4042 ,1366 ,27 ,828 ,1 ,-1125 ,0 ,2
3466 ,113484 ,0 ,875 ,1 ,-1123 ,704 ,2
3750 ,2839 ,7 ,495 ,574 ,-1 ,3 ,2
47 ,1523 ,22 ,6857 ,2 ,-117 ,0 ,2
4260 ,25862 ,14 ,592 ,4 ,-1 ,3 ,1
0 ,1601 ,14 ,394 ,2 ,-1 ,0 ,2
4130 ,3617 ,15 ,144 ,7 ,-1 ,0 ,1
3940 ,53601 ,29 ,13567 ,0 ,185 ,0 ,2
3700 ,12042 ,17 ,891 ,2 ,9567 ,0 ,1
42 ,2869 ,29 ,972 ,6 ,-1 ,0 ,1
35 ,1511 ,4 ,1506 ,1 ,-1128 ,0 ,2
3350 ,1740 ,2666 ,672 ,2 ,-1 ,1 ,2
3700 ,1590 ,3150 ,645 ,1 ,0 ,0 ,2
6042 ,568 ,24 ,496 ,1 ,9250 ,1 ,2
42 ,-961 ,17 ,0 ,8 ,-1125 ,0 ,2
3552 ,72585 ,2062 ,661 ,1 ,-103 ,0 ,2
4817 ,1326 ,761 ,1204 ,4 ,-1 ,0 ,2
29 ,49041182 ,7 ,554 ,1 ,-1125 ,0 ,2
58 ,1527 ,1768 ,1152 ,4 ,-1 ,0 ,2
506 ,3525 ,8 ,661 ,5 ,-1125 ,0 ,2
4260 ,2554 ,16 ,636 ,1 ,92 ,1174 ,2
0 ,765 ,18 ,125 ,0 ,-1125 ,1961 ,2
3061 ,639 ,17 ,1112 ,0 ,-1 ,0 ,2
35 ,-287 ,14 ,658 ,2 ,0 ,0 ,1
37 ,43750 ,1162 ,945 ,1 ,-1 ,0 ,2
4434 ,469 ,1561 ,0 ,2 ,104 ,801 ,2
42 ,1457 ,1962 ,152 ,6 ,-2187 ,0 ,2
2968 ,8994 ,19 ,1176 ,1 ,483 ,0 ,2
5543 ,8897 ,3041 ,268 ,3 ,-1128 ,1374 ,1
6130 ,43717 ,13 ,548 ,1 ,-1125 ,0 ,2
3940 ,867 ,2423 ,718 ,1 ,477 ,572 ,2
58 ,13884 ,14 ,691 ,1 ,-1 ,0 ,1
0 ,557 ,29 ,696 ,1 ,-1125 ,707 ,2
6437 ,1474 ,26 ,981 ,3 ,-1 ,768 ,2
5968 ,1343 ,6 ,862 ,3 ,-1 ,974 ,2
453 ,381 ,3 ,738 ,1 ,-1 ,0 ,2
59 ,1584 ,18 ,484 ,3 ,-1 ,0 ,1
39 ,1295 ,20 ,651 ,2 ,48735 ,0 ,1
54 ,3929 ,18 ,976 ,4 ,127 ,0 ,2
5872 ,2739 ,19 ,139 ,2 ,-1 ,0 ,2
58 ,1433 ,1081 ,561 ,1 ,-1 ,0 ,2
5942 ,7763 ,19 ,104 ,3 ,-1 ,0 ,1
3400 ,0 ,545 ,176 ,9 ,39467 ,2401 ,2
4745 ,563 ,30 ,125 ,1 ,-1123 ,1 ,2
26 ,2904 ,21 ,533 ,3 ,-1 ,0 ,2
4401 ,0 ,7 ,735 ,3 ,-1128 ,0 ,1
39 ,581 ,26 ,636 ,2 ,-1125 ,1 ,2
5101 ,56799 ,17 ,689 ,3 ,-1 ,0 ,2
2676 ,10892 ,1561 ,1649 ,5 ,-1125 ,0 ,2
4250 ,-395 ,15 ,696 ,1 ,-1 ,0 ,2
56 ,881 ,11 ,536 ,3 ,182 ,1 ,2
2758 ,9881 ,19 ,549 ,1 ,-190 ,0 ,2
5601 ,3290 ,1130 ,653 ,4 ,-187 ,0 ,1
0 ,1592 ,3 ,1074 ,12 ,-1 ,0 ,2
52 ,3937 ,1701 ,1017 ,2 ,-1 ,0 ,2
0 ,1442 ,20 ,106 ,1 ,-1 ,906 ,2
3400 ,0 ,5 ,664 ,17 ,185 ,1228 ,1
5445 ,992 ,18 ,176 ,7 ,-1128 ,699 ,1
362 ,2573 ,3150 ,474 ,2 ,-1125 ,3 ,2
35 ,2579 ,12 ,567 ,2 ,-1125 ,0 ,2
6345 ,1665 ,18 ,1330 ,1 ,-1125 ,0 ,1
4040 ,973 ,10 ,1449 ,2 ,-1 ,0 ,2
29 ,6945 ,30 ,575 ,10 ,184 ,991 ,2
41 ,1755 ,19 ,592 ,3 ,-1128 ,0 ,2
5946 ,5731 ,2078 ,394 ,1 ,-1128 ,0 ,2
4089 ,2160 ,29 ,1653 ,0 ,-1 ,773 ,2
0 ,473 ,18 ,848 ,1 ,-1125 ,0 ,2
55 ,0 ,18 ,464 ,1 ,-1125 ,0 ,1
46 ,2046 ,973 ,861 ,1 ,371 ,793 ,1
0 ,1958 ,2023 ,1503 ,1 ,-1125 ,0 ,2
4538 ,3354 ,1529 ,687 ,2 ,183 ,0 ,1
3350 ,-346 ,18 ,4894 ,2 ,185 ,0 ,2
0 ,-733 ,12 ,394 ,1 ,-1 ,0 ,2
73 ,-3991 ,9 ,622 ,4 ,-1 ,0 ,2
4280 ,4521 ,25 ,138 ,3 ,-1 ,1 ,2
394 ,4401 ,2150 ,863 ,15 ,-1 ,958 ,2
28 ,1488 ,473 ,1216 ,1 ,-1125 ,0 ,2
3467 ,2563 ,28 ,1549 ,1 ,-1125 ,0 ,2
5645 ,815 ,19 ,477 ,1 ,-1125 ,0 ,2
453 ,0 ,1667 ,0 ,2 ,-1125 ,0 ,2
54 ,7962 ,15 ,573 ,1 ,-1125 ,3 ,2
60 ,1257 ,1769 ,507 ,0 ,-1128 ,0 ,2
4700 ,0 ,2150 ,15 ,3 ,-1128 ,0 ,2
45 ,1539 ,28 ,577 ,1 ,181 ,474 ,2
32 ,494 ,15 ,14 ,3 ,-1 ,0 ,1
3301 ,1252 ,5 ,5961 ,2 ,-1128 ,0 ,2
452 ,14063 ,830 ,796 ,2 ,-1 ,3 ,1
39 ,519 ,1467 ,139 ,9 ,-1128 ,0 ,2
2351 ,2697 ,827 ,507 ,1 ,-491 ,0 ,2
2672 ,0 ,14 ,1134 ,17 ,18336 ,718 ,2
5942 ,2488 ,1571 ,596 ,4 ,-1 ,0 ,2
3400 ,1465 ,3 ,654 ,8 ,-1125 ,0 ,2
54 ,3271 ,1703 ,543 ,2 ,-1 ,0 ,2
5130 ,-1194 ,28 ,567 ,1 ,188 ,0 ,2
4230 ,1861 ,567 ,905 ,0 ,-1 ,0 ,1
68 ,362 ,14 ,684 ,3 ,-1128 ,0 ,2
2946 ,100 ,7 ,158 ,3 ,-1 ,0 ,2
6250 ,6411 ,30 ,659 ,2 ,-1125 ,0 ,2
56 ,5417 ,17 ,705 ,3 ,0 ,5962 ,2
2761 ,1130 ,1366 ,905 ,1 ,-1 ,0 ,2
39 ,665 ,19 ,590 ,7 ,-1125 ,0 ,1
2666 ,3570 ,19 ,437 ,9 ,18150 ,8763 ,2
4250 ,8793 ,1461 ,1505 ,1 ,-103 ,0 ,2
5780 ,1615 ,30 ,1389 ,8 ,-190 ,0 ,2
5150 ,456 ,29 ,865 ,2 ,-1 ,704 ,2
3061 ,2965 ,18 ,855 ,1 ,-1125 ,1066 ,2
362 ,1692 ,30 ,787 ,1 ,-1 ,0 ,2
3466 ,697 ,24 ,164 ,2 ,-1125 ,774 ,2
5100 ,854 ,6 ,149 ,5 ,-1 ,3 ,2
39 ,705 ,21 ,631 ,3 ,-1 ,0 ,1
28 ,0 ,6 ,464 ,3 ,182 ,1343 ,2
2833 ,6072 ,2 ,1661 ,8 ,-1125 ,0 ,2
5542 ,578 ,6 ,1533 ,3 ,-1125 ,0 ,2
43 ,2448 ,12 ,7150 ,1 ,0 ,0 ,2
34 ,2442 ,15 ,572 ,1 ,0 ,0 ,2
3140 ,9 ,19 ,591 ,2 ,95 ,3 ,2
58 ,1541 ,13 ,582 ,3 ,-397 ,0 ,2
34 ,1009 ,20 ,723 ,1 ,-1 ,0 ,2
0 ,5748 ,29 ,572 ,1 ,-1 ,0 ,2
3340 ,661 ,19 ,467 ,9 ,184 ,558 ,2
4344 ,4762 ,22 ,687 ,1 ,9567 ,704 ,2
3260 ,957 ,22 ,762 ,2 ,-1128 ,0 ,2
4633 ,2583 ,461 ,943 ,3 ,-1 ,0 ,2
41 ,1741 ,28 ,589 ,5 ,-1 ,991 ,2
5636 ,981 ,29 ,845 ,3 ,-1125 ,1078 ,2
53 ,1743 ,20 ,150 ,3 ,-1 ,1201 ,2
4750 ,-944 ,19 ,391 ,2 ,-1 ,1 ,2
5550 ,3375 ,9 ,1008 ,1 ,-1125 ,1 ,2
4280 ,1603 ,7 ,523 ,15 ,-1125 ,604 ,1
6749 ,34 ,25 ,558 ,9 ,-1128 ,0 ,1
37 ,1624 ,935 ,692 ,3 ,92 ,1740 ,1
31 ,3701 ,27 ,506 ,2 ,9635 ,0 ,2
2957 ,883 ,962 ,518 ,4 ,-1125 ,0 ,2
2752 ,5894 ,1061 ,1019 ,2 ,-1125 ,0 ,2
483 ,703 ,22 ,581 ,1 ,-1 ,2372 ,1
2667 ,1612 ,29 ,1075 ,3 ,-1 ,0 ,1
2958 ,-3850 ,24 ,0 ,1 ,-1 ,0 ,2
3468 ,201 ,16 ,78 ,2 ,-1125 ,0 ,2
4400 ,397 ,26 ,476 ,7 ,-1 ,0 ,2
4633 ,7052 ,3 ,1012 ,1 ,92 ,0 ,1
0 ,1349 ,7 ,577 ,8 ,-1 ,0 ,2
394 ,825 ,22 ,665 ,1 ,-1125 ,0 ,2
38 ,12 ,13 ,961 ,8 ,-1128 ,0 ,2
56 ,290156 ,23 ,1132 ,2 ,-1 ,0 ,2
5130 ,733 ,14 ,0 ,2 ,-1 ,0 ,2
4630 ,2368 ,6 ,204 ,4 ,100 ,1398 ,1
6150 ,6962 ,1360 ,166 ,2 ,-1125 ,0 ,1
33 ,16081 ,18 ,1045 ,0 ,-190 ,0 ,2
48 ,1187 ,3150 ,215 ,7 ,-1 ,674 ,2
4435 ,1555 ,0 ,481 ,1 ,-1 ,1 ,2
5770 ,508 ,30 ,735 ,3 ,-9700 ,0 ,2
394 ,3639 ,1265 ,830 ,1 ,297 ,0 ,2
31 ,3501 ,2150 ,394 ,4 ,-1 ,0 ,2
5950 ,2668 ,8 ,543 ,9 ,-1 ,1081 ,1
0 ,0 ,18 ,857 ,1 ,-1120 ,0 ,2
0 ,-11 ,3150 ,158 ,0 ,-1125 ,0 ,2
6399 ,-4632 ,2037 ,654 ,1 ,1009 ,459 ,2
61 ,1458 ,29 ,763 ,1 ,9201 ,0 ,2
51 ,2372 ,31 ,466 ,2 ,-1125 ,0 ,2
487 ,675 ,20 ,691 ,1 ,9250 ,473 ,2
3250 ,0 ,29 ,483 ,5 ,-1125 ,0 ,2
3544 ,1304 ,13 ,517 ,8 ,-1125 ,0 ,2
48 ,7791 ,9 ,144 ,3 ,-1 ,699 ,2
0 ,10654 ,16 ,1019 ,2 ,-103 ,0 ,2
2672 ,863 ,29 ,1046 ,1 ,-1 ,0 ,2
0 ,2461 ,9 ,12073 ,1 ,-1 ,0 ,2
59 ,-228 ,21 ,661 ,2 ,-1 ,0 ,1
382 ,16962 ,13 ,268 ,6 ,-1125 ,0 ,2
6150 ,1779 ,2130 ,549 ,2 ,-1 ,0 ,2
0 ,8901 ,532 ,187 ,3 ,361 ,2 ,2
0 ,1876 ,16 ,730 ,3 ,-1 ,0 ,2
2850 ,14962 ,22 ,507 ,3 ,92 ,0 ,2
2867 ,10761 ,19 ,397 ,1 ,-1125 ,0 ,2
33 ,23962 ,26 ,893 ,5 ,-1125 ,0 ,1
40 ,538 ,3042 ,185 ,6 ,-3131 ,0 ,1
2265 ,-401 ,19 ,984 ,2 ,-1 ,0 ,2
7466 ,5903 ,21 ,961 ,3 ,-1 ,0 ,2
3250 ,3322 ,2948 ,854 ,3 ,-1128 ,0 ,2
33 ,830762 ,16 ,77 ,3 ,-1 ,0 ,2
29 ,1858 ,572 ,1654 ,1 ,-1125 ,0 ,2
34 ,481 ,27 ,532 ,11 ,-1 ,958 ,2
51 ,1753 ,30 ,1091 ,7 ,-1 ,0 ,2
0 ,0 ,12 ,1305 ,0 ,183 ,0 ,1
36 ,23761 ,29 ,158 ,3 ,-2187 ,0 ,2
44 ,2423 ,13 ,12 ,4 ,-1125 ,0 ,1
394 ,7761 ,16 ,983 ,3 ,-1 ,598 ,2
3540 ,2441 ,28 ,9 ,7 ,-1 ,0 ,2
0 ,732 ,17 ,181 ,3 ,0 ,0 ,2
2952 ,3140 ,6 ,818 ,1 ,-1 ,0 ,2
35 ,16052 ,29 ,661 ,3 ,-1123 ,0 ,1
362 ,1027 ,28 ,542 ,1 ,9801 ,0 ,2
2758 ,6865 ,18 ,393 ,1 ,-1128 ,0 ,2
4430 ,0 ,29 ,1140 ,3 ,19399 ,473 ,2
55 ,1853 ,19 ,948 ,1 ,-1125 ,0 ,1
5741 ,1454 ,21 ,549 ,1 ,-1125 ,0 ,1
34 ,57978 ,19 ,696 ,1 ,-1125 ,1 ,2
453 ,1243 ,14 ,585 ,1 ,-1 ,0 ,2
394 ,1082 ,22 ,665 ,1 ,-1125 ,0 ,2
58 ,97411 ,21 ,528 ,1 ,-1 ,1842 ,2
3053 ,5074 ,15 ,517 ,1 ,-1 ,3642 ,2
4250 ,1044 ,2567 ,565 ,1 ,-1125 ,0 ,2
32 ,8051 ,25 ,446 ,7 ,-1125 ,0 ,2
31 ,6917 ,17 ,689 ,1 ,88 ,958 ,2
452 ,459 ,29 ,185 ,1 ,-1 ,0 ,1
27 ,1257 ,30 ,110 ,1 ,-1 ,0 ,2
3300 ,562 ,21 ,1469 ,4 ,-103 ,2801 ,2
39466 ,2930 ,13 ,563 ,1 ,-1125 ,1 ,2
7769 ,0 ,16 ,904 ,1 ,-1128 ,0 ,2
47 ,1019 ,3 ,1328 ,1 ,0 ,1 ,2
0 ,-4758 ,28 ,989 ,0 ,-1 ,0 ,1
39 ,2557 ,1329 ,138 ,1 ,-1 ,0 ,2
362 ,1533 ,23 ,447 ,2 ,-1 ,0 ,1
5150 ,-13 ,24 ,175 ,3 ,-1 ,802 ,2
0 ,3631 ,15 ,1263 ,0 ,5700 ,0 ,2
49 ,2639 ,23 ,0 ,3 ,-1128 ,0 ,2
2775 ,4822 ,30 ,676 ,1 ,-1125 ,0 ,2
5750 ,1743 ,25 ,138 ,0 ,-1128 ,0 ,1
3750 ,4051 ,2048 ,973 ,2 ,-1 ,0 ,1
0 ,7891 ,23 ,483 ,2 ,-115 ,0 ,2
3345 ,153620 ,18 ,124 ,1 ,-103 ,1 ,2
42 ,1143 ,21 ,577 ,7 ,87 ,958 ,2
3250 ,0 ,2374 ,7054 ,1 ,182 ,478 ,1
362 ,4300 ,18 ,567 ,1 ,-1125 ,376 ,1
3400 ,571 ,7 ,935 ,2 ,-1125 ,0 ,2
25 ,4473384 ,30 ,1404 ,1 ,-1 ,0 ,2
362 ,5793 ,23 ,1402 ,1 ,-1 ,3696 ,2
54 ,1023 ,28 ,674 ,15 ,-1125 ,0 ,2
4467 ,1562 ,21 ,477 ,1 ,-1128 ,0 ,2
4700 ,3158 ,28 ,661 ,2 ,9301 ,472 ,2
0 ,2089 ,26 ,990 ,5 ,0 ,0 ,1
5742 ,1781 ,6 ,219 ,2 ,-1125 ,0 ,2
362 ,797 ,461 ,394 ,1 ,-1 ,0 ,2
0 ,562 ,1492 ,7861 ,2 ,0 ,0 ,1
27 ,162578 ,25 ,563 ,1 ,-1 ,0 ,2
5345 ,1533 ,0 ,651 ,7 ,-1 ,0 ,2
3399 ,1203 ,1041 ,109 ,2 ,-1125 ,0 ,1
48 ,49081 ,0 ,665 ,2 ,-1125 ,0 ,2
362 ,781 ,19 ,564 ,1 ,-1 ,0 ,1
2542 ,1739 ,22 ,590 ,1 ,-1 ,476 ,2
4300 ,14074 ,28 ,635 ,1 ,-1128 ,469 ,2
42 ,3724 ,1166 ,494 ,476 ,-1125 ,904 ,2
2346 ,25791 ,28 ,904 ,1 ,-1 ,1803 ,2
38 ,843 ,30 ,6969 ,3 ,-1 ,0 ,2
43 ,152390 ,7 ,1461 ,2 ,-1 ,0 ,2
48 ,857 ,1469 ,941 ,1 ,-1 ,0 ,2
4343 ,2087 ,21 ,836 ,1 ,-1128 ,0 ,2
5536 ,903 ,14 ,823 ,1 ,-1 ,0 ,2
3250 ,830 ,25 ,667 ,7 ,-1128 ,0 ,1
49 ,1690 ,17 ,109 ,6 ,-1125 ,0 ,2
3300 ,-4843 ,17 ,139 ,4 ,-1125 ,1 ,1
34 ,1283 ,1546 ,183 ,4 ,12401 ,2 ,1
0 ,1084 ,3 ,538 ,9 ,-150 ,0 ,2
4633 ,1435 ,24 ,692 ,1 ,-1 ,0 ,2
7848 ,692 ,2389 ,134 ,2 ,9601 ,962 ,2
0 ,679 ,20 ,1322 ,1 ,-1128 ,0 ,2
3740 ,33 ,1471 ,518 ,1135 ,-1 ,0 ,2
394 ,0 ,18 ,6835 ,2 ,-1128 ,0 ,2
34 ,5891 ,1471 ,673 ,1 ,-1125 ,4 ,2
3350 ,4727 ,7 ,124 ,1 ,-1128 ,1374 ,2
2742 ,943 ,29 ,13 ,2 ,-1 ,0 ,2
2376 ,533 ,19 ,1566 ,4 ,-1 ,1 ,2
54 ,36 ,21 ,636 ,1 ,-1 ,0 ,2
4280 ,-4740 ,6 ,565 ,2 ,-1128 ,0 ,2
26 ,2485 ,18 ,4762 ,1 ,181 ,0 ,2
0 ,0 ,2729 ,144 ,2 ,-1 ,0 ,1
3300 ,5984 ,15 ,991 ,3 ,-1 ,2701 ,1
362 ,-96 ,20 ,857 ,3 ,-103 ,0 ,2
5824 ,676 ,2150 ,716 ,1 ,-1 ,558 ,2
54 ,4881 ,569 ,925 ,1 ,-51 ,0 ,1
3368 ,554 ,30 ,633 ,1 ,-1 ,0 ,2
3468 ,890 ,15 ,928 ,1 ,-1123 ,0 ,2
43 ,930 ,14 ,653 ,1 ,-1 ,3 ,2
60 ,1017 ,26 ,394 ,1 ,-1 ,0 ,2
7324 ,4791 ,718 ,150 ,12 ,-1125 ,906 ,2
28 ,71865 ,21 ,9 ,1 ,-1 ,0 ,2
482 ,27963 ,22 ,691 ,3 ,-1 ,0 ,2
5946 ,3545 ,1874 ,1244 ,4 ,-1 ,0 ,2
4437 ,-346 ,761 ,527 ,1 ,-1 ,0 ,1
394 ,1289 ,461 ,957 ,2 ,-1128 ,0 ,2
2672 ,687 ,23 ,532 ,8 ,-1125 ,473 ,2
4280 ,565 ,3 ,0 ,4 ,-2 ,0 ,2
3700 ,467 ,16 ,12078 ,2 ,-1125 ,604 ,2
37 ,1034 ,1346 ,4963 ,1 ,9301 ,0 ,2
53 ,2776 ,17 ,567 ,3 ,-1125 ,0 ,2
54 ,12077 ,17 ,12475 ,2 ,0 ,766 ,2
0 ,1529 ,7 ,585 ,2 ,-1 ,10 ,2
2752 ,7881 ,14 ,473 ,6 ,0 ,0 ,2
362 ,3441 ,1442 ,557 ,1 ,-1125 ,1396 ,1
3068 ,0 ,28 ,533 ,2 ,-1 ,0 ,1
27 ,14962 ,7 ,581 ,15 ,-1 ,1058 ,1
4300 ,1701 ,528 ,967 ,1 ,-1125 ,2372 ,2
5961 ,1662 ,12 ,1482 ,1 ,-1128 ,2768 ,2
2769 ,1655 ,14 ,461 ,8 ,0 ,1101 ,2
5848 ,20762 ,14 ,812 ,4 ,-1 ,0 ,1
38 ,2563 ,18 ,590 ,1396 ,-1 ,3642 ,2
29 ,1453 ,17 ,474 ,2 ,-1128 ,0 ,2
394 ,2697 ,18 ,446 ,1 ,182 ,1464 ,2
5835 ,5 ,1961 ,1127 ,4 ,-1123 ,0 ,2
4150 ,1111 ,19 ,1008 ,1 ,-1125 ,0 ,2
49 ,0 ,12 ,1410 ,6 ,92 ,469 ,2
50868 ,0 ,19 ,761 ,1 ,-1125 ,0 ,2
4437 ,1170 ,20 ,538 ,7 ,-1 ,0 ,1
494 ,851 ,21 ,536 ,1 ,0 ,0 ,2
5350 ,-39 ,18 ,155 ,2 ,-1 ,0 ,1
346742 ,1388 ,462 ,196 ,1 ,-1 ,0 ,1
0 ,1019 ,14 ,567 ,0 ,182 ,0 ,2
494 ,0 ,20 ,596 ,2 ,-52 ,0 ,1
28 ,3839 ,495 ,139 ,665 ,-1 ,0 ,2
4633 ,362 ,19 ,722 ,5 ,183 ,851 ,1
2567 ,2399 ,2641 ,138 ,3 ,-1 ,0 ,1
394 ,1488 ,26 ,117 ,3 ,183 ,0 ,1
362 ,0 ,799 ,149 ,2 ,-1128 ,0 ,2
0 ,7894 ,19 ,6862 ,0 ,9399 ,0 ,2
3250 ,595 ,9 ,1503 ,10 ,-1 ,0 ,2
5942 ,875 ,22 ,991 ,1 ,182 ,2 ,1
4250 ,1117 ,13 ,144 ,442 ,-103 ,0 ,1
52 ,3380 ,16 ,1038 ,4 ,-1125 ,1 ,2
363 ,2672 ,15 ,846 ,1 ,0 ,1758 ,2
5876 ,4761 ,25 ,696 ,1 ,-1 ,0 ,2
33 ,4696 ,0 ,951 ,1 ,9401 ,3686 ,2
34 ,2369 ,14 ,1161 ,3 ,-92 ,618 ,2
3440 ,1907 ,30 ,631 ,0 ,175 ,466 ,2
4300 ,788 ,28 ,543 ,1 ,196 ,0 ,2
2770 ,7901 ,18 ,448 ,10 ,-1 ,0 ,2
494 ,2671 ,20 ,775 ,1 ,-1 ,0 ,2
37 ,4741182 ,1601 ,541 ,1 ,-1 ,3 ,2
0 ,1552 ,14 ,1187 ,1 ,-103 ,0 ,2
37 ,2558 ,19 ,1473 ,1 ,-1 ,3 ,2
50 ,1652 ,22 ,744 ,1 ,91 ,676 ,2
2968 ,117419 ,2130 ,454 ,1 ,-1128 ,0 ,2
3399 ,0 ,16 ,176 ,1 ,-1 ,0 ,2
55 ,1774 ,2772 ,78 ,1 ,-1 ,0 ,2
3250 ,3068 ,13 ,934 ,624 ,-1 ,0 ,2
3633 ,-1 ,431 ,78 ,1 ,-1 ,0 ,2
33 ,1599 ,26 ,692 ,2 ,92 ,3 ,2
362 ,2968 ,24 ,565 ,4 ,-92 ,0 ,1
4340 ,393 ,20 ,781 ,1 ,-1 ,0 ,2
29 ,2879 ,21 ,582 ,3 ,-1 ,0 ,2
33 ,1137 ,732 ,686 ,4 ,-1125 ,4 ,2
482 ,1399 ,2150 ,124 ,1 ,-1 ,0 ,2
4650 ,689 ,18 ,781 ,2 ,-1 ,3 ,2
3540 ,3029 ,3101 ,707 ,2 ,-1128 ,0 ,2
3043 ,6074 ,27 ,576 ,4 ,-1 ,0 ,2
3562 ,3895 ,20 ,689 ,1 ,-1125 ,0 ,2
35 ,1602 ,2101 ,1057 ,4 ,18280 ,590 ,2
39 ,1055 ,19 ,484 ,2 ,-1 ,0 ,2
5130 ,2085 ,23 ,176 ,2 ,-1 ,0 ,1
0 ,117464 ,18 ,573 ,2 ,-1128 ,0 ,2
4370 ,-260 ,23 ,181 ,4 ,-1 ,0 ,2
3150 ,559 ,2345 ,758 ,1 ,9567 ,0 ,2
4350 ,3768 ,2667 ,166 ,2 ,-1 ,0 ,2
497 ,1328 ,21 ,139 ,2 ,89 ,472 ,2
3466 ,1365 ,31 ,563 ,46101 ,-1 ,908 ,2
2903 ,3696 ,20 ,582 ,1 ,287 ,902 ,2
3542 ,6091 ,14 ,134 ,1 ,-1128 ,761 ,2
4300 ,735 ,2049 ,1207 ,2 ,-1 ,0 ,2
28 ,1114 ,18 ,519 ,3 ,-1125 ,0 ,2
0 ,3857 ,17 ,0 ,4 ,-2 ,0 ,2
507 ,1121 ,21 ,542 ,2 ,-119 ,0 ,1
5745 ,894 ,13 ,234 ,1 ,-1125 ,0 ,2
5130 ,2949 ,18 ,149 ,3 ,-1125 ,0 ,2
4344 ,361195 ,2935 ,572 ,6 ,-1 ,0 ,2
482 ,1081 ,974 ,164 ,1 ,-1128 ,0 ,2
0 ,838 ,17 ,506 ,1 ,-1125 ,0 ,2
382 ,393 ,561 ,449 ,2 ,-1128 ,0 ,2
34 ,1199 ,12 ,182 ,2 ,-1125 ,0 ,2
46 ,1082 ,11 ,851 ,3 ,-1128 ,30 ,2
382 ,3570 ,1719 ,81 ,5 ,-1 ,0 ,2
3350 ,4968 ,22 ,546 ,9 ,-1 ,2058 ,2
28 ,0 ,17 ,788 ,2 ,-1123 ,972 ,2
3542 ,482 ,14 ,864 ,22 ,9399 ,498 ,2
4542 ,2592 ,21 ,539 ,1 ,97 ,473 ,1
2572 ,743 ,1701 ,674 ,1 ,-1128 ,1 ,1
2961 ,-308 ,1537 ,144 ,4 ,9599 ,748 ,2
2672 ,775 ,21 ,668 ,2 ,-9250 ,0 ,2
3150 ,393 ,2 ,1236 ,1184 ,-1 ,0 ,2
35 ,1654 ,18 ,469 ,2 ,-1 ,805 ,2
49 ,2549 ,26 ,818 ,2 ,9250 ,557 ,2
604 ,18074 ,2061 ,843 ,1 ,-1 ,0 ,1
4260 ,661 ,2044 ,587 ,1 ,-1123 ,0 ,2
3300 ,3601 ,15 ,788 ,1 ,-1125 ,905 ,2
31 ,5794 ,27 ,81 ,1 ,9567 ,0 ,2
34 ,754 ,20 ,546 ,1 ,-95 ,1073 ,2
3150 ,1374 ,29 ,496 ,1 ,-1 ,0 ,2
3068 ,1087 ,20 ,553 ,1 ,-1 ,3 ,2
4150 ,0 ,953 ,536 ,3 ,91 ,1 ,2
4050 ,7042 ,26 ,531 ,1 ,-1 ,0 ,0
4630 ,6464 ,1369 ,785 ,2 ,-1 ,3 ,2
602 ,5887 ,30 ,1343 ,1 ,184 ,1168 ,2
33 ,659 ,1523 ,536 ,1 ,87 ,1101 ,1
3300 ,2546 ,21 ,10 ,571 ,182 ,0 ,2
33 ,2044 ,12 ,1503 ,2 ,93 ,472 ,2
41 ,2748 ,707 ,984 ,3 ,-1 ,0 ,2
5745 ,592 ,1601 ,624 ,1 ,92 ,3 ,2
3370 ,2363 ,18 ,584 ,1 ,-1 ,0 ,2
4466 ,558 ,973 ,819 ,1 ,-1 ,0 ,2
2665 ,2753 ,972 ,1092 ,4 ,-190 ,1 ,2
3150 ,854 ,28 ,472 ,10 ,-1125 ,801 ,2
59 ,14064 ,20 ,1765 ,2 ,9250 ,1172 ,2
0 ,1371 ,11 ,1562 ,2 ,-1 ,576 ,2
4089 ,2787 ,2150 ,828 ,1 ,-1125 ,0 ,2
494 ,1357 ,18 ,1201 ,3 ,-1 ,804 ,2
39 ,2595 ,27 ,843 ,1 ,-1 ,0 ,2
6345 ,3623 ,29 ,1429 ,13 ,-1 ,0 ,1
382 ,2473 ,561 ,1004 ,1 ,-1128 ,0 ,2
4700 ,2123 ,21 ,176 ,3 ,-1125 ,1 ,2
33 ,1873 ,15 ,562 ,1 ,-1128 ,0 ,2
5948 ,1794 ,31 ,523 ,1 ,-1125 ,0 ,2
3250 ,1012 ,1562 ,679 ,1 ,0 ,0 ,2
48 ,8762 ,21 ,561 ,1 ,-1125 ,0 ,2
0 ,96878 ,26 ,935 ,1 ,-1 ,0 ,2
5968 ,65464 ,30 ,8 ,4 ,107 ,0 ,2
43 ,1395 ,31 ,1166 ,8 ,9250 ,558 ,2
42 ,2393 ,3 ,962 ,2 ,-1 ,0 ,1
3061 ,2952 ,18 ,967 ,1 ,-1125 ,0 ,2
508 ,1674 ,21 ,158 ,5 ,-1 ,0 ,2
3548 ,-287 ,23 ,88 ,1 ,-1128 ,851 ,2
3350 ,3447 ,28 ,1366 ,3 ,-1 ,572 ,2
48 ,1717 ,0 ,561 ,4 ,-1 ,3642 ,2
53 ,5022 ,15 ,1242 ,662 ,-1120 ,0 ,1
5846 ,764 ,30 ,990 ,1 ,-1125 ,1389 ,1
4150 ,3301 ,22 ,473 ,1 ,-2190 ,0 ,2
5744 ,5027 ,14 ,1328 ,1 ,-1125 ,0 ,2
23 ,942 ,21 ,559 ,1 ,18437 ,0 ,2
0 ,4861 ,2072 ,1484 ,2 ,0 ,0 ,1
