synindex,price_above_median,MedInc,HouseAge,AveRooms,AveBedrms,Population,AveOccup,Latitude,Longitude
0,0,4.1042,35,5.001865671641791,0.9477611940298508,1580,2.9477611940298507,37.69,-122.12
1,0,1.3571,21,2.8147138964577656,1.0190735694822888,2548,3.4713896457765667,38.56,-121.42
2,0,3.0167,39,4.087234042553192,1.0276595744680852,2286,4.863829787234042,33.93,-118.22
3,0,2.9083,32,5.586056644880174,1.1176470588235294,1198,2.610021786492375,37.8,-120.99
4,0,2.9688,22,5.987261146496815,1.1464968152866242,743,2.3662420382165603,41.68,-123.91
5,0,3.1513,10,6.096470588235294,1.143529411764706,1255,2.9529411764705884,33.71,-117.34
6,0,2.4464,25,5.803951367781155,1.0668693009118542,1983,3.013677811550152,39.23,-121.83
7,0,1.4767,16,5.504983388704319,1.2956810631229236,572,1.9003322259136213,38.93,-122.6
8,0,1.875,38,4.65625,0.95,721,4.50625,33.91,-118.24
9,0,3.07,39,4.28,1.001904761904762,1670,3.1809523809523808,33.85,-118.17
10,0,2.4412,30,5.441025641025641,1.1794871794871795,851,4.364102564102564,37.92,-121.28
11,0,2.2167,18,3.782467532467532,1.0844155844155845,1119,3.633116883116883,36.01,-120.12
12,0,3.3333,41,3.422222222222222,1.0888888888888888,814,4.522222222222222,34.05,-118.18
13,0,3.3553,7,5.229213483146068,1.101123595505618,1304,2.9303370786516854,32.7,-117.01
14,0,3.809,7,5.840938722294655,1.0117340286831813,2271,2.960886571056063,39.16,-121.62
15,1,6.7977,33,7.1945205479452055,1.0410958904109588,2041,2.795890410958904,34.18,-118.63
16,1,5.128,29,3.932471264367816,1.160919540229885,1157,1.6623563218390804,33.97,-118.5
17,1,3.1742,20,4.228710462287105,1.2384428223844282,1403,3.413625304136253,33.71,-117.88
18,1,10.3983,31,7.888888888888889,1.2006172839506173,1530,2.361111111111111,33.49,-117.73
19,1,6.0308,38,5.857777777777778,1.0533333333333332,547,2.431111111111111,33.82,-118.38
20,1,4.2685,38,5.835051546391752,1.1855670103092784,1124,2.8969072164948453,34.26,-118.31
21,1,2.85,38,3.793478260869565,0.9934782608695653,1547,3.3630434782608694,34.09,-118.14
22,1,6.7247,24,6.803030303030303,1.009469696969697,1683,3.1875,34.45,-119.82
23,1,2.9125,28,3.748159057437408,1.1075110456553756,1548,2.279823269513991,34.02,-118.49
24,1,4.8611,35,7.15748031496063,1.4488188976377954,682,2.6850393700787403,37.09,-122.02
25,1,4.7159,36,5.613138686131387,1.0364963503649636,498,3.6350364963503647,33.89,-118.1
26,1,5.8362,32,6.511029411764706,1.088235294117647,995,3.6580882352941178,33.77,-118.01
27,1,3.8274,52,5.341959334565619,1.055452865064695,1769,3.269870609981516,37.72,-122.44
28,1,7.6923,28,7.284403669724771,1.018348623853211,329,3.018348623853211,37.75,-122.12
29,1,6.626,51,5.5322128851540615,0.9747899159663864,771,2.1596638655462184,34.04,-118.42
0,0,2.1905,17,4.7973856209150325,1.0212418300653594,5034,4.112745098039215,36.71,-119.74
1,0,3.1458,4,4.879818594104308,1.3151927437641724,1083,2.45578231292517,34.07,-117.57
2,0,0.8639,28,4.289377289377289,1.0952380952380951,1193,4.3699633699633695,35.38,-118.98
3,0,2.7174,26,5.171428571428572,1.020168067226891,1603,2.694117647058824,38.69,-121.2
4,0,1.0685,46,3.6322314049586777,1.0557851239669422,1094,2.260330578512397,38.61,-121.45
5,0,2.4667,33,4.43254817987152,1.0042826552462527,1851,3.963597430406853,33.98,-117.36
6,0,2.5326,42,3.930278884462152,1.0159362549800797,1841,3.667330677290837,34.01,-118.14
7,0,4.4085,8,5.745810055865922,0.9916201117318436,2268,3.167597765363128,38.85,-121.19
8,0,4.4904,18,6.003120124804992,1.029121164846594,6296,3.2740509620384817,32.87,-117
9,0,3.55,20,4.777777777777778,1.0138888888888888,575,3.9930555555555554,33.84,-117.52
10,0,1.5515,37,3.910679611650485,0.9805825242718448,1787,3.469902912621359,37.62,-120.99
11,0,1.023,20,4.194762684124386,1.0769230769230769,1363,2.230769230769231,39.92,-122.19
12,0,1.7926,22,3.8708860759493673,0.9493670886075948,1543,3.9063291139240506,36.84,-119.79
13,0,4.2414,4,5.938084112149533,1.0128504672897196,2541,2.968457943925233,34.44,-117.38
14,0,1.8661,38,3.477401129943503,0.9774011299435028,1217,3.437853107344633,33.97,-118.25
15,1,5.1242,52,5.570909090909091,1.0618181818181818,631,2.2945454545454544,34.17,-118.25
16,1,7.3343,37,7.0975,0.975,1006,2.515,38.58,-121.37
17,1,5.1762,16,6.371389270976616,1.046767537826685,3038,4.178817056396149,34.01,-117.86
18,1,3.2462,37,4.191219512195122,1.062439024390244,2100,2.048780487804878,37.97,-122.51
19,1,4.7813,21,5.741176470588235,1.0487394957983194,1862,3.1294117647058823,36.88,-121.6
20,1,3.8819,19,4.7552,1.076,2372,1.8976,34.17,-118.61
21,1,5.1321,23,5.160388821385176,1.014580801944107,2357,2.863912515188336,37.55,-122.05
22,1,4.2009,6,5.723880597014926,1.0242537313432836,985,1.837686567164179,33.63,-117.63
23,1,6.7159,12,7.289962825278811,1.0408921933085502,985,3.661710037174721,37.3,-121.74
24,1,6.0663,30,6.862539349422876,1.0398740818467995,3124,3.2780692549842603,33.97,-118
25,1,6.3303,14,6.028358208955224,0.9985074626865672,1905,2.843283582089552,33.92,-117.87
26,1,2.1714,46,3.235135135135135,1.1243243243243244,898,2.427027027027027,37.34,-121.89
27,1,1.2989,25,2.9809322033898304,1.1652542372881356,1193,2.527542372881356,34.03,-118.28
28,1,5.2903,20,6.550161812297735,1.0129449838187703,879,2.8446601941747574,38.89,-121.15
29,1,3.1287,50,4.467576791808874,1.030716723549488,883,3.013651877133106,34.13,-118.19
0,0,1.1707,20,3.092568448500652,1.0886571056062582,2283,2.9765319426336374,32.79,-115.56
1,0,3.4482,35,4.420743639921722,0.980430528375734,1340,2.6223091976516635,32.83,-117.21
2,0,5.1305,9,4.736363636363636,1.009090909090909,491,4.463636363636364,32.69,-117.06
3,0,0.9218,21,2.045662100456621,1.0342465753424657,735,1.678082191780822,37.82,-122.27
4,0,3.75,41,4.329545454545454,0.8352272727272727,817,4.642045454545454,34.05,-118.18
5,0,2.5769,27,3.78772378516624,1.0460358056265984,1505,3.8491048593350383,37.34,-121.85
6,0,2.4167,27,3.8775,1.16,880,2.2,32.75,-117.14
7,0,1.7227,52,4.954022988505747,1.011494252873563,922,2.6494252873563218,37.5,-120.85
8,0,3.3472,42,3.452513966480447,0.9106145251396648,680,3.798882681564246,33.94,-118.2
9,0,2.2155,31,4.98469387755102,1.217687074829932,1969,3.348639455782313,35.35,-119
10,0,1.9362,33,4.210216110019647,0.9587426326129664,1732,3.402750491159136,35.6,-119.34
11,0,2.0395,26,4.72354211663067,1.019438444924406,1339,2.892008639308856,40.57,-122.34
12,0,4.2292,33,5.841911764705882,1.1286764705882353,853,3.136029411764706,34.99,-117.68
13,0,1.2041,50,3.862604540023895,1.1565113500597373,1223,1.4611708482676224,38.57,-121.47
14,0,2.0089,44,4.461240310077519,1.0193798449612403,518,2.007751937984496,38.56,-121.48
15,1,4.5417,25,5.065868263473054,0.9860279441117764,1185,2.3652694610778444,37.65,-122.1
16,1,4.3427,15,6.969843184559711,1.5500603136308806,1722,2.077201447527141,34.12,-119.21
17,1,3.7277,33,4.765840220385675,1.0633608815426998,994,2.738292011019284,34.03,-118.41
18,1,3.5833,45,5.424418604651163,0.997093023255814,919,2.671511627906977,33.86,-118.13
19,1,2.5227,30,4.341121495327103,1.1121495327102804,763,3.5654205607476634,34.07,-118.26
20,1,3.9191,36,6.110062893081761,1.059748427672956,711,2.2358490566037736,38.45,-122.69
21,1,3.5179,22,3.168085106382979,0.9276595744680852,662,1.4085106382978725,37.4,-122.09
22,1,3.8958,52,5.362989323843417,1.00355871886121,929,3.306049822064057,37.72,-122.44
23,1,3.9904,47,5.217162872154115,1.096322241681261,1076,1.884413309982487,34.07,-118.41
24,1,4.6,27,6.304347826086956,0.9723320158102768,610,2.411067193675889,38.65,-121.34
25,1,2.7483,28,4.106508875739645,1.111439842209073,2934,2.893491124260355,34.09,-118.14
26,1,2.6875,39,3.633251833740832,1.141809290953545,758,1.8533007334963325,34.43,-119.7
27,1,6.5338,13,6.6265664160401005,1.0576441102756893,1197,3,33.1,-117.28
28,1,4.1786,36,4.776699029126213,0.8883495145631068,615,2.985436893203884,33.92,-118.13
29,1,11.216,36,8.443835616438356,1.2465753424657535,771,2.112328767123288,33.61,-117.91
0,0,2.9145,21,6.498771498771498,1.1400491400491402,1245,3.058968058968059,36.19,-119.12
1,0,1.625,20,6.0344827586206895,1.637931034482759,119,2.0517241379310347,34.55,-114.94
2,0,2.0469,41,4.484581497797357,1.1233480176211454,1412,3.110132158590309,37.77,-122.19
3,0,2.4861,36,4.655555555555556,1.1666666666666667,722,4.011111111111111,33.88,-117.56
4,0,2.1957,33,3.254368932038835,1.019417475728155,2564,4.978640776699029,34.02,-118.25
5,0,2.2672,30,4.054919908466819,1.0778032036613272,880,2.013729977116705,37.9,-122.3
6,0,3.5403,18,5.378818737270875,1.057705363204345,3789,2.5723014256619146,38.68,-121.35
7,0,3.25,39,3.2857142857142856,0.8988095238095238,807,4.803571428571429,33.99,-118.07
8,0,2.474,17,5.729681978798586,1.0936395759717314,1408,2.487632508833922,37.97,-120.3
9,0,3.2325,28,5.549346016646849,1.0404280618311534,2404,2.858501783590963,35.4,-118.96
10,0,4.3851,4,4.416541353383459,0.974436090225564,1780,2.6766917293233083,37.29,-121.84
11,0,4.625,47,5.068965517241379,1.0632183908045978,536,3.0804597701149423,33.88,-118.18
12,0,2.1458,30,5.153184165232358,1.2753872633390706,1481,2.549053356282272,35.62,-117.68
13,0,1.75,30,3.727272727272727,1.0822510822510822,1062,4.597402597402597,33.98,-118.24
14,0,4.0862,19,6.047457627118644,1.0949152542372882,1714,2.905084745762712,38.85,-121.39
15,1,5.7001,16,6.7781954887218046,1.0037593984962403,946,3.556390977443609,38.02,-122.25
16,1,3.9821,22,5.783132530120482,1.072289156626506,774,3.108433734939759,37.57,-120.88
17,1,4.0268,44,5.657718120805369,0.9563758389261744,712,2.389261744966443,32.74,-117.24
18,1,2.8333,15,3.708955223880597,1.1074626865671642,1994,2.976119402985075,34.23,-118.36
19,1,5.9196,27,8.852216748768473,1.6896551724137931,435,2.142857142857143,33.61,-117.91
20,1,3.455,48,5.8830188679245285,1.058490566037736,1275,2.4056603773584904,38.45,-122.71
21,1,2.6518,40,3.967105263157895,1.0394736842105263,826,1.8114035087719296,32.76,-117.15
22,1,7.2821,27,7.760736196319018,1.4386503067484662,594,1.822085889570552,32.86,-117.25
23,1,4.0801,27,5.126516464471404,1.1351819757365684,1285,2.2270363951473136,37.52,-122.28
24,1,2.0557,34,2.2633996937212864,1.0336906584992342,1976,3.0260336906585,34.09,-118.32
25,1,4.0924,37,4.990338164251208,1.0483091787439611,1031,2.490338164251208,34.2,-118.51
26,1,4.9743,19,5.412935323383085,1.0298507462686568,1002,2.492537313432836,33.9,-117.9
27,1,3.7419,52,5.121890547263682,1.034825870646766,999,2.485074626865672,37.79,-122.46
28,1,7.2986,24,6.424817518248175,1.018978102189781,1818,2.654014598540146,37.31,-122.07
0,0,2.6906,14,5.409276944065485,1.096862210095498,1945,2.6534788540245566,36.56,-119.38
1,0,1.7734,43,4.523809523809524,1.1428571428571428,2133,3.627551020408163,33.97,-118.29
2,0,3.142,23,4.538277511961723,1.0526315789473684,1109,2.65311004784689,37.64,-122.08
3,0,3.0306,19,4.061166429587482,1.0120910384068278,4163,2.960881934566145,33.15,-117.34
4,0,2.3864,30,5.527896995708154,1.0171673819742488,720,3.0901287553648067,37.51,-120.96
5,0,3.0208,52,5.108108108108108,0.918918918918919,121,3.27027027027027,39.39,-121.39
6,0,2.2612,12,5.235714285714286,1.0244047619047618,11139,6.630357142857143,34.45,-116.14
7,0,2.0216,18,5.463291139240506,1.0455696202531646,1461,3.69873417721519,36.38,-119.21
8,0,3.2202,24,4.4,1.0775193798449612,2151,3.3348837209302324,34.11,-117.92
9,0,2.037,42,4.497175141242938,1.1468926553672316,697,3.937853107344633,33.96,-118.27
10,0,4.9643,11,12.1,2.2,230,2.555555555555556,34.25,-116.88
11,0,1.2321,35,3.062256809338521,1.1731517509727627,820,1.595330739299611,33.77,-118.19
12,0,1.3929,52,5,0.9534883720930232,126,2.9302325581395348,37.92,-122.36
13,0,2.535,24,5.0853889943074,1.1499051233396584,1728,3.2789373814041745,33.78,-116.97
14,0,2.1111,20,5.339920948616601,1.007905138339921,762,3.0118577075098814,35.34,-118.88
15,1,3.9617,6,6.910372608257805,1.1424974823766365,5860,2.9506545820745216,33.57,-117.23
16,1,3.8583,31,6.457142857142857,1.125,691,2.467857142857143,38.44,-122.69
17,1,6.1824,36,6.9,1.119047619047619,621,2.9571428571428573,34.21,-118.13
18,1,3.2679,26,4.182795698924731,0.9301075268817204,539,2.8978494623655915,33.86,-118.08
19,1,4.6875,15,7.479057591623037,1.1020942408376964,1361,3.56282722513089,33.88,-117.36
20,1,5.1782,23,6.564476885644769,0.9975669099756692,1094,2.661800486618005,32.8,-117.07
21,1,4.2768,21,5.487870619946092,1.0152740341419586,3244,2.914645103324349,33.87,-118.27
22,1,8.3065,14,7.979977753058955,1.0567296996662958,2782,3.0945494994438265,37.24,-121.88
23,1,4.9779,23,4.858012170385395,1.0101419878296145,1309,2.655172413793104,33.9,-118.34
24,1,3.7679,39,4.517241379310345,1.1544827586206896,1137,1.5682758620689654,37.81,-122.43
25,1,4.3571,35,4.975903614457831,1.0223752151462997,1757,3.0240963855421685,34.2,-118.52
26,1,7.9294,18,7.722488038277512,1.0047846889952152,692,3.311004784688995,33.57,-117.67
27,1,3.5035,37,3.938697318007663,1.053639846743295,904,3.4636015325670497,37.7,-122.46
28,1,6.3612,35,7.03855421686747,1.055421686746988,1042,2.510843373493976,32.69,-117.19
29,1,3.5885,18,5.236538461538461,1.0173076923076922,1150,2.2115384615384617,38.43,-122.68
0,0,2.375,11,4.942105263157894,0.9842105263157894,557,2.931578947368421,33.67,-117.07
1,0,2.5612,5,5.7405857740585775,1.0613668061366806,1714,2.390516039051604,33.76,-116.87
2,0,2.5363,30,4.505235602094241,1.044502617801047,1878,4.9162303664921465,37.62,-121.02
3,0,3.25,19,5.70945945945946,1.1047297297297298,855,2.8885135135135136,37.74,-120.91
4,0,2.1773,17,4.04,1.068,1529,3.058,32.59,-117.11
5,0,2.3043,32,5.649606299212598,1.0905511811023625,690,2.716535433070866,40.02,-122.06
6,0,4.6976,36,5.362612612612613,0.9436936936936936,1669,3.759009009009009,33.92,-118.09
7,0,3.6875,39,4.436018957345971,0.919431279620853,691,3.2748815165876777,33.98,-118.09
8,0,3.5461,10,5.029411764705882,1.0147058823529411,2499,2.826923076923077,38.46,-121.44
9,0,3.8598,14,5.684536082474227,0.9371134020618556,2819,2.906185567010309,37.69,-120.97
10,0,2.8466,29,4.928571428571429,1.076190476190476,985,2.345238095238096,38,-121.82
11,0,2.9187,21,5.029545454545454,1.040909090909091,1250,2.840909090909091,35.06,-119.4
12,0,3.2788,26,5.604838709677419,1.0161290322580645,319,2.5725806451612905,40.48,-122.33
13,0,1.3371,29,7.705128205128205,1.858974358974359,383,2.4551282051282053,34.2,-116.06
14,0,2.1465,22,4.430485762144054,1.1032942490228923,4523,2.5254048017867112,34.15,-117.25
15,1,3.0909,30,4.447368421052632,1.105263157894737,1314,3.1435406698564594,33.75,-117.99
16,1,0.7685,39,2.752212389380531,1.6017699115044248,206,1.823008849557522,32.71,-117.17
17,1,1.6903,40,2.4575936883629192,1.064102564102564,4828,2.380670611439842,34.1,-118.31
18,1,1.705,33,2.511475409836065,1.137704918032787,918,3.0098360655737704,34.1,-118.31
19,1,8.8342,52,8.345205479452055,1.021917808219178,975,2.671232876712329,37.89,-122.27
20,1,6.2552,20,7.7313769751693,1.0112866817155757,1489,3.36117381489842,32.78,-116.95
21,1,5.0849,18,6.62076749435666,1.0857787810383748,1279,2.887133182844244,38.24,-122.61
22,1,3.1483,26,3.947867298578199,1.046716316858497,4738,3.2078537576167907,33.65,-117.93
23,1,3.6974,10,4.348530901722391,1.089159067882472,2719,2.7548125633232017,34.18,-118.29
24,1,4.7609,25,5.415143603133159,1.010443864229765,1273,3.3237597911227152,37.36,-122.02
25,1,8.4045,7,7.63523372061605,1.044042150770062,12203,3.2972169683869224,37.53,-121.92
26,1,6.2917,14,7.310262529832936,1.0167064439140812,1570,3.747016706443914,34.04,-117.21
27,1,4.2917,52,6.329545454545454,0.9602272727272728,486,2.761363636363636,34,-118.33
28,1,5.7759,5,5.495833333333334,1.0854166666666667,1179,2.45625,33.67,-117.8
29,1,5.901,18,6.466520307354555,1.0098792535675083,2882,3.163556531284303,34.33,-118.43
30,0,0.7054,43,2.2291666666666665,0.9166666666666666,107,2.2291666666666665,33.12,-117.08
31,0,2.4211,20,3.844544095665172,1.094170403587444,1534,2.2929745889387143,33.73,-117.84
32,0,3.2105,28,5.91820580474934,1.0527704485488127,1464,3.862796833773087,34.08,-117.18
33,0,1.608,34,4.295819935691318,1.1093247588424435,1009,3.244372990353697,34.09,-117.31
34,0,0.9336,10,3.662745098039216,1.0196078431372548,401,1.572549019607843,37.66,-120.98
35,0,2.9297,28,4.699551569506727,1.1375186846038865,1737,2.596412556053812,37.79,-122.19
36,0,2.375,32,3.3503086419753085,1.037037037037037,3002,4.632716049382716,33.79,-118.17
37,0,1.9702,39,4.138686131386861,1.0413625304136254,1468,3.5717761557177616,33.95,-118.29
38,0,2.8,34,4.585657370517929,0.9322709163346612,563,2.243027888446215,38.59,-121.39
39,0,1.1563,38,4.84390243902439,1.2,760,3.707317073170732,32.71,-117.13
40,0,3.7736,32,4.343283582089552,1.0582089552238807,2583,3.855223880597015,34.07,-117.96
41,0,2.655,36,4.854477611940299,1.1007462686567164,2313,2.876865671641791,38.75,-121.3
42,0,3.9091,44,5.005586592178771,1.128491620111732,1115,3.1145251396648046,33.83,-118.22
43,0,3.1573,12,4.978303747534516,1.106508875739645,2209,2.178500986193294,37.96,-121.98
44,0,1.505,22,5.177514792899408,1.106508875739645,1113,3.292899408284024,35.86,-119.46
45,1,5.3254,32,5.786259541984733,1.0330788804071247,982,2.4987277353689565,34.29,-119.27
46,1,3.75,52,6.117647058823529,1.1764705882352942,32,1.8823529411764703,34.09,-118.25
47,1,1.3274,21,2.828689370485036,1.061919504643963,2924,3.017543859649123,33.78,-118.19
48,1,3.1563,37,5.109965635738831,1.0171821305841924,863,2.9656357388316152,33.94,-118.32
49,1,1.5909,24,7.329787234042553,1.446808510638298,532,2.8297872340425534,33.09,-116.66
50,1,3.1371,11,5.070222822417286,1.0155300472653612,7984,2.695476029709656,38.57,-121.76
51,1,3.575,50,5.343839541547278,1.0315186246418335,973,2.7879656160458453,34.16,-118.27
52,1,3.3229,44,4.412280701754386,0.9539473684210528,1454,3.18859649122807,34.1,-118.11
53,1,5.1506,20,6.201727328809377,1.0906847624922886,3083,1.9019123997532388,36.55,-121.87
54,1,3.3545,24,4.25402144772118,1.0375335120643432,2945,1.9738605898123325,34.17,-118.4
55,1,5.2155,18,6.553133514986376,1.0626702997275204,872,2.3760217983651226,38.27,-122.52
56,1,2.0217,43,4.718220338983051,1.194915254237288,956,2.02542372881356,34.01,-118.33
57,1,4.8036,45,5.344748858447488,1.052511415525114,1092,2.493150684931507,37.75,-122.49
58,1,2.59,45,5.471111111111111,1.1311111111111112,1587,3.526666666666667,37.74,-122.4
59,1,4.9464,41,4.994269340974212,1,811,2.32378223495702,37.54,-122.29
60,1,5.5599,26,6.21608040201005,1.0217755443886096,1902,3.185929648241206,33.73,-118.02
61,0,4.4091,37,5.4171597633136095,1.0532544378698223,925,2.7366863905325443,33.93,-118.33
62,0,3.9741,28,5.082585278276481,0.9910233393177738,2330,4.183123877917415,34.08,-117.96
63,0,1.6458,43,4.033333333333333,1.0375,664,2.7666666666666666,37.88,-121.27
64,0,3.3272,35,5.073170731707317,0.983739837398374,1054,2.856368563685637,36.79,-119.83
65,0,1.8611,42,4.751381215469613,1.0552486187845305,1069,2.953038674033149,38.64,-121.42
66,0,4.6167,11,4.694835680751174,0.9178403755868544,1503,3.528169014084507,34.09,-117.61
67,0,2.1836,24,3.107438016528925,1.0611570247933884,2646,4.373553719008265,33.98,-118.18
68,0,1.9706,41,3.891992551210428,0.9869646182495344,2043,3.804469273743017,34.09,-118.19
69,0,1.9655,40,4.478468899521531,1.1084529505582137,2357,3.759170653907496,33.95,-118.29
70,0,4.7679,36,5.092682926829268,0.975609756097561,982,4.790243902439024,34.04,-117.95
71,0,2.6823,19,4.148974130240856,1.142729705619982,2917,2.6021409455843,33.97,-118.36
72,0,2.0625,44,4.056022408963585,1.100840336134454,1066,2.985994397759104,37.01,-121.57
73,0,3.1346,50,5.869426751592357,1.038216560509554,892,2.840764331210191,33.95,-118.3
74,0,2.9821,36,5.571428571428571,1.054054054054054,680,2.6254826254826256,35.4,-118.98
75,0,1.7446,16,7.284313725490196,1.588235294117647,943,1.849019607843137,39.02,-122.66
76,1,3.2011,48,4.941463414634146,0.946341463414634,464,2.2634146341463413,37.78,-122.45
77,1,4.4375,36,5.527331189710611,0.9742765273311896,836,2.688102893890675,37.7,-122.16
78,1,3.3558,29,3.9864864864864864,0.9432432432432432,965,2.608108108108108,33.92,-118.34
79,1,6.471,52,6.729372937293729,0.9867986798679867,772,2.547854785478548,37.58,-122.38
80,1,2.7075,29,3.612682926829269,1.048780487804878,1611,1.5717073170731708,37.51,-122.26
81,1,8.6155,17,7.527272727272727,1.010909090909091,797,2.898181818181818,37.36,-122
82,1,5.6063,16,6.417391304347826,0.9695652173913044,1525,3.315217391304348,37.45,-121.9
83,1,10.1275,27,7.493421052631579,1.0394736842105263,772,2.539473684210526,33.55,-117.88
84,1,2.6719,52,4.691075514874142,1.0045766590389016,1109,2.537757437070938,37.78,-122.49
85,1,2.8784,36,3.7278797996661104,1.010016694490818,1934,3.228714524207012,34.18,-118.36
86,1,3.3884,17,4.2933168316831685,1.108910891089109,2762,3.4183168316831685,37.43,-121.88
87,1,9.1415,5,7.2052980132450335,0.9757174392935982,1607,3.5474613686534218,37.54,-122.26
88,1,15.0001,46,6,0.8,13,2.6,37.5,-122.14
89,1,2.6103,44,4.067340067340068,1.202020202020202,603,2.0303030303030303,34.41,-119.69
90,1,3.434,17,5.352941176470588,1.0485590209238058,6990,2.759573628108962,32.78,-116.94
0,0,4.3315,17,6.046511627906977,1.0116279069767442,709,2.748062015503876,36.83,-119.8
1,0,4.4231,16,6.098360655737705,1.1557377049180328,311,2.5491803278688523,37.88,-120.41
2,0,2.7727,52,4.867158671586716,1.088560885608856,898,3.3136531365313653,34,-118.29
3,0,1.76,29,3.664335664335664,1.062937062937063,1697,3.955710955710956,37.3,-120.5
4,0,4.8929,36,5,1.0790513833992097,1052,4.158102766798419,33.97,-118.07
5,0,2.1702,27,5.008196721311475,1.1098360655737705,1407,2.3065573770491805,35.12,-120.59
6,0,2.1917,43,4.844029244516653,1.091795288383428,4367,3.547522339561332,37.79,-122.23
7,0,2.3917,31,5.1692307692307695,1.087179487179487,453,2.323076923076924,38.13,-121.29
8,0,5.0285,8,6.66371158392435,1.0768321513002364,5731,3.387115839243499,34.67,-118.19
9,0,4.0709,13,6.119891008174387,1.1185286103542234,2093,2.85149863760218,38.69,-120.7
10,0,3.6705,50,5.130563798219584,1.053412462908012,617,1.830860534124629,32.77,-117.11
11,0,3.6212,31,6.15034965034965,1.062937062937063,1386,2.423076923076923,34.96,-120.42
12,0,2.0807,13,4.869731800766283,1.1123882503192848,1513,1.9323116219667944,38.78,-121.23
13,0,3.2481,34,5.528225806451613,0.9899193548387096,1761,3.5504032258064515,34.08,-117.72
14,0,2.6719,28,3.884156729131176,1.039182282793867,1255,2.137989778534924,37.66,-122.07
15,1,3.267,23,3.860557768924303,1.1474103585657371,670,2.6693227091633465,33.92,-118.33
16,1,7.6245,21,6.663822525597269,0.9948805460750854,1528,2.6075085324232083,36.55,-121.7
17,1,7.4678,15,6.594464500601685,1.0734055354993983,2009,2.417569193742479,37.48,-122.29
18,1,4.8958,49,3.7540106951871657,0.7647058823529411,458,2.449197860962567,34.05,-118.38
19,1,4.1862,15,5.538551401869159,1.116822429906542,2043,2.3866822429906542,38.33,-122.3
20,1,7.316,13,6.694096601073345,0.992844364937388,1590,2.8443649373881934,37.69,-121.92
21,1,2.6083,36,6.6856060606060606,1.5113636363636365,451,1.7083333333333333,33.83,-116.56
22,1,10.4498,11,7.867364746945899,1.0785340314136125,1993,3.4781849912739964,33.72,-117.76
23,1,1.879,28,2.8479685452162515,1.073394495412844,2548,3.339449541284404,34.09,-118.32
24,1,3.6019,20,3.691139240506329,1.1063291139240503,2165,1.8270042194092824,34.03,-118.41
25,1,8.3818,13,7.533066132264529,0.9799599198396792,1496,2.997995991983968,33.83,-117.83
26,1,2.9213,42,3.8990825688073394,1.0045871559633028,997,2.286697247706422,34.01,-118.42
27,1,6.0137,17,6.129251700680272,1.0147392290249433,2337,2.6496598639455784,34.24,-118.61
28,1,4.2788,52,4.614457831325301,1.0240963855421688,483,1.9397590361445785,37.88,-122.26
29,1,4.8516,52,5.350961538461538,0.9254807692307692,1177,2.829326923076923,37.75,-122.49
0,0,4.2137,13,5.153724247,0.966719493,1915,3.034865293,38.34,-121.99
1,0,2.3824,27,4.533795494,1.024263432,1889,3.273830156,32.58,-117.1
2,0,3.6856,33,5.950718686,1.032854209,1374,2.821355236,34.13,-117.25
3,0,2.0915,47,4.57957958,1.078078078,982,2.948948949,33.99,-118.31
4,0,2.7367,21,4.108389786,1.047941636,4907,2.557060969,36.69,-121.65
5,0,2.25,18,4.432595573,1.094567404,1943,3.90945674,32.57,-117.08
6,0,2.5686,25,3.539663462,1.098557692,2313,2.780048077,33.97,-118.04
7,0,2.8917,33,4.699346405,1.009803922,1378,4.503267974,34.2,-118.37
8,0,2.507,30,3.96375,1.0775,2126,2.6575,32.64,-117.09
9,0,2.3261,20,3.412621359,1.002427184,850,2.063106796,32.75,-117.12
10,0,4.0694,16,5.651408451,0.992957746,866,3.049295775,37.36,-120.63
11,0,3.1583,34,4.832075472,0.937735849,1583,2.986792453,38.52,-121.48
12,0,1.9219,52,3.819787986,1.098939929,904,3.19434629,34.12,-118.18
13,0,1.625,38,4.616766467,1.089820359,1220,3.652694611,36.97,-120.06
14,0,1.8362,36,4.725060827,1.00729927,1051,2.557177616,35.36,-119.04
15,1,3.9856,52,3.454741379,1.049568966,727,1.566810345,37.8,-122.44
16,1,6.3568,18,6.582018927,0.985804416,1649,2.600946372,33.49,-117.68
17,1,4.5368,20,6.113095238,1.008928571,934,2.779761905,38.43,-121.22
18,1,5.3735,22,7.237569061,1.093922652,1324,3.657458564,33.91,-117.57
19,1,2.5119,37,3.929292929,1.035353535,850,4.292929293,34.08,-118.06
20,1,4.218,52,5.396761134,1.042510121,1362,2.75708502,37.78,-122.48
21,1,1.9631,44,4.425963489,0.997971602,878,1.780933063,34.01,-118.33
22,1,2.6786,45,3.483333333,1.106944444,1340,1.861111111,33.77,-118.17
23,1,6.1168,34,5.875,0.891666667,837,3.4875,33.84,-117.88
24,1,5.9941,23,6.495274102,1.06805293,1729,3.268431002,34.05,-118.11
25,1,5.1483,28,5.602534562,1.038018433,2110,2.430875576,37.3,-121.99
26,1,6.8492,25,8.143939394,1.045454545,451,3.416666667,33.99,-117.95
27,1,7.0907,22,7.508538899,0.986717268,1774,3.366223909,33.69,-117.98
28,1,5.4631,35,6.589403974,1.046357616,1614,3.562913907,33.8,-117.97
29,1,15.0001,45,10.37065637,1.092664093,857,3.308880309,34.09,-118.4
0,0,2.1281,33,3.8342175066313,1.0517241379310345,1607,2.1312997347480107,32.63,-117.08
1,0,4.5659,5,6.012958963282937,1.1195104391648667,3723,2.680345572354212,34.67,-118.17
2,0,2.8892,42,4.681578947368421,1.1342105263157896,1507,3.9657894736842105,33.95,-118.35
3,0,3.9583,19,4.842293906810036,1.0344086021505376,4205,3.014336917562724,34.31,-118.42
4,0,2.1221,50,5.509708737864078,1.0946601941747574,1000,2.4271844660194173,33.97,-118.3
5,0,5.2591,16,6.04119850187266,0.9176029962546816,811,3.0374531835206,34.14,-117.21
6,0,3.371,42,4.530120481927711,0.9924698795180724,1817,2.73644578313253,37.72,-122.17
7,0,4.8523,36,5.620087336244541,1.017467248908297,779,3.4017467248908297,33.93,-117.99
8,0,1.5611,29,4.462915601023018,1.1278772378516624,1530,3.9130434782608696,36.71,-119.76
9,0,3.25,35,5.90258449304175,1.0357852882703775,1555,3.091451292246521,34.11,-117.36
10,0,3.6845,32,4.326388888888889,1.0208333333333333,1516,3.509259259259259,34.21,-118.39
11,0,5.5427,4,6.570291777188329,0.9522546419098143,1234,3.273209549071618,38.04,-121.36
12,0,2.3,16,4.498084291187739,0.9272030651340996,464,1.7777777777777777,38.14,-121.25
13,0,2.0062,19,5.65,1.171875,758,2.36875,38.51,-121.39
14,0,3.025,24,5.540443808160344,1.101646385110952,4333,3.101646385110952,38.5,-121.42
0,0,3.2976,49,5.617283951,0.990740741,757,2.336419753,34.15,-117.29
1,0,1.2864,40,2.552070263,1.127979925,1257,1.577164366,33.77,-118.2
2,0,3.8333,32,6.079787234,1.106382979,454,2.414893617,39.15,-123.1
3,0,4.175,47,5.344594595,1.038288288,990,2.22972973,37.98,-121.3
4,0,1.6632,27,4.864457831,1.069277108,1380,4.156626506,35.35,-118.99
5,0,2.3594,16,7.384615385,1.432692308,646,3.105769231,39.32,-120.19
6,0,4.2992,31,6.11369509,0.989664083,1077,2.782945736,32.79,-117.03
7,0,1.025,49,3.772486772,1.068783069,462,2.444444444,37.84,-122.26
8,0,2.3125,44,4.399491094,1.053435115,1240,3.155216285,37.78,-122.21
9,0,2.1641,31,3.809045226,1.005025126,1820,4.572864322,33.93,-118.18
10,0,4.2875,17,5.235514019,1.213084112,1473,2.753271028,33.72,-117.99
11,0,1.9937,33,3.879237288,1.029661017,1625,3.44279661,34.06,-117.76
12,0,3.4545,36,4.891791045,0.96641791,648,2.417910448,38.44,-122.68
13,0,1.5303,40,4.94966443,1.16442953,1222,4.100671141,33.96,-118.26
14,0,4.8787,33,6.10460251,1.033472803,1365,2.855648536,34.7,-118.16
15,1,5.156,23,6.197718631,0.961977186,704,2.676806084,35.27,-120.63
16,1,4.0938,35,5.293532338,1.009950249,608,3.024875622,34.04,-118.12
17,1,2.483,44,3.714285714,1.040816327,339,3.459183673,37.71,-122.46
18,1,5.0196,52,4.722457627,1.055084746,1079,2.286016949,37.74,-122.43
19,1,5.3185,52,6.210023866,0.997613365,1137,2.713603819,34.18,-118.28
20,1,3.3274,26,3.913461538,1.056089744,1134,1.817307692,32.8,-117.25
21,1,3.86,23,5.518927445,1.138801262,1480,2.334384858,33.47,-117.69
22,1,3.7054,47,5.336658354,1.059850374,1105,2.755610973,37.75,-122.49
23,1,3.18,32,4.167010309,1.080412371,973,2.006185567,32.77,-117.25
24,1,5.9714,35,6.23015873,1.015873016,1248,3.301587302,37.31,-122.02
25,1,2.8472,44,5.169741697,0.907749078,607,2.239852399,34.18,-118.17
26,1,6.4313,17,6.548198637,1.023369036,3439,3.348588121,37.08,-121.56
27,1,6.4755,36,5.81294964,1.002398082,1123,2.693045564,34.01,-118.45
28,1,3.6202,34,4.382035928,1.102994012,1338,1.60239521,34.15,-118.36
29,1,4.45,32,5.156186613,1.06693712,1278,2.592292089,34.24,-118.28
0,0,3.375,33,3.732456140350877,1.013157894736842,936,4.105263157894737,34.08,-118.17
1,0,2.2417,18,5.15015015015015,1.012012012012012,1166,3.5015015015015014,32.77,-115.52
2,0,2.0096,22,4.027027027027027,1.045045045045045,754,3.3963963963963963,33.9,-118.26
3,0,3.6583,37,4.382352941176471,1.0980392156862746,1233,4.029411764705882,34,-118.16
4,0,3.2841,15,5.4788461538461535,1.0326923076923078,878,1.6884615384615385,33.71,-117.75
5,0,2.3013,34,4.8979591836734695,1.0510204081632653,808,2.748299319727891,35.13,-119.45
6,0,2.1736,45,3.663090128755365,1.113733905579399,1446,3.103004291845493,34.05,-118.33
7,0,2.7188,26,6.828,1.232,761,3.044,41.07,-121.11
8,0,1.9385,28,3.6,1.0392523364485982,1717,3.209345794392523,36.67,-121.65
9,0,2.4906,31,6.180379746835443,1.1582278481012658,999,3.161392405063291,38.16,-121.16
10,0,3.2738,29,6.432532347504621,1.1238447319778189,2007,3.709796672828096,35.32,-118.95
11,0,4.3428,20,5.797362110311751,1.023980815347722,2983,3.57673860911271,33.2,-117.28
12,0,0.9637,29,3.2434210526315788,1.105263157894737,233,1.5328947368421053,37.67,-122.08
13,0,2.5234,35,6.239130434782608,1.072463768115942,381,2.760869565217391,34.13,-117.25
14,0,2.3882,42,3.786697247706422,1.061926605504587,1559,3.575688073394496,33.95,-118.19
15,1,5.1296,35,5.958490566037736,1.1320754716981132,1012,3.818867924528302,34.27,-118.45
16,1,2.5156,43,4.829351535836177,1.187713310580205,569,1.9419795221843004,37.68,-122.09
17,1,4.2672,47,4.650793650793651,0.9714285714285714,1119,3.552380952380952,37.72,-122.4
18,1,5.1333,22,5.955696202531645,1.0738396624472577,1271,2.681434599156118,37.97,-121.99
19,1,4.4625,32,5.374340949033392,0.9876977152899824,1475,2.592267135325132,33.67,-117.91
20,1,3.0909,27,4.360902255639098,1.075187969924812,466,3.5037593984962405,33.93,-118.12
21,1,5.3339,19,6.466230936819172,1.0958605664488017,1430,3.1154684095860565,33.88,-117.81
22,1,5.6704,35,6.177304964539007,1.00354609929078,812,2.879432624113475,33.91,-118.37
23,1,4.5581,25,3.9016253207869975,1.260906757912746,1525,1.3045337895637297,37.8,-122.39
24,1,4.7237,27,6.280991735537191,1.203305785123967,1587,2.6231404958677684,38.38,-122.58
25,1,3.1146,24,4.88785046728972,1.1744548286604362,715,2.2274143302180685,32.82,-117.17
26,1,5.0186,17,5.523715415019763,0.9525691699604744,1904,3.762845849802372,37.27,-121.84
27,1,1.7,27,4.2,1.0913043478260869,462,2.008695652173913,38.44,-122.71
28,1,0.8131,8,3.114343029087262,1.259779338014042,1086,1.0892678034102308,34.05,-118.25
29,1,3.9464,20,7.644329896907217,1.2835051546391754,660,3.402061855670103,34.05,-117.49
30,0,3.6398,27,5.952702702702703,1.0518018018018018,1455,3.277027027027027,38.21,-121.32
31,0,5.0427,22,6.405405405405405,1.00982800982801,1216,2.987714987714988,38.55,-121.35
32,0,2,44,4.760479041916168,1.083832335329341,716,4.287425149700598,33.94,-118.26
33,0,3.3214,33,4.419811320754717,1.018867924528302,1216,5.735849056603773,34.27,-118.42
34,0,2.2981,52,5.867532467532468,1.0831168831168831,766,1.9896103896103896,37.97,-121.3
35,0,3.6953,14,4.877419354838709,0.9096774193548388,424,2.735483870967742,38.66,-121.36
36,0,3.6125,33,5.196808510638298,1.0372340425531914,1600,4.25531914893617,33.95,-118.05
37,0,3.8203,43,5.895765472312704,1.1172638436482083,988,3.218241042345277,34.2,-118.16
38,0,4.7965,5,5.84015984015984,1.033966033966034,3258,3.254745254745255,33.76,-117.54
39,0,2.6333,41,3.724226804123712,1.056701030927835,1052,2.711340206185567,34.29,-119.3
40,0,1.6375,18,4.566009104704097,1.1229135053110777,2317,3.5159332321699543,34.13,-117.33
41,0,1.9338,44,3.10377358490566,1.028301886792453,869,4.099056603773585,32.7,-117.14
42,0,1.4034,52,3.567164179104477,1.1011608623548923,1146,1.900497512437811,38.58,-121.49
43,0,3.2656,29,5.621621621621622,1.0926640926640927,2188,4.223938223938224,34.11,-117.34
44,0,3.3389,33,4.73936170212766,1.047872340425532,1517,4.034574468085107,34.03,-117.95
45,1,1.8432,28,4.302788844621514,1.1872509960159363,524,2.087649402390438,34.44,-119.75
46,1,9.08,18,8.925619834710744,1.008264462809917,382,3.15702479338843,37.21,-121.87
47,1,12.7823,38,7.422480620155039,1.003875968992248,1292,2.503875968992248,34.13,-118.42
48,1,3.6,48,4.988919667590028,0.9778393351800554,1071,2.966759002770083,36.92,-121.75
49,1,8.2069,17,7.203571428571428,1.0910714285714285,1158,2.067857142857143,37.26,-121.99
50,1,6.0531,26,6.685840707964601,1.0530973451327434,1852,4.097345132743363,33.86,-118.25
51,1,6.5268,30,6.034246575342466,0.9006849315068494,761,2.606164383561644,34.23,-118.48
52,1,5.7871,24,6.184294871794871,1.0592948717948718,1972,3.16025641025641,33.61,-117.67
53,1,2.2165,32,4.395397489539749,1.0313807531380754,2309,2.4152719665271967,35.3,-120.67
54,1,4.4286,35,5.830708661417323,1.0905511811023625,747,2.940944881889764,37.62,-122.54
55,1,3.8056,35,5.1679389312977095,1.083969465648855,501,1.9122137404580155,34.16,-118.4
56,1,6.6324,22,7.129098360655738,0.9323770491803278,1454,2.979508196721312,33.73,-117.96
57,1,6.993,13,6.428571428571429,1,120,2.857142857142857,33.51,-117.18
58,1,8.203,21,7.595463137996219,1.0132325141776937,1508,2.850661625708885,34.26,-118.55
59,1,4.1429,52,5.460829493087558,1.0898617511520738,1053,2.4262672811059907,34.08,-118.32
60,0,2.5872,31,3.8357963875205257,1.077175697865353,1186,1.947454844006568,32.75,-117.13
61,0,1.7273,19,3.432314410480349,1.2314410480349345,525,2.2925764192139737,32.8,-117.21
62,0,3.369,25,4.610512129380054,1.082210242587601,1681,2.265498652291105,32.8,-116.96
63,0,1.5536,25,4.088785046728972,1,931,4.350467289719626,36.6,-120.19
64,0,3.3095,36,5.473118279569892,1.10752688172043,1154,4.136200716845878,33.89,-118.25
65,0,2.6964,14,4.718693284936479,1.015426497277677,3221,2.922867513611615,37.65,-120.95
66,0,5.3074,18,4.617241379310345,0.9793103448275862,761,2.6241379310344826,33.03,-117.08
67,0,4.4107,26,6.4275037369207775,1.1464872944693572,1557,2.327354260089686,33.77,-116.47
68,0,3.7262,36,5.01423487544484,0.9644128113879004,1002,3.565836298932384,37.61,-122.03
69,0,3.95,21,6.224390243902439,1.0146341463414634,501,2.44390243902439,38.66,-121.32
70,0,3.8594,10,5.47457627118644,1.0527306967984935,1681,3.1657250470809792,34.53,-117.96
71,0,2.4537,20,5.508219178082192,1.1835616438356165,1658,2.271232876712329,38.62,-121.34
72,0,3.3066,36,5.443636363636363,0.96,894,3.250909090909091,34.11,-117.38
73,0,1.5517,31,3.110831234256927,0.9748110831234256,816,2.0554156171284634,32.76,-117.09
74,0,2.4044,36,5.438448566610456,1.0708263069139967,2034,3.430016863406408,35.77,-119.23
75,1,5.3922,26,7.085858585858586,0.946969696969697,1617,4.083333333333333,37.64,-122.46
76,1,5.4688,38,6.262135922330097,1.203883495145631,265,2.5728155339805827,37.47,-122.25
77,1,5.5789,36,5.365461847389558,1.036144578313253,678,2.7228915662650603,38.01,-122.64
78,1,5.8305,24,6.181146025878004,0.9815157116451017,1768,3.268022181146026,37.25,-121.82
79,1,4.2813,45,4.209606986899563,0.9890829694323144,1323,2.888646288209607,33.89,-118.32
80,1,5.0359,51,6.892109500805153,1.0177133655394526,1486,2.392914653784219,38.55,-121.49
81,1,4.5476,29,5.666666666666667,1.005167958656331,922,2.3824289405684755,33.41,-117.6
82,1,4.375,20,5.368078175895765,1.0390879478827362,905,2.947882736156352,34.35,-119.73
83,1,2.5588,36,3.977181208053692,1.1248322147651006,1129,1.5154362416107383,34.1,-118.36
0,0,3.5345,52,4.513207547169811,0.8905660377358491,965,3.641509433962264,40.47,-124.1
1,0,1.6747,20,3.989648033126294,1.082815734989648,3555,3.680124223602484,32.74,-117.1
2,0,1.1728,27,3.913924050632912,1.0506329113924051,1704,4.313924050632911,36.48,-119.44
3,0,4.2917,33,5.245136186770428,1.0116731517509727,1098,4.272373540856031,34.04,-118.05
4,0,2.7368,29,5.181034482758621,0.9913793103448276,2317,3.329022988505747,38.49,-121.5
5,0,4.1944,33,4.667785234899329,1.0369127516778522,1038,3.483221476510068,34.12,-117.91
6,0,2.239,37,3.697552447552448,1.013986013986014,2842,4.968531468531468,34.03,-118.18
7,0,4.3264,10,5.1652892561983474,1.008264462809917,1055,2.90633608815427,34.05,-117.69
8,0,3.274,30,4.805646036916396,1.0803474484256244,4196,4.5559174809989145,33.89,-118.15
9,0,4.51,9,5.736216216216216,1.0735135135135134,2630,2.843243243243243,34.08,-117.16
10,0,3.4375,46,4.044345898004434,0.9711751662971176,1200,2.660753880266076,33.86,-118.19
11,0,3.023,25,3.441077441077441,0.9797979797979798,1570,5.286195286195286,34.06,-118.05
12,0,2.1029,28,5.063291139240507,0.9430379746835444,450,2.848101265822785,38.69,-121.51
13,0,2.0556,52,4.775956284153006,0.989071038251366,1029,2.8114754098360657,37.77,-122.18
14,0,3.8047,35,5.015037593984962,1.0526315789473684,406,3.0526315789473686,37.75,-122.16
15,1,6.5214,16,7.053726169844021,1.0814558058925476,1543,2.674176776429809,37.67,-121.88
16,1,5.2542,24,6.830645161290323,1.0241935483870968,1078,2.8978494623655915,32.89,-116.94
17,1,3.8846,52,5.305835010060362,1.0845070422535212,1159,2.3319919517102616,37.74,-122.43
18,1,6.4238,24,7.176570458404075,1.0882852292020373,1605,2.724957555178268,33.66,-117.82
19,1,1.7375,37,3.3127705627705626,1.0064935064935066,2556,2.7662337662337664,37.88,-122.34
20,1,11.3176,28,8.082289803220036,1.033989266547406,1489,2.663685152057245,37.38,-122.21
21,1,3.5909,38,4.2630662020905925,1.10801393728223,1312,2.2857142857142856,34.02,-118.39
22,1,3.2642,31,4.397260273972603,1.1213307240704502,1711,3.348336594911937,37.46,-122.13
23,1,4.5795,43,5.866666666666666,1.025,651,2.7125,34.01,-118.44
24,1,3.0956,35,4.485969387755102,1.121173469387755,1632,2.0816326530612246,34.05,-118.38
25,1,6.5814,33,7.435448577680525,1.0940919037199124,1351,2.956236323851204,37.87,-122.11
26,1,2.8835,16,3.85203153426319,1.0594299575500303,5085,3.083687083080655,33.78,-117.89
27,1,6.4018,42,5.480916030534351,1.068702290076336,324,2.473282442748092,34.12,-118.58
28,1,2.8889,30,3.639581657280772,1.0555108608205954,1910,1.5366049879324215,34.08,-118.38
29,1,2.5372,21,3.6130500758725344,1.0637329286798178,1264,1.9180576631259485,36.6,-121.85
0,0,1.7039,48,4.194774346793349,1.0546318289786225,1406,3.339667458432304,37.94,-121.28
1,0,3.875,25,5.601092896174864,1.453551912568306,726,3.9672131147540974,33.86,-117.98
2,0,1.7708,36,3.828358208955224,1.0970149253731345,1316,4.91044776119403,33.97,-118.25
3,0,3.3462,14,18.348754448398576,3.131672597864769,616,2.192170818505338,40.25,-121.15
4,0,1.5909,27,5.327464788732394,1.1056338028169015,1071,3.771126760563381,36.31,-119.64
5,0,1.7393,12,7.848837209302325,1.744186046511628,423,2.459302325581396,40.56,-122.86
6,0,4.0774,35,5.225388601036269,0.9922279792746114,1388,3.5958549222797926,33.92,-118.1
7,0,2.7679,50,5.025821596244131,1.0586854460093895,1777,4.171361502347418,34.11,-118.24
8,0,1.6724,33,4.095959595959596,0.9343434343434344,446,2.2525252525252526,37.79,-121.21
9,0,2.9688,16,5.646739130434782,0.9891304347826086,554,3.010869565217391,39.2,-121.2
10,0,4.3288,23,6.065217391304348,0.9347826086956522,1407,3.0586956521739133,38.55,-121.38
11,0,4.1154,26,6.191044776119403,1.0626865671641792,1228,3.665671641791045,32.63,-117.04
12,0,2.197,30,5.104938271604938,1.021604938271605,1894,2.9228395061728394,36.8,-119.75
13,0,1.8472,52,5.4907063197026025,1.1152416356877324,1065,3.95910780669145,37.78,-122.21
14,0,2.2109,23,5.363128491620111,1.2681564245810055,1161,3.2430167597765363,34.11,-117.24
15,1,4.125,19,5.373737373737374,1.0303030303030305,1317,2.217171717171717,37.94,-122.02
16,1,6.6447,20,6.170940170940171,1.0213675213675213,2757,2.9455128205128207,33.77,-118.31
17,1,6.2154,47,5.953316953316953,1,1010,2.481572481572482,37.48,-122.24
18,1,3.3669,29,4.589877835951135,1.0767888307155322,1071,1.869109947643979,34.15,-118.37
19,1,3.4236,52,4.641255605381166,1.1031390134529149,2030,2.2757847533632285,37.78,-122.46
20,1,3.2112,20,6.517307692307693,1.353846153846154,1309,2.517307692307692,35.6,-121.1
21,1,3.1369,19,4.129729729729729,1.0256756756756755,1561,2.10945945945946,33.91,-118.11
22,1,3.825,34,5.036764705882353,1.0980392156862746,1134,2.7794117647058822,33.91,-118.35
23,1,4.69,35,5.227504244482173,0.9830220713073003,1807,3.067911714770798,34.39,-119.3
24,1,4.6667,4,5.858695652173913,0.8586956521739131,571,3.1032608695652173,32.72,-116.98
25,1,6.0116,34,5.740259740259741,0.9935064935064936,534,3.467532467532468,37.36,-121.97
26,1,4.2891,52,5.099730458221024,1.1185983827493262,1442,3.8867924528301887,37.75,-122.41
27,1,6.4949,32,5.662962962962963,1.101851851851852,1267,2.346296296296296,37.42,-122.11
28,1,2.3359,40,4.47976011994003,1.0344827586206895,2144,3.214392803598201,34.02,-118.13
29,1,3.8681,31,4.977777777777778,1.0098765432098766,1095,2.703703703703704,33.8,-117.83
0,0,2.0575,21,4.901353965183753,1.0715667311411992,1297,2.508704061895551,35.41,-119.02
1,0,2.1696,39,2.724056603773585,1.0212264150943395,1857,4.379716981132075,34.04,-118.28
2,0,4.7622,12,6.672645739910314,1.1345291479820627,675,3.0269058295964126,36.82,-119.86
3,0,1.4415,36,3.967741935483871,0.9032258064516128,737,3.9623655913978495,36.56,-119.6
4,0,1.9798,41,5.218543046357616,1.1225165562913908,1252,4.145695364238411,33.95,-118.25
5,0,2.3533,39,4.842778793418647,1.0457038391224862,1815,3.3180987202925047,35.49,-119.27
6,0,3.1736,26,5.392361111111111,1.046875,1396,2.423611111111111,34.17,-117.28
7,0,3.2868,21,5.944827586206896,1.093103448275862,1006,3.46896551724138,37.04,-120.25
8,0,3.016,32,4.2,0.8987012987012987,1153,2.994805194805195,34,-117.42
9,0,4.3164,6,3.353467561521253,0.977628635346756,1754,3.923937360178971,33.99,-118.22
10,0,4.2206,40,5.164835164835165,0.934065934065934,932,3.413919413919414,33.98,-118.06
11,0,1.2413,11,3.9677002583979326,1.177002583979328,2812,3.6330749354005167,32.69,-117.1
12,0,2.4414,21,4.795148247978437,1.0754716981132075,1446,3.8975741239892185,36.86,-120.51
13,0,2.7986,14,4.586837294332724,1.117001828153565,1814,3.316270566727605,33.75,-117.96
14,0,5.0864,16,6.6573426573426575,1,530,3.706293706293706,32.73,-116.98
15,1,5.4359,25,6.613095238095238,1.0138888888888888,1671,3.3154761904761907,37.51,-121.97
16,1,3.5272,36,5.09556313993174,1.0784982935153584,989,3.3754266211604094,34.03,-118.11
17,1,3.0357,33,4.359756097560975,1.048780487804878,1165,3.551829268292683,34.08,-118.09
18,1,4.5982,44,5.506849315068493,1.0794520547945206,961,2.632876712328767,34.01,-118.41
19,1,4.9219,34,5.965517241379311,1.0057471264367817,578,3.32183908045977,33.82,-117.98
20,1,6.6888,36,6.482213438735178,0.9446640316205532,693,2.739130434782609,34.16,-118.03
21,1,4.675,33,6.360153256704981,1.0613026819923372,741,2.839080459770115,37.99,-122.12
22,1,4.4766,14,5.503311258278146,1.042384105960265,2112,2.797350993377484,35.33,-120.83
23,1,4.1319,33,5.262529832935561,1.081145584725537,1242,2.964200477326969,34.19,-118.54
24,1,4.267,35,5.5315985130111525,0.9628252788104088,1424,2.646840148698885,37.68,-122.14
25,1,3.6528,13,6.259615384615385,0.9807692307692308,301,2.894230769230769,38.25,-121.06
26,1,8.003,18,7.812339331619537,1.069408740359897,3280,2.810625535561268,37.82,-121.98
27,1,4.6452,27,5.048598130841121,1.031152647975078,5023,3.129595015576324,37.65,-122.47
,,,,,,,,,
,,,,,,,,,
,,,,,,,,,
,,,,,,,,,
,,,,,,,,,
,,,,,,,,,
,,,,,,,,,
,,,,,,,,,
,,,,,,,,,
,,,,,,,,,
,,,,,,,,,
,,,,,,,,,
,,,,,,,,,
,,,,,,,,,
,,,,,,,,,
,,,,,,,,,
,,,,,,,,,
,,,,,,,,,
,,,,,,,,,
,,,,,,,,,
,,,,,,,,,
,,,,,,,,,
,,,,,,,,,
,,,,,,,,,
,,,,,,,,,
,,,,,,,,,
,,,,,,,,,
,,,,,,,,,
,,,,,,,,,
,,,,,,,,,
,,,,,,,,,
,,,,,,,,,
,,,,,,,,,
,,,,,,,,,
,,,,,,,,,
,,,,,,,,,
,,,,,,,,,
,,,,,,,,,
,,,,,,,,,
,,,,,,,,,
,,,,,,,,,
,,,,,,,,,
,,,,,,,,,
,,,,,,,,,
,,,,,,,,,
,,,,,,,,,
,,,,,,,,,
,,,,,,,,,
,,,,,,,,,
,,,,,,,,,
,,,,,,,,,
,,,,,,,,,
,,,,,,,,,
,,,,,,,,,
,,,,,,,,,
,,,,,,,,,
,,,,,,,,,
,,,,,,,,,
,,,,,,,,,
,,,,,,,,,
,,,,,,,,,
,,,,,,,,,
,,,,,,,,,
,,,,,,,,,
,,,,,,,,,
,,,,,,,,,
,,,,,,,,,
,,,,,,,,,
,,,,,,,,,
,,,,,,,,,
,,,,,,,,,
,,,,,,,,,
,,,,,,,,,
,,,,,,,,,
,,,,,,,,,
,,,,,,,,,
,,,,,,,,,
,,,,,,,,,
,,,,,,,,,
,,,,,,,,,
,,,,,,,,,
,,,,,,,,,
,,,,,,,,,
,,,,,,,,,
,,,,,,,,,
,,,,,,,,,
,,,,,,,,,
,,,,,,,,,
,,,,,,,,,
,,,,,,,,,
,,,,,,,,,
,,,,,,,,,
,,,,,,,,,
,,,,,,,,,
,,,,,,,,,
,,,,,,,,,
,,,,,,,,,
,,,,,,,,,
,,,,,,,,,
,,,,,,,,,
,,,,,,,,,
,,,,,,,,,
,,,,,,,,,
,,,,,,,,,
,,,,,,,,,
,,,,,,,,,
,,,,,,,,,
,,,,,,,,,
,,,,,,,,,
,,,,,,,,,
,,,,,,,,,
,,,,,,,,,
,,,,,,,,,
,,,,,,,,,
,,,,,,,,,
,,,,,,,,,
,,,,,,,,,
,,,,,,,,,
,,,,,,,,,
,,,,,,,,,
,,,,,,,,,
,,,,,,,,,
,,,,,,,,,
,,,,,,,,,
,,,,,,,,,
,,,,,,,,,
,,,,,,,,,
,,,,,,,,,
,,,,,,,,,
,,,,,,,,,
,,,,,,,,,
,,,,,,,,,
,,,,,,,,,
,,,,,,,,,
,,,,,,,,,
,,,,,,,,,
,,,,,,,,,
,,,,,,,,,
,,,,,,,,,
,,,,,,,,,
,,,,,,,,,
,,,,,,,,,
,,,,,,,,,
,,,,,,,,,
,,,,,,,,,
,,,,,,,,,
,,,,,,,,,
,,,,,,,,,
,,,,,,,,,
,,,,,,,,,
,,,,,,,,,
,,,,,,,,,
,,,,,,,,,
,,,,,,,,,
,,,,,,,,,
,,,,,,,,,
,,,,,,,,,
,,,,,,,,,
,,,,,,,,,
,,,,,,,,,
,,,,,,,,,
,,,,,,,,,
,,,,,,,,,
,,,,,,,,,
,,,,,,,,,
,,,,,,,,,
,,,,,,,,,
,,,,,,,,,
,,,,,,,,,
,,,,,,,,,
,,,,,,,,,
,,,,,,,,,
,,,,,,,,,
,,,,,,,,,
,,,,,,,,,
,,,,,,,,,
,,,,,,,,,
,,,,,,,,,
,,,,,,,,,
,,,,,,,,,
,,,,,,,,,
,,,,,,,,,
,,,,,,,,,
,,,,,,,,,
,,,,,,,,,
,,,,,,,,,
,,,,,,,,,
,,,,,,,,,
,,,,,,,,,
,,,,,,,,,
,,,,,,,,,
,,,,,,,,,
,,,,,,,,,
,,,,,,,,,
,,,,,,,,,
,,,,,,,,,
,,,,,,,,,
,,,,,,,,,
,,,,,,,,,
,,,,,,,,,
,,,,,,,,,
,,,,,,,,,
,,,,,,,,,
,,,,,,,,,
,,,,,,,,,
,,,,,,,,,
,,,,,,,,,
,,,,,,,,,
,,,,,,,,,
,,,,,,,,,
,,,,,,,,,
,,,,,,,,,
,,,,,,,,,
,,,,,,,,,
,,,,,,,,,
,,,,,,,,,
,,,,,,,,,
,,,,,,,,,
,,,,,,,,,
,,,,,,,,,
,,,,,,,,,
,,,,,,,,,
,,,,,,,,,
,,,,,,,,,
,,,,,,,,,
,,,,,,,,,
,,,,,,,,,
,,,,,,,,,
,,,,,,,,,
,,,,,,,,,
,,,,,,,,,
,,,,,,,,,
,,,,,,,,,
,,,,,,,,,
,,,,,,,,,
,,,,,,,,,
,,,,,,,,,
,,,,,,,,,
,,,,,,,,,
,,,,,,,,,
,,,,,,,,,
,,,,,,,,,
,,,,,,,,,
,,,,,,,,,
,,,,,,,,,
,,,,,,,,,
,,,,,,,,,
,,,,,,,,,
,,,,,,,,,
,,,,,,,,,
,,,,,,,,,
,,,,,,,,,
,,,,,,,,,
,,,,,,,,,
,,,,,,,,,
,,,,,,,,,
,,,,,,,,,
,,,,,,,,,
,,,,,,,,,
,,,,,,,,,
,,,,,,,,,
,,,,,,,,,
,,,,,,,,,
,,,,,,,,,
,,,,,,,,,
,,,,,,,,,
,,,,,,,,,
,,,,,,,,,
,,,,,,,,,
,,,,,,,,,
,,,,,,,,,
,,,,,,,,,
,,,,,,,,,
,,,,,,,,,
,,,,,,,,,
,,,,,,,,,
,,,,,,,,,
,,,,,,,,,
,,,,,,,,,
,,,,,,,,,
,,,,,,,,,
,,,,,,,,,
,,,,,,,,,
,,,,,,,,,
,,,,,,,,,
,,,,,,,,,
,,,,,,,,,
,,,,,,,,,
,,,,,,,,,
,,,,,,,,,
,,,,,,,,,
,,,,,,,,,
,,,,,,,,,
,,,,,,,,,
,,,,,,,,,
,,,,,,,,,
,,,,,,,,,
,,,,,,,,,
,,,,,,,,,
,,,,,,,,,
,,,,,,,,,
,,,,,,,,,
,,,,,,,,,
,,,,,,,,,
,,,,,,,,,
,,,,,,,,,
,,,,,,,,,
,,,,,,,,,
,,,,,,,,,
,,,,,,,,,
,,,,,,,,,
,,,,,,,,,
,,,,,,,,,
,,,,,,,,,
,,,,,,,,,
,,,,,,,,,
,,,,,,,,,
,,,,,,,,,
,,,,,,,,,
,,,,,,,,,
,,,,,,,,,
,,,,,,,,,
,,,,,,,,,
,,,,,,,,,
,,,,,,,,,
,,,,,,,,,
,,,,,,,,,
,,,,,,,,,
,,,,,,,,,
,,,,,,,,,
,,,,,,,,,
,,,,,,,,,
,,,,,,,,,
,,,,,,,,,
,,,,,,,,,
,,,,,,,,,
,,,,,,,,,
,,,,,,,,,
,,,,,,,,,
,,,,,,,,,
,,,,,,,,,
,,,,,,,,,
,,,,,,,,,
,,,,,,,,,
,,,,,,,,,
,,,,,,,,,
,,,,,,,,,
,,,,,,,,,
,,,,,,,,,
,,,,,,,,,
,,,,,,,,,
,,,,,,,,,
,,,,,,,,,
,,,,,,,,,
,,,,,,,,,
,,,,,,,,,
,,,,,,,,,
,,,,,,,,,
,,,,,,,,,
,,,,,,,,,
,,,,,,,,,
,,,,,,,,,
,,,,,,,,,
,,,,,,,,,
,,,,,,,,,
,,,,,,,,,
,,,,,,,,,
,,,,,,,,,
,,,,,,,,,
,,,,,,,,,
,,,,,,,,,
,,,,,,,,,
,,,,,,,,,
,,,,,,,,,
,,,,,,,,,
,,,,,,,,,
,,,,,,,,,
,,,,,,,,,
,,,,,,,,,
,,,,,,,,,
,,,,,,,,,
,,,,,,,,,
,,,,,,,,,
,,,,,,,,,
,,,,,,,,,
,,,,,,,,,
,,,,,,,,,
,,,,,,,,,
,,,,,,,,,
,,,,,,,,,
,,,,,,,,,
,,,,,,,,,
,,,,,,,,,
,,,,,,,,,
,,,,,,,,,
,,,,,,,,,
,,,,,,,,,
,,,,,,,,,
,,,,,,,,,
,,,,,,,,,
,,,,,,,,,
,,,,,,,,,
,,,,,,,,,
,,,,,,,,,
,,,,,,,,,
,,,,,,,,,
,,,,,,,,,
,,,,,,,,,
,,,,,,,,,
,,,,,,,,,
,,,,,,,,,
,,,,,,,,,
,,,,,,,,,
,,,,,,,,,
,,,,,,,,,
,,,,,,,,,
,,,,,,,,,
,,,,,,,,,
,,,,,,,,,
,,,,,,,,,
,,,,,,,,,
,,,,,,,,,
,,,,,,,,,
,,,,,,,,,
,,,,,,,,,
,,,,,,,,,
,,,,,,,,,
,,,,,,,,,
,,,,,,,,,
,,,,,,,,,
,,,,,,,,,
,,,,,,,,,
,,,,,,,,,
,,,,,,,,,
,,,,,,,,,
,,,,,,,,,
,,,,,,,,,
,,,,,,,,,
,,,,,,,,,
,,,,,,,,,
,,,,,,,,,
,,,,,,,,,
,,,,,,,,,
,,,,,,,,,
,,,,,,,,,
,,,,,,,,,
,,,,,,,,,
,,,,,,,,,
,,,,,,,,,
,,,,,,,,,
,,,,,,,,,
,,,,,,,,,
,,,,,,,,,
,,,,,,,,,
,,,,,,,,,
,,,,,,,,,
,,,,,,,,,
,,,,,,,,,
,,,,,,,,,
,,,,,,,,,
,,,,,,,,,
,,,,,,,,,
,,,,,,,,,
,,,,,,,,,
,,,,,,,,,
,,,,,,,,,
,,,,,,,,,
,,,,,,,,,
,,,,,,,,,
,,,,,,,,,
,,,,,,,,,
,,,,,,,,,
,,,,,,,,,
,,,,,,,,,
,,,,,,,,,
,,,,,,,,,
,,,,,,,,,
,,,,,,,,,
,,,,,,,,,
,,,,,,,,,
,,,,,,,,,
,,,,,,,,,
,,,,,,,,,
,,,,,,,,,
,,,,,,,,,
,,,,,,,,,
,,,,,,,,,
,,,,,,,,,
,,,,,,,,,
,,,,,,,,,
,,,,,,,,,
,,,,,,,,,
,,,,,,,,,
,,,,,,,,,
,,,,,,,,,
,,,,,,,,,
,,,,,,,,,
,,,,,,,,,
,,,,,,,,,
,,,,,,,,,
,,,,,,,,,
,,,,,,,,,
,,,,,,,,,
,,,,,,,,,
,,,,,,,,,
,,,,,,,,,
,,,,,,,,,
,,,,,,,,,
,,,,,,,,,
,,,,,,,,,
,,,,,,,,,
,,,,,,,,,
,,,,,,,,,
,,,,,,,,,
,,,,,,,,,
,,,,,,,,,
,,,,,,,,,
,,,,,,,,,
,,,,,,,,,
,,,,,,,,,
,,,,,,,,,
,,,,,,,,,
,,,,,,,,,
,,,,,,,,,
,,,,,,,,,
,,,,,,,,,
,,,,,,,,,
,,,,,,,,,
,,,,,,,,,
,,,,,,,,,
,,,,,,,,,
,,,,,,,,,
,,,,,,,,,
,,,,,,,,,
,,,,,,,,,
,,,,,,,,,
,,,,,,,,,
,,,,,,,,,
,,,,,,,,,
,,,,,,,,,
,,,,,,,,,
,,,,,,,,,
,,,,,,,,,
,,,,,,,,,
,,,,,,,,,
,,,,,,,,,
,,,,,,,,,
,,,,,,,,,
,,,,,,,,,
,,,,,,,,,
,,,,,,,,,
,,,,,,,,,
,,,,,,,,,
,,,,,,,,,
,,,,,,,,,
,,,,,,,,,
,,,,,,,,,
,,,,,,,,,
,,,,,,,,,
,,,,,,,,,
,,,,,,,,,
,,,,,,,,,
,,,,,,,,,
,,,,,,,,,
,,,,,,,,,
,,,,,,,,,
,,,,,,,,,
,,,,,,,,,
,,,,,,,,,
,,,,,,,,,
,,,,,,,,,
,,,,,,,,,
,,,,,,,,,
,,,,,,,,,
,,,,,,,,,
,,,,,,,,,
,,,,,,,,,
,,,,,,,,,
,,,,,,,,,
,,,,,,,,,
,,,,,,,,,
,,,,,,,,,
,,,,,,,,,
,,,,,,,,,
,,,,,,,,,
,,,,,,,,,
,,,,,,,,,
,,,,,,,,,
,,,,,,,,,
,,,,,,,,,
,,,,,,,,,
,,,,,,,,,
,,,,,,,,,
,,,,,,,,,
,,,,,,,,,
,,,,,,,,,
,,,,,,,,,
,,,,,,,,,
,,,,,,,,,
,,,,,,,,,
,,,,,,,,,
,,,,,,,,,
,,,,,,,,,
,,,,,,,,,
,,,,,,,,,
,,,,,,,,,
,,,,,,,,,
,,,,,,,,,
,,,,,,,,,
,,,,,,,,,
,,,,,,,,,
,,,,,,,,,
,,,,,,,,,
,,,,,,,,,
,,,,,,,,,
,,,,,,,,,
,,,,,,,,,
,,,,,,,,,
,,,,,,,,,
,,,,,,,,,
,,,,,,,,,
,,,,,,,,,
,,,,,,,,,
,,,,,,,,,
,,,,,,,,,
,,,,,,,,,
,,,,,,,,,
,,,,,,,,,
,,,,,,,,,
,,,,,,,,,
,,,,,,,,,
,,,,,,,,,
,,,,,,,,,
,,,,,,,,,
,,,,,,,,,
,,,,,,,,,
,,,,,,,,,
,,,,,,,,,
,,,,,,,,,
,,,,,,,,,
,,,,,,,,,
,,,,,,,,,
,,,,,,,,,
,,,,,,,,,
,,,,,,,,,
,,,,,,,,,
,,,,,,,,,
,,,,,,,,,
,,,,,,,,,
,,,,,,,,,
,,,,,,,,,
,,,,,,,,,
,,,,,,,,,
,,,,,,,,,
,,,,,,,,,
,,,,,,,,,
,,,,,,,,,
,,,,,,,,,
,,,,,,,,,
,,,,,,,,,
,,,,,,,,,
,,,,,,,,,
,,,,,,,,,
,,,,,,,,,
,,,,,,,,,
,,,,,,,,,
,,,,,,,,,
,,,,,,,,,
,,,,,,,,,
,,,,,,,,,
,,,,,,,,,
,,,,,,,,,
,,,,,,,,,
,,,,,,,,,
,,,,,,,,,
,,,,,,,,,
,,,,,,,,,
,,,,,,,,,
,,,,,,,,,
,,,,,,,,,
,,,,,,,,,
,,,,,,,,,
,,,,,,,,,
,,,,,,,,,
,,,,,,,,,
,,,,,,,,,
,,,,,,,,,
,,,,,,,,,
,,,,,,,,,
,,,,,,,,,
,,,,,,,,,
,,,,,,,,,
,,,,,,,,,
,,,,,,,,,
,,,,,,,,,
,,,,,,,,,
,,,,,,,,,
,,,,,,,,,
,,,,,,,,,
,,,,,,,,,
,,,,,,,,,
,,,,,,,,,
,,,,,,,,,
,,,,,,,,,
,,,,,,,,,
,,,,,,,,,
,,,,,,,,,
,,,,,,,,,
,,,,,,,,,
,,,,,,,,,
,,,,,,,,,
,,,,,,,,,
,,,,,,,,,
,,,,,,,,,
,,,,,,,,,
,,,,,,,,,
,,,,,,,,,
,,,,,,,,,
,,,,,,,,,
,,,,,,,,,
,,,,,,,,,
,,,,,,,,,
,,,,,,,,,
,,,,,,,,,
,,,,,,,,,
,,,,,,,,,
,,,,,,,,,
,,,,,,,,,
,,,,,,,,,
,,,,,,,,,
,,,,,,,,,
,,,,,,,,,
,,,,,,,,,
,,,,,,,,,
,,,,,,,,,
,,,,,,,,,
,,,,,,,,,
,,,,,,,,,
,,,,,,,,,
,,,,,,,,,
,,,,,,,,,
,,,,,,,,,
,,,,,,,,,
,,,,,,,,,
,,,,,,,,,
,,,,,,,,,
,,,,,,,,,
,,,,,,,,,
,,,,,,,,,
,,,,,,,,,
,,,,,,,,,
,,,,,,,,,
,,,,,,,,,
,,,,,,,,,
,,,,,,,,,
,,,,,,,,,
,,,,,,,,,
,,,,,,,,,
,,,,,,,,,
,,,,,,,,,
,,,,,,,,,
,,,,,,,,,
,,,,,,,,,
,,,,,,,,,
,,,,,,,,,
,,,,,,,,,
,,,,,,,,,
,,,,,,,,,
,,,,,,,,,
,,,,,,,,,
,,,,,,,,,
,,,,,,,,,
,,,,,,,,,
,,,,,,,,,
,,,,,,,,,
,,,,,,,,,
,,,,,,,,,
,,,,,,,,,
,,,,,,,,,
,,,,,,,,,
,,,,,,,,,
,,,,,,,,,
,,,,,,,,,
,,,,,,,,,
,,,,,,,,,
,,,,,,,,,
,,,,,,,,,
,,,,,,,,,
,,,,,,,,,
,,,,,,,,,
,,,,,,,,,
,,,,,,,,,
,,,,,,,,,
,,,,,,,,,
,,,,,,,,,
,,,,,,,,,
,,,,,,,,,
,,,,,,,,,
,,,,,,,,,
,,,,,,,,,
,,,,,,,,,
,,,,,,,,,
,,,,,,,,,
,,,,,,,,,
,,,,,,,,,
,,,,,,,,,
,,,,,,,,,
,,,,,,,,,
,,,,,,,,,
,,,,,,,,,
,,,,,,,,,
,,,,,,,,,
,,,,,,,,,
,,,,,,,,,
,,,,,,,,,
,,,,,,,,,
,,,,,,,,,
,,,,,,,,,
,,,,,,,,,
,,,,,,,,,
,,,,,,,,,
,,,,,,,,,
,,,,,,,,,
,,,,,,,,,
,,,,,,,,,
,,,,,,,,,
,,,,,,,,,
,,,,,,,,,
,,,,,,,,,
,,,,,,,,,
,,,,,,,,,
,,,,,,,,,
,,,,,,,,,
,,,,,,,,,
,,,,,,,,,
,,,,,,,,,
,,,,,,,,,
,,,,,,,,,
,,,,,,,,,
,,,,,,,,,
,,,,,,,,,
,,,,,,,,,
,,,,,,,,,
,,,,,,,,,
,,,,,,,,,
,,,,,,,,,
,,,,,,,,,
,,,,,,,,,
,,,,,,,,,
,,,,,,,,,
,,,,,,,,,
,,,,,,,,,
,,,,,,,,,
,,,,,,,,,
,,,,,,,,,
,,,,,,,,,
,,,,,,,,,
,,,,,,,,,
,,,,,,,,,
,,,,,,,,,
,,,,,,,,,
,,,,,,,,,
,,,,,,,,,
,,,,,,,,,
,,,,,,,,,
,,,,,,,,,
,,,,,,,,,
,,,,,,,,,
,,,,,,,,,
,,,,,,,,,
,,,,,,,,,
,,,,,,,,,
,,,,,,,,,
,,,,,,,,,
,,,,,,,,,
,,,,,,,,,
,,,,,,,,,
,,,,,,,,,
,,,,,,,,,
,,,,,,,,,
,,,,,,,,,
,,,,,,,,,
,,,,,,,,,
,,,,,,,,,
,,,,,,,,,
,,,,,,,,,
,,,,,,,,,
,,,,,,,,,
,,,,,,,,,
,,,,,,,,,
,,,,,,,,,
,,,,,,,,,
,,,,,,,,,
,,,,,,,,,
,,,,,,,,,
,,,,,,,,,
,,,,,,,,,
,,,,,,,,,
,,,,,,,,,
,,,,,,,,,
,,,,,,,,,
,,,,,,,,,
,,,,,,,,,
,,,,,,,,,
,,,,,,,,,
,,,,,,,,,
,,,,,,,,,
,,,,,,,,,
,,,,,,,,,
,,,,,,,,,
,,,,,,,,,
,,,,,,,,,
,,,,,,,,,
,,,,,,,,,
,,,,,,,,,
,,,,,,,,,
,,,,,,,,,
,,,,,,,,,
,,,,,,,,,
,,,,,,,,,
,,,,,,,,,
,,,,,,,,,
,,,,,,,,,
,,,,,,,,,
,,,,,,,,,
,,,,,,,,,
,,,,,,,,,
,,,,,,,,,
,,,,,,,,,
,,,,,,,,,
,,,,,,,,,
,,,,,,,,,
,,,,,,,,,
,,,,,,,,,
,,,,,,,,,
,,,,,,,,,
,,,,,,,,,
,,,,,,,,,
,,,,,,,,,
,,,,,,,,,
,,,,,,,,,
,,,,,,,,,
,,,,,,,,,
,,,,,,,,,
,,,,,,,,,
,,,,,,,,,
,,,,,,,,,
,,,,,,,,,
,,,,,,,,,
,,,,,,,,,
,,,,,,,,,
,,,,,,,,,
,,,,,,,,,
,,,,,,,,,
,,,,,,,,,
,,,,,,,,,
,,,,,,,,,
,,,,,,,,,
,,,,,,,,,
,,,,,,,,,
,,,,,,,,,
,,,,,,,,,
,,,,,,,,,
,,,,,,,,,
,,,,,,,,,
,,,,,,,,,
,,,,,,,,,
,,,,,,,,,
,,,,,,,,,
,,,,,,,,,
,,,,,,,,,
,,,,,,,,,
,,,,,,,,,
,,,,,,,,,
,,,,,,,,,
,,,,,,,,,
,,,,,,,,,
,,,,,,,,,
,,,,,,,,,
,,,,,,,,,
,,,,,,,,,
,,,,,,,,,
,,,,,,,,,
,,,,,,,,,
,,,,,,,,,
,,,,,,,,,
,,,,,,,,,
,,,,,,,,,
