synindex,class,fLength:,fWidth:,fSize:,fConc:,fConc1:,fAsym:,fM3Long:,fM3Trans:,fAlpha:,fDist:
1,0,21.4163,6.7823,2.0917,0.7287,0.4332,21.9518,13.9936,6.3718,35.26,241.902
2,0,13.2143,11.0568,2.4188,0.6939,0.452,4.592,-13.5666,-7.5881,16.1159,94.949
3,0,60.6713,25.5656,2.8254,0.3916,0.228,56.2707,33.9634,-12.2984,2.2138,82.8309
4,0,145.0981,37.3401,3.3006,0.3226,0.1608,-142.7185,-59.4234,-17.7825,0.7016,212.3744
5,0,82.0339,17.6929,3.0592,0.336,0.1715,-52.7646,64.1299,12.1437,25.7451,317.294
6,0,165.7779,86.2292,3.9304,0.137,0.0471,-113.6932,-175.2649,-43.4581,50.7399,235.8158
7,0,57.2363,8.4897,2.7338,0.3711,0.2273,-3.1795,28.4301,-2.471,51.5428,129.2225
8,0,32.9759,15.2198,2.5682,0.3892,0.2014,36.4556,29.8238,-9.9853,14.964,245.289
9,0,178.3754,48.6087,3.8877,0.1557,0.0918,-76.401,-165.0751,-7.0248,60.5954,342.8572
10,0,87.4712,17.2932,3.1227,0.3777,0.1919,8.676,46.5491,-6.6282,23.8279,369.292
11,0,82.5729,17.0496,3.1355,0.2211,0.1168,-119.471,-28.5004,-6.629,30.3002,213.069
12,0,19.3139,12.2773,2.5152,0.6015,0.3344,14.8885,16.1281,4.4356,63.5259,222.127
13,0,81.9549,44.1941,3.204,0.2267,0.1388,54.0726,44.1463,41.2417,89.4604,205.978
14,0,21.9136,16.6953,2.5646,0.301,0.1609,-11.7473,21.6509,-17.9476,31.0498,117.6349
15,0,49.2132,12.9539,2.6814,0.6455,0.3802,51.3474,23.7427,-9.8941,5.3502,157.6193
16,1,37.3516,16.8653,2.7882,0.3958,0.2093,4.4937,31.5053,-11.6112,1.713,184.572
17,1,35.6382,17.5993,2.7987,0.2639,0.1391,-26.7832,21.7653,9.2033,14.224,178.909
18,1,31.9607,23.206,2.9969,0.2518,0.1344,-0.1172,15.2445,11.5945,10.176,139.356
19,1,46.9886,27.1472,2.9009,0.2437,0.1225,63.7124,28.5851,-23.8536,29.2213,147.526
20,1,75.3209,32.3544,3.3055,0.3979,0.2502,46.5909,44.4458,25.6188,2.001,407.345
21,1,19.3043,18.0716,2.3802,0.4292,0.2562,13.9881,16.0234,-15.1188,63.709,118.949
22,1,24.8861,11.3642,2.659,0.5197,0.3081,-7.4299,-12.0184,10.3272,12.957,144.052
23,1,20.6393,16.5652,2.4116,0.438,0.2384,-0.9615,6.9154,11.0476,41.187,101.55
24,1,58.6495,27.8697,3.0837,0.1814,0.0961,-6.1004,-38.1196,-12.0952,6.845,263.348
25,1,18.8638,7.0231,2.3043,0.8337,0.4194,-7.5519,12.3037,-2.664,50.3182,167.844
26,1,42.9123,35.0966,3.6205,0.1917,0.1156,-2.3716,-37.3538,19.1961,44.927,29.3704
27,1,76.099,18.7547,2.8639,0.3461,0.2209,-90.7206,-52.0151,-19.5767,3.46,271.43
28,1,23.2823,11.9064,2.5119,0.4892,0.2846,12.3782,10.1816,5.7956,16.6009,222.446
29,1,62.1599,19.1734,2.9304,0.2617,0.1403,26.2062,42.0676,-13.3103,2.228,235.656
30,1,28.6176,22.6032,2.7348,0.2983,0.174,10.3783,11.4826,-4.7895,59.415,118.507
31,0,153.45,20.2858,2.5888,0.4201,0.2204,-103.246,-100.625,18.6148,11.4194,322.091
32,0,13.7202,9.5579,2.1737,0.6989,0.3634,17.6343,-14.3193,10.2561,65.839,206.5818
33,0,120.657,29.6804,3.2688,0.1974,0.0985,-139.6079,63.7978,-30.0938,19.0904,276.3924
34,0,19.5688,12.2755,2.1932,0.7355,0.3954,5.0862,9.0451,-11.7063,43.7839,197.4573
35,0,45.7594,31.4493,2.923,0.1648,0.0854,-33.0647,-31.0978,5.5287,36.1302,142.638
36,0,41.7329,13.4302,2.7505,0.4336,0.229,6.9762,-9.1693,-5.939,55.0425,43.0465
37,0,129.2454,36.8891,3.0342,0.2866,0.1496,-119.0226,-39.7542,20.9825,23.4792,294.9641
38,0,24.9532,22.0362,2.8069,0.312,0.1599,4.912,-12.9585,9.2707,3.4894,54.5603
39,0,25.3194,15.9571,2.636,0.4347,0.2208,22.7963,21.7093,12.3131,2.3,140.016
40,0,13.9169,13.1987,2.5889,0.6279,0.3785,-17.4185,11.258,-11.8253,12.1456,141.9999
41,0,92.2797,19.7173,2.734,0.393,0.2186,74.5464,85.7441,14.3202,50.299,310.806
42,0,26.0508,9.2468,2.4691,0.5637,0.3243,29.2039,20.307,5.6914,16.816,176.208
43,0,185.738,27.0053,2.8998,0.5441,0.3797,-126.919,-188.579,-18.6711,2.507,361.465
44,0,94.5228,37.9375,2.944,0.2503,0.1564,38.7863,65.5511,-26.0649,72.0735,150.495
45,0,36.6168,9.0362,2.7462,0.4951,0.2915,28.17,29.6638,-5.9013,14.718,81.0417
46,1,79.1583,24.6871,3.3296,0.1423,0.0719,89.5089,71.2373,17.0785,13.056,209.028
47,1,46.3906,26.0811,3.3427,0.203,0.1292,23.3161,-28.059,19.9546,1.818,180.959
48,1,17.8044,9.3625,2.3655,0.6897,0.5065,5.1677,-13.0708,-9.6262,25.3875,219.397
49,1,69.6265,23.0888,2.8716,0.3992,0.2345,-3.697,67.5898,24.9519,8.256,326.198
50,1,80.2192,25.8956,3.4586,0.24,0.147,-46.6524,68.0245,18.4844,0.146,315.008
51,1,50.9972,28.1852,3.3969,0.1688,0.0896,23.669,30.9557,10.2588,1.139,203.657
52,1,20.4916,16.0929,2.4433,0.6018,0.4162,13.2315,21.1434,-7.7435,23.468,72.9904
53,1,88.1093,20.6028,2.7589,0.2718,0.1542,56.4569,72.0646,5.3155,8.618,173.233
54,1,25.4798,10.1972,2.3811,0.4699,0.2391,4.4026,19.821,-7.0432,0.0365,191.305
55,1,97.2091,33.2444,4.0381,0.1009,0.0536,-21.5963,85.6669,-9.6149,0.6959,282.715
56,1,81.8705,37.9568,3.9073,0.1015,0.0537,-65.4696,71.1468,20.7158,0.227,260.36
57,1,42.134,18.3822,2.5933,0.3673,0.2079,34.5735,37.3944,-12.497,26.9644,162.403
58,1,28.6367,15.9811,2.639,0.4225,0.2331,37.9999,16.8384,-15.9181,2.3458,127.406
59,1,35.5793,19.1013,3.0284,0.3091,0.1719,-5.288,22.0654,12.1228,12.398,206.159
60,1,25.9857,18.4585,2.5231,0.3538,0.1814,-25.48,-6.2044,15.217,56.1948,190.33
61,0,70.2697,17.3377,3.0497,0.2599,0.1748,19.7213,23.8731,-16.4564,36.7882,136.4736
62,0,56.994,22.3083,2.7493,0.3544,0.2235,33.4186,48.9174,-20.1552,82.408,237.919
63,0,162.889,101.529,3.5138,0.0962,0.0492,78.8704,150.729,88.6735,26.352,177.565
64,0,146.809,75.5803,3.2641,0.0887,0.049,106.6607,142.2974,32.4066,78.6336,176.4249
65,0,295.672,136.9041,3.3433,0.1913,0.1174,-169.8886,-318.3002,101.9497,53.1805,293.553
66,0,49.0238,9.7021,2.7649,0.4089,0.2225,-44.8007,-29.8157,5.332,8.0425,137.463
67,0,20.663,10.0563,2.57,0.7376,0.4643,18.3592,18.1629,-8.5926,42.481,160.101
68,0,156.802,49.1202,3.7325,0.1248,0.066,-186.225,-143.034,-43.9286,32.2366,317.194
69,0,104.557,56.7628,3.2757,0.2995,0.1529,-41.1132,-92.0735,53.2478,5.689,299.67
70,0,66.5892,33.1708,3.1194,0.2309,0.15,32.4913,45.4621,17.3933,22.501,135.914
71,0,16.2518,10.4497,2.4513,0.606,0.3333,-0.1087,-8.2122,8.7514,40.5029,94.633
72,0,21.586,17.1483,2.9789,0.3081,0.1819,1.946,-14.1609,13.312,66.7792,165.7869
73,0,265.5424,69.4251,3.2266,0.2337,0.1531,464.631,-287.3636,42.0901,74.8054,145.7859
74,0,121.365,34.3858,3.0867,0.1785,0.0897,-188.854,92.6046,-9.7029,1.857,230.96
75,0,42.4086,12.091,2.6699,0.4189,0.22,-29.0523,-37.0994,11.9963,88.3359,191.8569
76,1,20.0115,7.3633,2.0588,0.7162,0.4061,-0.7875,6.4702,5.3292,44.067,34.8095
77,1,74.6238,25.2649,3.4509,0.1352,0.0724,64.6802,60.7593,9.3805,15.92,240.052
78,1,63.3715,22.8596,3.0152,0.1999,0.1067,27.7348,42.5924,-12.7436,4.4256,252.271
79,1,17.2906,11.1882,2.1732,0.557,0.2919,-0.1805,3.378,-3.9301,57.878,195.248
80,1,90.4316,22.0719,3.4254,0.1881,0.1065,-54.9513,79.3479,13.1124,5.117,285.011
81,1,19.7576,7.3677,2.0917,0.7449,0.417,2.2005,-8.8224,-4.9836,17.401,136.693
0,class,fLength:,fWidth:,fSize:,fConc:,fConc1:,fAsym:,fM3Long:,fM3Trans:,fAlpha:,fDist
1,0,0,29.1157,15.4214,2.633,0.3234,0.2029,-35.2034,-21.0584,10.8939,19.0248
2,0,0,19.0828,12.085,2.6056,0.5541,0.2968,-2.6998,16.489,3.5801,45.0719
3,0,0,122.8869,25.5638,3.0987,0.2301,0.1158,-112.4332,-108.4666,13.9595,61.9702
4,0,0,107.7974,19.0251,3.1179,0.2478,0.1498,-88.4741,56.679,7.3541,47.4624
5,0,0,227.879,119.071,4.4173,0.049,0.0252,-174.431,-223.334,-53.7775,40.641
6,0,0,28.2527,9.9309,2.4541,0.5343,0.2759,24.5282,-21.9596,6.3961,49.9964
7,0,0,17.7798,8.392,2.3856,0.716,0.5535,2.2578,-11.4127,-9.5026,86.1352
8,0,0,16.5794,10.1502,2.3312,0.4755,0.2639,24.6394,11.9279,9.1115,42.4078
9,0,0,41.6677,11.2586,2.7431,0.383,0.234,-16.0474,-23.8045,2.1218,38.31
10,0,0,38.0172,27.9321,3.0021,0.1809,0.0925,-10.9459,-5.9003,-13.3226,67.724
11,0,0,61.7727,52.9601,3.0999,0.2768,0.1635,9.7267,-57.2132,57.3506,18.1415
12,0,0,21.4159,12.1067,2.6623,0.5049,0.3101,26.0936,10.7647,8.3197,12.174
13,0,0,69.2226,13.3692,3.1438,0.2219,0.1253,48.6375,54.0125,-4.6134,41.279
14,0,0,55.1008,12.5396,3.0355,0.2813,0.1567,-41.6021,0.3523,-6.6254,66.513
15,0,0,13.8441,8.4785,2.3971,0.8778,0.523,-12.66,-9.184,11.1124,20.5565
16,1,1,47.3598,17.2387,3.0781,0.2673,0.1449,-40.3492,-26.4639,-7.8437,3.1134
17,1,1,92.7062,18.1531,2.8822,0.223,0.1292,-170.772,78.0131,10.9458,0.9333
18,1,1,24.6723,20.2049,2.4548,0.4456,0.2333,5.5508,15.9039,18.0809,52.307
19,1,1,25.5165,15.0138,2.6253,0.4621,0.2713,0.6638,23.9959,-8.2883,26.9872
20,1,1,25.4375,15.5154,2.8136,0.4101,0.222,0.3544,10.0621,9.219,9.8822
21,1,1,34.4321,14.9672,2.4654,0.4075,0.2277,2.1277,-19.542,-13.3458,80.2965
22,1,1,53.0029,16.622,2.8707,0.2559,0.1313,2.0391,-7.0839,8.6813,0.107
23,1,1,30.8618,18.3281,2.8627,0.3731,0.2476,11.5443,29.4609,-14.611,23.1046
24,1,1,34.7458,21.9104,3.0687,0.2996,0.1831,22.3991,17.3737,9.7927,1.7171
25,1,1,69.8848,15.596,2.6642,0.3489,0.1939,60.2681,51.4932,-10.374,0.9472
26,1,1,28.1559,14.9064,2.549,0.3757,0.1907,12.9578,12.4334,7.1315,25.4801
27,1,1,30.8978,13.8836,2.8488,0.4391,0.2812,14.261,29.9884,-6.0247,14.4319
28,1,1,90.2585,20.3062,3.385,0.2769,0.1716,-49.6865,70.6911,20.2177,1.981
29,1,1,27.9778,12.0396,2.5821,0.4607,0.2369,4.3474,25.099,8.4659,16.055
30,1,1,93.5575,21.1771,3.1928,0.1783,0.0914,-99.0496,63.7391,7.725,5.4461
31,0,0,20.9059,11.2361,2.238,0.5607,0.2861,11.3707,19.1314,9.3868,47.3096
32,0,0,137.7972,52.4945,3.623,0.0574,0.0435,-56.9186,-121.8202,-31.5934,51.3917
33,0,0,34.1637,9.4153,2.769,0.5055,0.2834,-9.194,17.1486,6.306,64.752
34,0,0,70.2549,9.1898,3.1682,0.1791,0.1246,92.7943,-23.7721,-10.5131,63.7323
35,0,0,31.2934,8.1559,2.5366,0.5577,0.3076,49.5856,27.4488,-7.2606,85.5028
36,0,0,39.6656,10.1886,2.7985,0.368,0.2031,26.0259,31.9409,1.1293,73.7519
37,0,0,53.4534,25.4135,3.0905,0.3574,0.2098,53.3382,38.388,20.1652,82.2188
38,0,0,20.8247,7.1719,2.0233,0.7014,0.3554,-1.3973,8.6766,6.0362,39.435
39,0,0,56.6405,27.3232,2.8002,0.2651,0.1516,-29.8651,-58.5607,15.0253,45.5122
40,0,0,31.5154,8.4687,2.778,0.5424,0.3228,-21.7561,15.9017,-11.2787,14.3231
41,0,0,16.8093,16.6981,2.5152,0.4885,0.2763,-2.4459,-9.8945,15.6203,67.2839
42,0,0,18.5741,11.4615,2.5299,0.5898,0.3624,9.1045,30.6896,2.2733,18.9933
43,0,0,18.8526,8.564,2.5104,0.5719,0.3311,-15.2991,-18.5124,-2.011,83.5139
44,0,0,17.4236,10.8423,2.3946,0.5943,0.3525,-10.8824,7.3152,2.3674,18.9821
45,0,0,36.4858,9.4858,2.6596,0.6099,0.373,-9.6632,9.2725,-2.9336,1.3705
46,1,1,64.3679,28.65,3.6926,0.1435,0.0726,30.1102,29.1094,-13.8552,3.417
47,1,1,36.8508,19.8903,2.7697,0.3195,0.1878,24.3659,28.7091,-14.7895,60.3897
48,1,1,64.6119,21.9114,3.1087,0.2655,0.1382,-34.4541,19.7226,-10.6384,5.402
49,1,1,49.8805,25.0612,3.2717,0.1781,0.0944,-16.6487,34.2174,-12.1815,39.8357
50,1,1,17.3998,11.1244,2.415,0.55,0.275,-0.9991,6.1629,0.1948,33.5627
51,1,1,16.0964,10.9584,2.356,0.6872,0.4295,4.0339,-4.5897,8.8141,84.2938
52,1,1,21.4329,9.5412,2.3945,0.5927,0.3569,3.145,-15.0393,10.0636,20.7
53,1,1,56.3949,22.885,3.4192,0.2087,0.1061,31.2806,53.6087,-11.9653,3.4732
54,1,1,17.0991,10.6199,2.3118,0.6683,0.3927,3.4023,-7.5158,7.8709,31.951
55,1,1,28.7312,9.3927,2.5769,0.4715,0.2556,-35.263,-19.6186,6.1274,6.8387
56,1,1,69.675,31.6251,3.894,0.1257,0.0634,57.3539,57.6605,14.7282,1.649
57,1,1,48.5152,22.2848,3.3116,0.1922,0.11,33.4214,18.4291,13.8125,0.6261
58,1,1,48.4661,22.7264,2.953,0.3476,0.2033,31.5776,39.3133,24.8371,4.825
59,1,1,48.5197,14.857,2.6165,0.312,0.1705,-82.256,34.1182,9.3196,5.5783
60,1,1,34.6655,12.5733,2.5472,0.4113,0.2227,23.5384,11.9924,12.4028,6.9113
0,class,fLength,fWidth,fSize,fConc,fConc1,fAsym,fM3Long,fM3Trans,fAlpha,fDist
1,0,71.8731,9.8828,2.9972,0.3322,0.1917,68.358,64.4206,-5.8032,9.1396,198.356
2,0,29.7438,10.4525,2.49,0.5113,0.3058,35.4646,17.0366,-5.2362,85.8689,225.152
3,0,21.476,0.0027,2.1156,0.7586,0.4866,-0.9198,7.6359,-0.0001,74.132,216.08
4,0,31.9493,20.2841,2.6172,0.4191,0.2436,24.2925,18.1621,-10.3816,66.5278,250.636
5,0,16.8782,12.2498,2.2665,0.6139,0.3967,7.6683,4.1109,-7.1183,83.4539,147.2327
6,0,24.8845,3.7537,2.1058,0.6877,0.4019,37.7938,17.1743,7.323,41.0122,241.9691
7,0,23.835,8.7207,2.5838,0.6102,0.4289,12.2334,10.9073,-5.2063,10.689,116.492
8,0,42.7949,20.0162,2.6439,0.4336,0.2849,-35.4188,-34.2258,-4.4745,37.684,186.127
9,0,42.2743,8.8542,2.7664,0.375,0.2098,38.005,21.569,-4.858,81.6438,99.425
10,0,33.0512,10.0088,2.6415,0.4247,0.2317,26.9853,26.5446,7.1818,36.865,132.566
11,0,25.8127,10.4511,2.6149,0.4757,0.2852,-9.7627,-11.646,-5.8002,67.8393,220.149
12,0,177.8503,51.6826,3.3228,0.1573,0.0985,-69.2537,-157.2164,28.0462,17.1672,306.0614
13,0,81.0773,15.5949,3.0858,0.2544,0.1209,-114.6059,53.9917,18.0462,71.1621,284.4464
14,0,102.6265,52.2987,4.0465,0.1082,0.0486,-6.6532,-104.2975,-18.1388,50.9632,179.2722
15,0,11.9346,4.6845,2.1979,0.689,0.3354,6.9821,-0.5135,-10.0199,61.0924,56.1688
16,0,106.332,35.0174,2.7966,0.4505,0.2452,-38.1628,-115.38,23.3649,7.764,360.895
17,0,21.4171,6.9928,2.2317,0.6804,0.3548,25.2607,7.806,6.4124,82.3203,177.011
18,0,64.9047,17.0195,3.0108,0.2963,0.1865,-67.7745,38.9641,-10.478,45.6635,276.2082
19,0,140.1735,17.9349,2.9503,0.3898,0.2133,102.4029,108.1108,-17.2382,50.6208,127.1683
20,0,14.043,10.7514,2.0436,0.6881,0.3737,22.0147,-19.7615,7.6726,16.1747,225.9199
21,0,106.1228,35.7363,3.0275,0.3822,0.2044,73.3577,124.6383,-17.1377,84.007,14.5272
22,0,18.7485,0.6007,2.2685,0.7225,0.4474,-1.9626,-0.1305,-5.628,89.6541,210.2822
23,0,58.8849,6.1495,2.9987,0.3532,0.1792,75.8138,40.2106,2.1501,25.2695,237.1721
24,0,136.12,89.0053,4.1405,0.085,0.0463,36.7071,94.6803,67.067,67.661,365.658
25,0,13.0046,10.9848,2.1189,0.7529,0.4525,-14.1025,6.2012,9.7395,70.6543,175.459
26,0,29.1819,8.9596,2.5486,0.5994,0.3376,16.3719,14.6698,-4.0194,65.0487,91.7521
27,1,31.4905,16.8762,2.7738,0.3249,0.1793,2.3236,16.4636,-7.2886,16.575,167.5
28,1,25.7808,18.8246,2.4601,0.3466,0.1889,-3.9316,-21.6238,13.2634,3.0162,203.166
29,1,24.9502,15.7962,2.3434,0.4943,0.2834,14.997,-13.7489,-15.501,19.429,176.246
30,1,25.6508,15.2966,2.5871,0.3907,0.1979,-21.2081,16.4879,12.4784,64.2235,149.837
31,1,18.0787,10.2187,2.4082,0.6523,0.3613,20.8493,11.8441,5.8978,24.1656,139.102
32,1,29.4758,19.6459,2.6479,0.324,0.1631,-17.556,-22.844,-17.2351,33.685,112.306
33,1,59.415,20.7728,3.0326,0.2208,0.1109,32.1447,31.1649,-14.4489,6.807,241.735
34,1,57.1117,22.3814,3.0828,0.2083,0.1103,-55.2154,48.9989,-16.2457,10.734,280.705
35,1,19.8075,17.3821,2.6299,0.3962,0.2263,0.6957,-6.7164,6.4482,27.7967,53.1241
36,1,95.2333,31.0539,3.6055,0.1642,0.0924,57.7414,69.8347,-12.333,1.513,224.814
37,1,34.9959,19.3991,2.9151,0.2772,0.1429,9.4718,-14.2932,9.2871,6.89,203.512
38,1,37.8655,19.6985,3.0372,0.3185,0.1859,24.7356,31.5998,15.5272,0.759,161.449
39,1,23.8241,18.6198,2.4265,0.4195,0.2341,-15.176,-11.638,-10.6607,12.249,95.0414
40,1,50.0677,17.6383,2.8052,0.2443,0.1245,-69.2489,-33.4756,-12.1053,21.887,233.149
41,1,48.6307,22.8507,3.3797,0.2299,0.1191,48.98,42.1381,10.5273,6.54,109.076
42,1,21.1274,12.8924,2.3107,0.4401,0.2225,14.0438,5.7136,8.0066,74.343,205.18
43,1,32.705,8.2409,2.3493,0.519,0.2841,15.0278,-10.6992,9.3324,5.2825,224.76
44,1,22.08,12.6128,2.3149,0.4891,0.2688,-28.5828,-5.4348,-8.2889,9.168,242.705
45,1,30.3428,15.1581,2.6138,0.326,0.1764,3.335,10.3652,-6.7473,42.6194,76.4942
46,1,90.1049,22.951,3.1608,0.2272,0.1136,69.0797,92.7354,23.146,14.047,277.043
47,1,34.6908,11.2351,2.5004,0.3791,0.1975,-35.4735,21.2479,-7.7418,10.612,152.891
48,1,70.3213,17.4122,2.8567,0.3769,0.2385,-28.6538,42.7081,-11.8369,3.7836,312.673
49,1,13.2754,10.6408,2.2541,0.7855,0.4262,-14.4378,-3.5739,-11.7493,16.91,154.265
50,1,29.1879,15.5145,2.3802,0.4125,0.2062,38.4276,-9.0805,12.1028,19.1216,176.971
51,1,72.6176,17.1847,2.871,0.2355,0.1245,28.4387,65.415,-15.1871,6.9791,265.691
52,1,76.3542,25.8162,3.4768,0.1581,0.0799,58.4325,75.9297,-12.3111,9.308,161.4
53,1,27.273,15.1103,2.5132,0.4663,0.2439,11.0588,-17.2508,9.0608,21.3322,249.281
54,1,85.6371,28.8898,3.4044,0.199,0.1141,-35.8247,35.4987,21.9631,1.2469,325.385
55,1,39.2121,14.6739,2.9015,0.2811,0.1462,58.1025,22.7781,-9.4058,0.0872,195.33
56,1,39.4933,13.0682,2.6866,0.428,0.2562,10.1851,22.5587,-10.3842,10.878,225.025
57,1,21.1274,12.8924,2.3107,0.4401,0.2225,14.0438,5.7136,8.0066,74.343,205.18
58,1,32.705,8.2409,2.3493,0.519,0.2841,15.0278,-10.6992,9.3324,5.2825,224.76
59,1,22.08,12.6128,2.3149,0.4891,0.2688,-28.5828,-5.4348,-8.2889,9.168,242.705
60,1,30.3428,15.1581,2.6138,0.326,0.1764,3.335,10.3652,-6.7473,42.6194,76.4942
61,1,90.1049,22.951,3.1608,0.2272,0.1136,69.0797,92.7354,23.146,14.047,277.043
62,1,34.6908,11.2351,2.5004,0.3791,0.1975,-35.4735,21.2479,-7.7418,10.612,152.891
63,1,70.3213,17.4122,2.8567,0.3769,0.2385,-28.6538,42.7081,-11.8369,3.7836,312.673
64,1,13.2754,10.6408,2.2541,0.7855,0.4262,-14.4378,-3.5739,-11.7493,16.91,154.265
65,1,29.1879,15.5145,2.3802,0.4125,0.2062,38.4276,-9.0805,12.1028,19.1216,176.971
66,1,72.6176,17.1847,2.871,0.2355,0.1245,28.4387,65.415,-15.1871,6.9791,265.691
67,1,76.3542,25.8162,3.4768,0.1581,0.0799,58.4325,75.9297,-12.3111,9.308,161.4
68,1,27.273,15.1103,2.5132,0.4663,0.2439,11.0588,-17.2508,9.0608,21.3322,249.281
69,1,85.6371,28.8898,3.4044,0.199,0.1141,-35.8247,35.4987,21.9631,1.2469,325.385
70,1,39.2121,14.6739,2.9015,0.2811,0.1462,58.1025,22.7781,-9.4058,0.0872,195.33
71,1,39.4933,13.0682,2.6866,0.428,0.2562,10.1851,22.5587,-10.3842,10.878,225.025
72,1,21.1274,12.8924,2.3107,0.4401,0.2225,14.0438,5.7136,8.0066,74.343,205.18
73,1,32.705,8.2409,2.3493,0.519,0.2841,15.0278,-10.6992,9.3324,5.2825,224.76
74,1,22.08,12.6128,2.3149,0.4891,0.2688,-28.5828,-5.4348,-8.2889,9.168,242.705
75,1,30.3428,15.1581,2.6138,0.326,0.1764,3.335,10.3652,-6.7473,42.6194,76.4942
76,1,90.1049,22.951,3.1608,0.2272,0.1136,69.0797,92.7354,23.146,14.047,277.043
77,1,34.6908,11.2351,2.5004,0.3791,0.1975,-35.4735,21.2479,-7.7418,10.612,152.891
78,1,70.3213,17.4122,2.8567,0.3769,0.2385,-28.6538,42.7081,-11.8369,3.7836,312.673
79,1,13.2754,10.6408,2.2541,0.7855,0.4262,-14.4378,-3.5739,-11.7493,16.91,154.265
80,1,29.1879,15.5145,2.3802,0.4125,0.2062,38.4276,-9.0805,12.1028,19.1216,176.971
0,class,fLength:,fWidth:,fSize:,fConc:,fConc1:,fAsym:,fM3Long:,fM3Trans:,fAlpha:,fDist
1,0,98.1619,15.3418,3.1689,0.1776,0.0912,51.0349,58.9549,12.9075,86.1812,177.708
2,0,120.776,90.0659,4.306,0.0525,0.0277,63.2978,84.9067,-52.415,24.028,235.673
3,0,10.0268,6.354,2.7142,0.6274,0.3201,1.8377,0.4268,-7.5374,61.3248,177.7557
4,0,18.8172,12.7488,2.437,0.5265,0.2834,3.2467,-10.6101,9.0357,54.4112,232.895
5,0,41.1311,11.8766,2.9079,0.3387,0.1749,12.5308,15.5827,-6.2717,74.6525,83.9431
6,0,171.2088,15.6716,2.4783,0.3339,0.169,108.7198,159.1388,-9.209,85.4662,109.0539
7,0,177.3946,84.847,3.3416,0.1725,0.0988,-312.9195,-127.8297,80.7389,84.1682,302.2098
8,0,19.0658,9.7981,2.3424,0.6273,0.3614,-21.8739,-12.057,4.9351,86.4462,103.65
9,0,44.3821,14.2659,2.5481,0.3963,0.2076,-27.0316,-13.7545,-5.7008,48.3804,48.1001
10,0,61.6736,35.0896,3.1659,0.3031,0.1594,-5.9663,34.4763,-21.4243,17.1635,334.8951
11,0,29.6729,0,2.534,0.7602,0.4137,28.0699,27.6467,-0.0001,16.2676,185.497
12,0,172.216,49.5923,3.4387,0.2123,0.1138,-79.0928,-93.4855,47.6833,14.479,258.908
13,0,41.6722,10.9719,2.6375,0.3825,0.2039,-28.4726,21.7489,-7.2885,84.7483,244.127
14,0,36.8982,17.8886,2.8039,0.2514,0.1378,-24.2767,-22.5835,-11.9913,73.3871,213.9346
15,0,136.5573,81.9947,4.527,0.0523,0.0295,-72.1611,71.9257,-42.9565,33.9666,268.6196
16,1,23.5009,12.6917,2.3345,0.5741,0.3079,28.183,8.371,6.7424,21.192,133.585
17,1,24.7242,7.6865,2.3424,0.7091,0.4295,-14.0032,-19.4521,7.5515,24.6644,93.3278
18,1,18.0762,11.9477,2.4464,0.5868,0.3989,3.1824,-10.1699,-11.3148,20.997,130.658
19,1,37.9632,24.1878,2.8354,0.2264,0.1468,37.7066,19.804,14.8819,1.7101,186.551
20,1,21.5656,10.3079,2.2201,0.5723,0.3102,3.4724,-16.0468,7.0316,63.735,86.392
21,1,32.9581,20.8956,2.6498,0.3695,0.187,7.3153,-10.865,-11.5603,30.831,30.0166
22,1,66.2626,24.2483,3.3863,0.1734,0.0918,-24.1491,-15.5685,10.0983,1.022,262.055
23,1,36.599,11.0349,2.5949,0.3964,0.2046,45.302,28.3501,2.7126,11.1458,175.357
24,1,25.1694,14.5658,2.5871,0.401,0.2316,-15.8152,7.6412,9.6603,21.27,168.693
25,1,25.7294,18.3896,2.7501,0.4587,0.3102,22.7825,23.4762,8.6497,7.882,126.857
26,1,55.7546,18.3318,3.1534,0.2705,0.1626,-76.1022,45.9467,14.3961,3.628,285.788
27,1,92.3969,32.0819,3.6056,0.2118,0.1154,-1.3479,-15.8949,-20.5296,2.9756,340.26
28,1,40.9467,18.6686,2.8633,0.3151,0.1884,21.2334,38.4813,-6.4606,41.3483,139.811
29,1,23.4309,16.2197,2.5099,0.3895,0.2117,17.8344,12.6243,-12.1637,76.537,70.4519
30,1,81.5485,44.7793,3.2641,0.1475,0.0819,-96.0116,63.3259,-44.1655,7.057,246.976
0,class,fLength,fWidth,fSize,fConc,fConc1,fAsym,fM3Long,fM3Trans,fAlpha,fDist
1,0,0,35.6137,19.4724,2.757,0.294,0.1654,15.3924,30.6005,7.5152,83.468
2,0,0,35.4955,26.0494,2.8122,0.2943,0.1595,17.0426,22.5246,7.0038,72.543
3,0,0,84.6834,24.4595,2.7284,0.3554,0.2399,-51.9482,-71.9329,-16.2241,57.6423
4,0,0,27.7189,16.1679,2.8916,0.2721,0.147,-28.5232,-14.5037,16.93,30.2217
5,0,0,115.8466,27.736,3.3434,0.1905,0.1073,-123.2913,75.7279,-30.435,34.2794
6,0,0,23.1649,16.3238,2.6893,0.4438,0.2832,-19.9288,3.7574,12.97,12.968
7,0,0,47.5259,13.2385,2.906,0.2523,0.1379,41.8535,-32.4062,-8.002,45.1887
8,0,0,250.385,32.1462,3.0981,0.3558,0.2653,-180.608,-129.417,-24.0039,40.643
9,0,0,88.287,34.2164,3.2123,0.2024,0.1064,-114.63,48.8101,-30.404,38.32
10,0,0,18.4268,10.4534,2.1584,0.5625,0.309,23.275,9.8267,-3.2842,73.198
11,0,0,82.613,22.0932,3.0934,0.172,0.0854,1.2634,47.923,-8.3702,45.235
12,0,0,40.5346,11.8593,2.6929,0.3895,0.2467,-33.5647,-14.8694,-13.8941,80.686
13,0,0,177.368,151.703,3.5091,0.1654,0.0878,-140.203,-151.365,69.8459,0.0993
14,0,0,14.0316,11.136,2.556,0.7438,0.5229,2.6217,-5.858,-12.7751,25.5951
15,0,0,145.881,23.2215,2.637,0.406,0.2318,-142.994,-53.8782,18.5467,15.535
16,1,1,46.5607,17.0462,2.8231,0.2735,0.1405,14.027,-22.5308,-11.1103,81.589
17,1,1,72.3105,20.7811,3.049,0.2144,0.1184,-94.0293,46.8973,16.5033,0.064
18,1,1,21.5918,11.1856,2.1847,0.5686,0.2909,21.4828,19.5266,-9.7772,36.0879
19,1,1,23.7592,17.5794,2.49,0.4822,0.2443,5.8651,23.6746,13.9072,9.3392
20,1,1,42.0495,21.5449,2.9263,0.2346,0.1274,36.6507,17.4945,15.8748,5.655
21,1,1,58.3845,22.0406,3.2777,0.2422,0.1237,17.7287,63.6753,-9.4804,8.6072
22,1,1,81.7075,44.6295,3.7185,0.1939,0.1001,-55.9672,-55.2433,37.7286,8.9721
23,1,1,32.9755,17.0225,2.8092,0.3057,0.1575,-3.5034,21.2323,-7.2435,7.944
24,1,1,27.6964,16.9705,2.5605,0.3989,0.2022,-6.9001,19.1645,-12.8952,40.7357
25,1,1,21.0532,10.5069,2.2014,0.5597,0.3176,-5.7473,17.2358,-9.4586,2.989
26,1,1,34.546,20.8963,2.9157,0.2866,0.156,5.3318,28.0222,4.9595,3.103
27,1,1,19.5401,6.7686,2.2613,0.8274,0.4795,-18.5192,-15.1,4.1927,24.418
28,1,1,80.2574,22.0414,3.0671,0.2134,0.1101,-24.5504,70.873,15.4147,1.406
29,1,1,26.4593,18.108,2.6937,0.33,0.167,-24.6802,-18.5717,-11.002,2.407
30,1,1,48.3543,17.1386,3.0804,0.2975,0.1899,36.4247,35.0022,-13.894,6.4053
31,0,0,160.072,74.9644,3.4961,0.1726,0.1157,-199.787,-135.083,-89.147,31.7505
32,0,0,149.948,54.6444,4.3688,0.0584,0.031,66.553,116.5,-46.5113,26.043
33,0,0,24.5128,19.1032,2.6042,0.4527,0.2401,-2.0897,19.7944,-13.2641,51.46
34,0,0,121.6529,46.6521,3.1932,0.2566,0.1206,-32.6705,-113.3768,-37.3298,36.2947
35,0,0,32.0397,12.2173,2.6464,0.3928,0.2201,-8.2516,14.9634,8.6349,68.342
36,0,0,84.2891,58.8586,3.1847,0.1203,0.0605,63.6605,89.635,37.7878,39.6411
37,0,0,98.0108,12.9136,2.6781,0.6611,0.3746,-50.7918,-112.352,7.1329,67.2328
38,0,0,93.2473,27.8615,3.2058,0.2189,0.1279,-126.4139,51.7111,-21.9619,10.055
39,0,0,27.7999,17.5546,2.8014,0.3692,0.2107,6.9422,0.5586,-17.8538,30.583
40,0,0,20.8258,7.0223,2.4523,0.5816,0.3295,13.9772,-5.4278,9.4527,33.6243
41,0,0,20.7106,12.0267,2.4976,0.5183,0.2782,-0.8819,-6.5739,-10.4168,33.1494
42,0,0,43.2166,9.1758,2.8603,0.3697,0.1979,40.7602,-19.5877,4.3802,55.468
43,0,0,11.224,8.343,2.2414,0.7919,0.4605,-25.5303,-13.7668,6.7032,28.9657
44,0,0,20.7559,10.7539,2.3139,0.5825,0.3131,6.273,-17.5199,8.4671,68.268
45,0,0,29.7199,8.096,2.3856,0.5432,0.2984,34.6836,19.1109,-6.2016,74.889
46,1,1,84.4745,21.301,3.1755,0.2664,0.1392,-39.5699,61.0268,-6.2394,3.18
47,1,1,37.716,19.0122,2.8567,0.3658,0.194,30.0224,34.101,9.5223,21.8653
48,1,1,12.5887,11.8511,2.0626,0.7013,0.368,15.876,-8.6777,-10.4661,50.5733
49,1,1,23.3073,17.421,2.444,0.4532,0.2608,8.7773,4.4608,10.7805,2.7033
50,1,1,26.9946,14.0507,2.5658,0.5082,0.3193,-23.7921,-24.8184,10.334,5.7653
51,1,1,31.9332,26.6219,2.8645,0.3661,0.2029,17.7106,20.076,-11.752,49.979
52,1,1,36.5523,16.9929,2.7267,0.3265,0.1848,23.3593,18.5998,9.827,9.364
53,1,1,59.4409,21.1101,3.2783,0.1644,0.083,-13.7027,45.0604,11.0171,3.819
54,1,1,101.009,26.6843,3.3079,0.2175,0.1125,6.7121,57.664,-8.3432,2.6208
55,1,1,72.2077,27.4244,3.4805,0.1597,0.0802,74.7984,61.7693,-10.2314,2.545
56,1,1,38.2553,10.8926,2.586,0.4021,0.2218,40.9734,34.4629,-10.3535,1.2447
57,1,1,12.7643,11.5499,2.1021,0.7036,0.4071,-15.4037,9.2301,-0.5371,58.644
58,1,1,106.087,18.9681,2.9225,0.2104,0.1118,91.3772,114.887,-11.0818,2.801
59,1,1,35.92,21.2075,3.0284,0.2651,0.1382,-42.8118,-9.3284,-16.3204,5.5489
60,1,1,20.393,7.2693,2.0774,0.7197,0.3808,1.7435,-8.8963,5.6807,8.8679
61,0,0,75.792,50.073,3.5819,0.1016,0.067,-15.0232,-79.4235,-37.5449,0.6296
62,0,0,34.6963,10.9416,2.6716,0.4217,0.2503,-12.8514,-25.5179,7.244,82.5605
63,0,0,23.5333,22.3093,2.7553,0.4026,0.2584,12.1317,39.3143,15.1211,78.9234
64,0,0,45.6988,11.545,2.5459,0.3807,0.2012,19.399,15.2565,-2.4373,40.9735
65,0,0,101.534,19.5152,3.1865,0.1907,0.0993,-5.296,-59.3273,9.3474,16.114
66,0,0,126.397,56.7218,3.2597,0.1232,0.0619,79.3009,115.737,-38.7469,4.2599
67,0,0,146.867,43.4848,3.2927,0.2839,0.1455,-128.228,-100.919,-34.7371,39.9463
68,0,0,114.941,36.0681,2.934,0.3818,0.1915,-44.7372,-104.586,-26.7291,31.7734
69,0,0,21.5205,11.0824,2.2656,0.6232,0.4064,-19.0913,-22.3361,-6.5869,0.2671
70,0,0,16.5057,13.608,2.2253,0.5356,0.3059,4.893,-28.4937,8.8944,11.851
71,0,0,121.638,47.1142,4.2662,0.0632,0.0319,-73.448,-92.407,-31.005,6.2392
72,0,0,118.1155,27.9996,2.8093,0.3457,0.2161,-136.5525,97.337,24.5883,7.7543
73,0,0,67.6087,26.6783,2.632,0.3851,0.2462,-56.6298,-57.9631,19.8064,79.6662
74,0,0,91.736,20.9687,3.0658,0.2101,0.1195,-53.6447,65.2706,10.7555,9.7456
75,0,0,24.9186,11.0606,2.3953,0.5875,0.3159,-7.1973,-10.9342,11.4977,42.775
76,1,1,36.5605,14.4003,2.7731,0.344,0.1981,17.7118,35.4336,-4.3761,11.288
0,0,128.652,62.179,3.5485,0.1202,0.068,-12.2082,80.0568,53.1531,87.534,232.057
0,0,129.6318,48.4755,3.6675,0.1685,0.1194,-153.1131,-124.5747,45.5892,5.3168,378.5201
0,0,103.986,88.3068,3.7911,0.0891,0.0446,-20.9427,73.417,32.6773,55.2066,52.3304
0,0,190.003,57.3551,3.5334,0.1107,0.0572,-173.461,-93.0602,-54.503,75.7876,243.901
0,0,26.2932,10.4593,2.5226,0.6726,0.3524,0.6667,7.502,15.2031,4.245,130.4822
0,0,28.37,13.9436,2.6532,0.4193,0.2184,9.5338,17.5741,-7.0825,69.3172,229.2602
0,0,52.8767,23.3007,2.8204,0.3818,0.2282,-43.407,-58.1796,-11.1804,42.2004,33.924
0,0,68.5513,12.418,2.6742,0.2664,0.1147,16.2009,58.9233,4.1013,33.8445,152.9144
0,0,26.7491,15.7483,2.5384,0.4052,0.2388,36.8381,10.5625,-14.7727,47.68,235.199
0,0,19.1293,9.7873,2.5052,0.5095,0.4111,14.103,16.4198,-6.3058,22.7049,182.0043
0,0,101.9251,74.4911,3.0479,0.1488,0.0852,-99.4857,-94.8429,-89.9773,1.8264,217.6671
0,0,19.9465,11.8242,2.6196,0.569,0.3589,18.3571,15.2025,8.1761,7.385,184.064
0,0,199.2583,77.0995,3.28,0.1646,0.1095,-255.8119,149.5179,37.8952,68.4182,248.5969
0,0,24.8831,12.3282,2.4132,0.4893,0.2782,29.306,15.2402,-3.1753,87.4535,174.1535
0,0,101.462,17.5033,3.2062,0.2451,0.1428,-95.0549,80.2234,-7.1155,22.298,332.449
1,1,24.8255,20.325,2.6243,0.3682,0.1888,24.3124,19.1442,13.3237,18.5575,180.752
1,1,27.518,10.6219,2.5453,0.5071,0.255,36.8135,8.5384,6.3812,6.1065,167.716
1,1,27.2175,7.037,2.2405,0.5805,0.3247,-11.3626,-12.041,3.5256,44.767,184.494
1,1,48.1464,13.6477,2.5883,0.4258,0.2619,49.9744,41.4617,-12.3916,8.55,230.864
1,1,13.4325,10.2771,2.2082,0.805,0.4365,-14.2962,-5.126,11.7857,67.16,49.5555
1,1,32.4488,10.7041,2.3233,0.5083,0.3017,39.8096,-3.8169,4.3102,14.539,233.384
1,1,46.0188,24.7602,3.4715,0.1854,0.0947,25.2273,31.5945,18.3064,14.916,229.318
1,1,33.8279,21.1245,2.4778,0.3594,0.188,-16.7273,-24.0378,13.1486,20.2701,197.505
1,1,41.5842,21.3329,2.9044,0.2928,0.1576,24.6774,8.9112,-2.0409,6.377,203.524
1,1,22.7928,12.7685,2.3253,0.4775,0.2388,1.5677,-11.1945,3.0901,8.78,105.52
1,1,16.6056,11.4797,2.233,0.5906,0.3304,0.8373,-4.8092,-5.6688,45.0711,257.161
1,1,45.8448,25.5516,3.1402,0.1926,0.1162,69.452,23.7428,12.6999,0.8053,189.467
1,1,61.8286,16.2637,2.7969,0.34,0.2083,16.5025,55.5797,-12.1978,19.1036,252.635
1,1,59.817,14.838,2.8808,0.3132,0.1678,-110.45,53.9825,12.1712,5.235,289.536
1,1,47.027,17.9904,2.641,0.3406,0.1771,59.4194,-19.5435,-12.2521,0.5398,196.901
0,0,25.6262,13.4525,2.6973,0.422,0.2484,-19.6727,-17.0353,-10.1324,84.681,185.9108
0,0,78.7351,35.2467,3.0993,0.179,0.0959,70.8477,50.6895,-22.2616,27.524,180.247
0,0,71.5814,37.0807,3.0243,0.3102,0.1603,-117.972,73.8767,25.2845,13.14,223.778
0,0,26.2027,7.1995,2.2765,0.6138,0.3201,-9.4944,-12.3954,2.6426,80.0288,173.5
0,0,193.626,65.3719,3.8653,0.144,0.0787,-179.44,-236.906,32.3478,21.347,354.823
0,0,19.2963,19.039,2.4526,0.4749,0.2592,-6.6629,-18.1211,10.6565,86.5376,205.2974
0,0,46.3507,18.0768,3.0999,0.242,0.1448,5.7083,-47.2159,-14.1545,67.3162,234.0607
0,0,64.5742,23.7415,2.5553,0.452,0.2968,-68.8607,-32.0465,-19.1409,62.084,110.0995
0,0,201.588,73.0943,3.4777,0.1821,0.092,-194.567,-82.46,59.7483,83.6042,257.416
0,0,18.544,10.1643,2.3729,0.6186,0.3453,-21.9272,-11.4336,-5.0737,17.2844,166.498
0,0,71.1308,51.5757,3.4778,0.1305,0.0774,26.0752,66.8792,-39.0262,20.3295,262.774
0,0,40.2526,15.3646,2.8618,0.2529,0.1419,-34.0157,16.8333,-10.1782,73.9986,233.5299
0,0,33.6829,13.7175,2.479,0.5384,0.3162,-18.3848,-27.1897,9.6206,86.7287,224.7018
0,0,89.4076,27.2539,3.1149,0.1481,0.0741,-68.8599,-86.9093,-18.1134,61.152,201.385
0,0,113.469,52.1189,3.7105,0.1876,0.0967,-82.2994,-122.104,-58.8125,16.31,263.143
1,1,17.8221,10.7634,2.2068,0.5714,0.3012,22.9165,9.5784,-3.7268,23.8976,110.593
1,1,65.7726,28.8034,3.5273,0.2729,0.1418,-15.5646,44.5275,-11.9568,3.8848,321.626
1,1,21.295,16.3565,2.6015,0.433,0.229,-11.1212,10.2831,-11.6914,12.4043,80.0502
1,1,30.3706,20.1588,2.5711,0.2926,0.1597,1.1567,-13.1034,17.4626,60.7795,263.98
1,1,103.371,26.0372,3.3158,0.2214,0.151,-27.4241,64.8368,13.7504,6.884,312.805
1,1,19.6809,9.5937,2.2455,0.5909,0.3608,22.5857,11.9174,1.7411,0.018,126.508
1,1,20.8748,10.015,2.4378,0.5766,0.3595,-4.036,15.6924,-9.3417,47.878,113.65
1,1,40.5198,9.3271,2.4601,0.5615,0.3484,39.4881,34.2152,5.4705,0.8525,195.313
1,1,42.7816,16.8095,2.9535,0.2649,0.1564,-23.6508,-32.4638,5.703,12.88,113.583
1,1,38.7094,23.9015,3.0149,0.2599,0.1464,-5.9509,38.9864,-15.8542,4.65,159.414
1,1,78.5819,20.0958,3.0137,0.1531,0.079,13.815,62.8954,-11.0144,4.067,199.864
1,1,56.5201,12.8995,2.3766,0.4244,0.2248,55.0485,41.577,-6.8586,7.327,159.928
1,1,12.8462,11.4618,2.2,0.7319,0.3943,-15.1677,7.1055,-11.115,60.268,47.7054
1,1,32.5175,20.2779,2.7828,0.3479,0.2003,-3.0618,-21.3123,16.818,13.229,134.954
1,1,73.1549,24.0524,3.5849,0.2034,0.114,-75.8154,54.52,12.0307,0.3485,254.455
0,class,fLength,fWidth,fSize,fConc,fConc1,fAsym,fM3Long,fM3Trans,fAlpha,fDist
1,0,35.6691,6.6921,2.6051,0.5499,0.3726,-1.0422,22.2065,-1.7502,19.8835,124.4082
2,0,32.8184,11.3792,2.4097,0.5191,0.262,-25.9233,-17.1332,-2.9906,67.2362,66.1128
3,0,148.9539,59.0483,3.4519,0.0823,0.0735,58.9605,109.8846,53.862,17.6832,209.8302
4,0,21.5754,17.5105,2.6471,0.4876,0.3473,14.1549,9.9967,-17.9436,18.4844,195.2031
5,0,129.058,39.874,3.0599,0.2178,0.1346,-192.543,110.472,-40.6782,36.961,263.567
6,0,17.9003,10.3235,2.3766,0.7143,0.4433,-7.1192,14.674,-5.4557,71.226,110.134
7,0,150.773,14.7692,2.6547,0.4142,0.2514,-67.104,-157.101,10.3759,25.6371,162.925
8,0,65.438,12.0197,3.0894,0.2735,0.1551,31.3546,43.3469,9.0954,22.658,77.4984
9,0,31.3675,8.4352,2.499,0.4881,0.29,9.8845,22.6955,9.8578,79.123,193.515
10,0,24.3356,12.2325,2.5105,0.466,0.2731,8.4297,16.1253,5.8151,81.6645,142.984
11,0,88.094,24.7104,2.6707,0.4141,0.2529,-32.9428,-106.863,16.7336,12.3715,106.37
12,0,23.8526,7.2392,2.4249,0.688,0.4605,-7.8245,-16.9932,5.2628,67.4357,212.84
13,0,121.289,35.3162,3.2188,0.1474,0.0873,-82.2599,-103.834,-9.1555,62.234,179.875
14,0,74.0906,23.1378,3.066,0.2526,0.1349,43.5653,70.0424,10.7699,2.0336,250.0983
15,0,85.7777,23.85,2.7803,0.4615,0.2803,-17.2767,-106.5174,-10.2017,26.992,206.0471
16,1,45.629,25.0567,3.1189,0.1871,0.1106,40.8972,-20.7079,-11.99,1.198,207.976
17,1,86.4015,30.646,3.6466,0.1771,0.0983,-74.6932,50.0957,17.1267,4.1261,287.023
18,1,22.6202,16.4216,2.42,0.4259,0.2529,12.7134,8.7507,12.0121,36.448,166.491
19,1,86.7619,16.6586,2.9991,0.2725,0.1618,-54.7479,40.5963,14.6462,5.057,285.249
20,1,18.9645,12.9814,2.527,0.523,0.3105,10.1536,12.8059,4.7404,18.749,187.018
21,1,45.9965,24.8466,3.1707,0.1978,0.1077,36.9478,31.616,11.2067,9.911,115.887
22,1,33.2899,19.0664,2.8319,0.2975,0.1672,-8.9952,18.6582,-10.9033,14.19,215.749
23,1,61.2981,14.415,2.7563,0.3681,0.2726,66.8466,44.085,-13.2788,21.895,202.806
24,1,77.8804,29.8274,3.7988,0.1313,0.0699,18.5903,62.4938,21.6046,2.4966,251.288
25,1,99.105,43.0125,4.0978,0.0933,0.0481,-49.5231,78.408,27.7475,0.365,290.201
26,1,59.9538,18.622,3.138,0.2693,0.1372,21.6937,45.529,13.3787,4.604,236.668
27,1,24.2239,0,2.2028,0.6771,0.348,0,0,-5.4495,90,90.1881
28,1,43.2456,35.685,3.4692,0.1599,0.0844,5.5244,37.2119,19.9618,11.8193,128.238
29,1,36.4288,32.6215,3.4793,0.2149,0.109,30.2361,23.0286,22.4956,43.6107,102.899
30,1,29.9919,15.2295,2.6875,0.3881,0.2351,33.7809,24.3796,4.6567,4.0005,183.542
31,0,198.055,42.5451,3.6965,0.2037,0.1079,-233.715,-128.744,27.0634,57.052,362.617
32,0,30.4077,9.7338,2.3901,0.4562,0.2301,43.327,6.6668,11.7586,38.5799,171.75
33,0,77.9995,33.1959,3.3133,0.2265,0.1349,-93.1279,-50.7276,26.5454,23.549,301.746
34,0,45.1856,10.1658,2.6716,0.5069,0.295,-28.9939,-36.0296,-10.2717,79.582,205.317
35,0,17.6021,9.474,2.48,0.702,0.5017,6.0734,-13.1921,-9.8941,11.993,137.412
36,0,54.1708,9.4098,2.5176,0.5001,0.2612,-44.8802,-39.1047,8.5896,35.8524,120.0867
37,0,13.1139,10.1463,2.3021,0.798,0.5212,12.3715,7.3292,-10.0515,9.4104,238.388
38,0,31.1642,16.2665,2.4807,0.3537,0.1802,22.2594,16.9782,-17.1011,45.2025,215.127
39,0,36.045,17.1907,2.4764,0.3539,0.1953,2.1024,27.4065,12.6208,60.1685,217.647
40,0,29.9448,10.7167,2.4338,0.5562,0.3223,36.6631,-7.77,-7.6601,79.772,185.495
41,0,16.2619,12.1167,2.5951,0.5579,0.3602,18.9248,18.9639,-11.2498,9.3681,147.8869
42,0,23.797,10.4807,2.3771,0.6709,0.3789,-20.6074,-6.1956,-11.2678,41.9365,205.1576
43,0,97.9934,40.8371,3.1827,0.1393,0.0703,-125.432,-66.7,40.2406,74.9474,211.4398
44,0,25.3322,16.9211,2.5082,0.4192,0.2526,-5.9069,-32.5723,10.034,47.0068,93.6291
45,0,74.4358,18.5317,2.737,0.5031,0.2855,-69.1491,-61.9299,22.6009,17.3395,281.4725
46,1,24.4953,9.0016,2.3927,0.6194,0.3583,29.6978,-11.4657,10.2695,5.0927,119.492
47,1,21.7287,11.3452,2.3598,0.5939,0.3079,20.9225,20.1144,-9.904,35.7407,75.258
48,1,43.0627,24.468,3.1593,0.2432,0.1452,5.9946,-36.3161,9.428,2.85,188.651
49,1,19.4673,16.8653,2.5198,0.4471,0.2492,-13.5088,-8.5647,-13.5762,24.663,201.263
50,1,21.3638,7.0174,2.1383,0.6764,0.3455,-25.6246,-6.1481,-6.3851,17.5411,82.2575
51,1,43.1994,17.501,2.8011,0.2735,0.1431,44.9467,40.3342,-4.6509,7.6914,154.427
52,1,78.4224,26.329,3.2497,0.2555,0.1404,-11.4299,59.9389,-20.0915,1.9214,318.829
53,1,68.3993,14.9059,2.889,0.377,0.2072,-86.9664,64.793,-8.5827,1.651,254.099
54,1,105.761,19.9587,2.7404,0.3018,0.1591,-122.144,87.7162,-21.8647,7.614,241.405
55,1,22.3943,19.3554,2.5971,0.4298,0.2491,-1.6894,-20.0166,-14.6051,55.884,44.9015
56,1,16.9257,11.0041,2.2625,0.6339,0.3579,-3.5048,7.9115,7.2225,88.6483,167.322
57,1,41.1061,17.0662,2.8633,0.3548,0.1842,7.2919,23.4627,13.8284,0.4014,217.195
58,1,20.1393,7.3303,2.0394,0.7215,0.3973,-1.3678,7.9287,5.4482,48.746,113.817
59,1,24.1656,15.57,2.7037,0.4233,0.2443,1.7883,19.2392,7.2629,69.3668,49.7173
60,1,68.0656,24.9571,3.2241,0.1689,0.0874,-80.3767,-33.9962,-15.6621,8.0874,257.71
61,0,12.9646,11.1786,2.3395,0.746,0.4279,-14.6129,6.8501,10.4739,78.703,239.501
62,0,60.2546,29.7746,3.1714,0.2871,0.156,-70.3638,-25.7822,-26.9379,24.115,157.369
63,0,19.0211,5.8521,2.357,0.8615,0.6264,13.6638,18.7067,4.8082,21.155,223.314
64,0,39.6908,7.4277,2.8757,0.3713,0.2428,19.2934,42.8343,-5.0365,0.9875,135.536
65,0,24.6666,13.887,2.5776,0.566,0.2797,18.4098,18.1168,-9.3737,83.6963,206.77
66,0,245.594,136.723,3.4852,0.1325,0.0731,-216.55,-168.707,127.685,21.555,121.957
67,0,96.8711,41.8272,3.3396,0.1693,0.0881,90.8604,86.5498,-24.3551,58.5794,297.277
68,0,41.188,8.7842,2.8172,0.5072,0.3191,12.6751,30.7532,-2.4186,15.6484,200.298
69,0,42.2919,12.2386,2.6347,0.367,0.2143,25.2819,36.0425,5.9391,24.6072,265.7389
70,0,23.3769,12.8019,2.5804,0.5709,0.3218,-3.8158,-11.0518,7.827,65.5775,155.0392
71,0,31.0867,8.1617,2.5441,0.7558,0.6283,-17.7821,-28.519,-7.0592,2.643,293.1816
72,0,239.756,88.076,3.6011,0.1195,0.0618,-207.103,-274.828,55.9615,17.882,283.184
73,0,33.7801,14.7812,2.4378,0.4526,0.2646,-34.2524,-19.3872,-10.7488,66.755,144.69
74,0,141.116,91.1161,4.3983,0.0689,0.0369,51.6487,-39.22,-56.5658,87.1467,378.702
75,0,141.6016,72.8248,3.9616,0.1071,0.0573,-12.0544,-69.1813,-24.9297,81.6422,407.1576
76,1,28.6836,12.2316,2.4698,0.4203,0.2153,33.5127,23.8686,9.5612,40.8052,60.8276
77,1,30.9546,17.8453,2.5775,0.3942,0.2235,26.4283,26.8179,10.6407,6.837,133.58
78,1,34.7943,21.5846,2.7771,0.3258,0.2097,-8.1357,14.9949,-15.5638,42.3246,161.145
79,1,17.8722,17.5257,2.3829,0.4679,0.234,19.6102,18.2394,-8.558,48.694,250.228
80,1,85.9865,43.4833,3.7753,0.1394,0.0731,-38.9823,69.3781,27.3208,0.3985,291.03
81,1,17.9766,12.7049,2.4108,0.567,0.3398,2.1079,-9.2332,-9.5437,38.495,138.628
0,0,16.8922,5.5166,2.4218,0.8535,0.428,-8.6806,14.0333,-1.5097,80.4352,169.9768
0,class,fLength,fWidth,fSize,fConc,fConc1,fAsym,fM3Long,fM3Trans,fAlpha,fDist
1,0,19.5827,6.7639,2.5994,0.6487,0.3393,13.4849,16.0028,5.8857,16.8523,182.4152
2,0,79.4345,11.5257,3.1433,0.2408,0.1219,33.5341,39.966,-10.3594,15.9883,160.674
3,0,48.6294,15.5835,3.0432,0.3324,0.1861,35.9226,50.1272,-4.3105,71.1767,140.79
4,0,231.2198,41.703,3.7221,0.1121,0.0339,-239.171,-108.2891,-20.4242,75.7118,205.084
5,0,32.7936,19.1407,2.6239,0.5007,0.2995,-12.9695,22.3997,-14.828,89.9076,225.9122
6,0,137.79,35.1898,3.5393,0.1089,0.0637,-58.2819,84.2169,-29.2239,17.4671,266.17
7,0,28.2532,8.3321,2.6946,0.3819,0.2672,23.4065,31.8361,11.9332,37.0871,241.0948
8,0,110.714,26.8312,3.2212,0.1856,0.1247,-158.0625,73.2259,21.2864,9.3725,281.8795
9,0,25.9342,16.1378,2.5599,0.4969,0.3631,6.9807,11.5668,-10.976,43.2059,217.8361
10,0,30.2099,9.4568,2.6522,0.49,0.3241,-4.7695,20.2562,4.2779,37.396,134.895
11,0,111.9952,45.1453,3.404,0.1537,0.1037,-50.4459,-22.8583,32.3416,45.9324,63.8148
12,0,64.8532,9.4141,2.4339,0.381,0.1816,-55.7464,32.7365,8.3127,89.717,185.5904
13,0,23.9604,12.8211,2.567,0.4201,0.2344,21.1438,11.9696,-6.8281,8.4918,202.648
14,0,11.6825,0.6564,2.4734,0.648,0.3579,-7.2487,3.3382,-7.9869,34.996,208.97
15,0,56.5578,48.6038,3.2653,0.1596,0.0915,-6.4467,-43.9431,-36.0663,57.104,40.7657
16,1,35.5608,22.0269,3.2682,0.2232,0.1151,-24.1238,-15.5748,8.6244,0.5877,183.182
17,1,96.4889,21.011,3.0228,0.2334,0.1295,-162.315,86.0683,16.2632,1.765,237.11
18,1,22.3018,12.3422,2.3811,0.5073,0.2765,0.243,-7.59,-5.7494,9.809,156.321
19,1,20.7706,7.0894,2.0881,0.7347,0.3878,-23.0042,-11.9469,-5.953,19.8866,143.924
20,1,64.0613,18.4695,2.9042,0.3304,0.1677,44.0004,51.9431,-11.6402,5.813,288.478
21,1,64.3699,20.7244,3.2195,0.2232,0.1258,-93.2575,41.7337,14.056,3.675,237.681
22,1,33.4169,18.026,2.8882,0.2652,0.1378,-35.9719,14.7763,-9.0004,15.821,157.306
23,1,50.9163,14.3502,2.8205,0.2298,0.1172,40.1935,24.662,8.1326,1.603,236.838
24,1,45.6239,17.151,3.0269,0.2481,0.1245,20.786,36.879,-8.153,6.262,150.746
25,1,55.0304,26.4331,2.8287,0.2953,0.155,-67.7377,27.1398,-16.1175,8.2667,274.001
26,1,29.4713,13.4156,2.42,0.3878,0.2034,-19.3592,18.1788,-9.9381,1.643,147.592
27,1,25.7471,16.467,2.541,0.3942,0.1971,20.0279,13.593,-14.6255,28.4117,134.837
28,1,71.4886,23.9922,3.2861,0.2111,0.1079,-46.5365,54.7414,-17.1485,3.3555,283.428
29,1,30.9994,13.5465,2.6004,0.3814,0.2171,39.586,24.7028,12.0246,53.453,71.1621
30,1,34.7766,13.5516,2.5328,0.4809,0.3065,10.1165,32.6737,-10.5041,15.0744,161.569
31,0,21.4121,10.1034,2.6973,0.6035,0.3636,9.5296,15.2403,7.5898,16.3763,118.05
32,0,17.9171,10.7729,2.5184,0.6905,0.4186,6.713,9.8405,-1.586,2.335,187.5844
33,0,177.8882,59.1349,3.9456,0.0736,0.0557,-208.5682,-127.6361,38.8133,88.9903,263.9121
34,0,60.5409,14.2346,2.917,0.2978,0.1544,-59.3082,-11.6876,2.9627,87.738,139.354
35,0,58.8994,33.1739,3.3875,0.1545,0.0908,-50.7158,-39.1077,-19.6905,61.522,239.537
36,0,121.318,79.1487,3.4017,0.1737,0.1025,-105.575,83.9258,60.6649,22.472,233.801
37,0,104.4053,94.4102,3.2125,0.1871,0.0823,-96.8418,69.9405,116.7052,61.1733,232.1963
38,0,22.1815,7.3637,2.4922,0.797,0.4865,4.3987,-9.5286,-7.9688,82.0983,240.7557
39,0,83.643,14.7924,2.7118,0.3786,0.2087,102.715,-45.0664,15.0877,47.7477,156.553
40,0,59.349,29.9655,2.9899,0.1822,0.0947,-9.1413,50.3214,-19.2936,70.587,217.53
41,0,64.9471,26.449,2.5741,0.3911,0.2039,37.2447,80.4606,-19.5332,8.6118,238.6039
42,0,236.715,92.616,3.52,0.1015,0.0539,-321.209,122.712,-89.4731,25.7824,71.289
43,0,86.395,14.545,2.7072,0.3194,0.1716,-96.5502,67.2617,-11.3798,88.2406,235.8532
44,0,21.8539,6.9876,2.77,0.6454,0.4058,41.9834,-15.6775,1.1456,45.9537,77.4601
45,0,27.1345,19.0654,2.7578,0.4559,0.2332,16.2612,23.4228,18.5581,69.6684,240.234
46,1,75.5072,25.994,3.4212,0.2457,0.1598,-48.7551,74.3902,15.5433,4.096,291.434
47,1,24.0688,16.5052,2.5065,0.4611,0.2321,9.2041,22.983,-14.9769,33.4211,195.517
48,1,113.421,32.4801,3.5739,0.1752,0.1058,-62.0495,68.1213,21.933,0.837,268.427
49,1,21.034,7.0887,2.1889,0.7055,0.3657,-24.2465,-10.1613,-6.1728,66.1205,140.607
50,1,53.9679,25.405,3.0243,0.2175,0.1121,16.7438,50.671,-11.1705,8.986,261.066
